id,dev_type,login
0,ml,dev_0
1,web,dev_1
2,ml,dev_2
3,web,dev_3
4,ml,dev_4
5,web,dev_5
6,ml,dev_6
7,web,dev_7
8,web,dev_8
9,ml,dev_9
10,ml,dev_10
11,ml,dev_11
12,ml,dev_12
13,web,dev_13
14,ml,dev_14
15,web,dev_15
16,web,dev_16
17,web,dev_17
18,web,dev_18
19,ml,dev_19
20,ml,dev_20
21,web,dev_21
22,web,dev_22
23,web,dev_23
24,web,dev_24
25,ml,dev_25
26,web,dev_26
27,ml,dev_27
28,web,dev_28
29,web,dev_29
30,web,dev_30
31,web,dev_31
32,web,dev_32
33,ml,dev_33
34,web,dev_34
35,ml,dev_35
36,ml,dev_36
37,web,dev_37
38,ml,dev_38
39,ml,dev_39
40,ml,dev_40
41,ml,dev_41
42,ml,dev_42
43,web,dev_43
44,ml,dev_44
45,web,dev_45
46,web,dev_46
47,web,dev_47
48,ml,dev_48
49,ml,dev_49
50,ml,dev_50
51,ml,dev_51
52,ml,dev_52
53,ml,dev_53
54,ml,dev_54
55,web,dev_55
56,ml,dev_56
57,web,dev_57
58,web,dev_58
59,ml,dev_59
60,ml,dev_60
61,web,dev_61
62,ml,dev_62
63,ml,dev_63
64,web,dev_64
65,web,dev_65
66,web,dev_66
67,ml,dev_67
68,web,dev_68
69,ml,dev_69
70,web,dev_70
71,ml,dev_71
72,web,dev_72
73,web,dev_73
74,web,dev_74
75,web,dev_75
76,ml,dev_76
77,ml,dev_77
78,web,dev_78
79,web,dev_79
80,web,dev_80
81,web,dev_81
82,ml,dev_82
83,web,dev_83
84,web,dev_84
85,web,dev_85
86,web,dev_86
87,web,dev_87
88,ml,dev_88
89,ml,dev_89
90,ml,dev_90
91,ml,dev_91
92,ml,dev_92
93,web,dev_93
94,web,dev_94
95,web,dev_95
96,ml,dev_96
97,ml,dev_97
98,ml,dev_98
99,web,dev_99
100,web,dev_100
101,ml,dev_101
102,ml,dev_102
103,ml,dev_103
104,ml,dev_104
105,web,dev_105
106,web,dev_106
107,ml,dev_107
108,web,dev_108
109,web,dev_109
110,ml,dev_110
111,ml,dev_111
112,web,dev_112
113,web,dev_113
114,web,dev_114
115,ml,dev_115
116,web,dev_116
117,ml,dev_117
118,web,dev_118
119,web,dev_119
120,ml,dev_120
121,ml,dev_121
122,web,dev_122
123,ml,dev_123
124,web,dev_124
125,web,dev_125
126,ml,dev_126
127,ml,dev_127
128,ml,dev_128
129,web,dev_129
130,ml,dev_130
131,web,dev_131
132,ml,dev_132
133,web,dev_133
134,web,dev_134
135,ml,dev_135
136,ml,dev_136
137,ml,dev_137
138,web,dev_138
139,ml,dev_139
140,web,dev_140
141,ml,dev_141
142,ml,dev_142
143,web,dev_143
144,ml,dev_144
145,ml,dev_145
146,web,dev_146
147,web,dev_147
148,ml,dev_148
149,ml,dev_149
150,web,dev_150
151,web,dev_151
152,ml,dev_152
153,ml,dev_153
154,ml,dev_154
155,ml,dev_155
156,ml,dev_156
157,web,dev_157
158,ml,dev_158
159,ml,dev_159
160,ml,dev_160
161,web,dev_161
162,web,dev_162
163,web,dev_163
164,web,dev_164
165,ml,dev_165
166,ml,dev_166
167,ml,dev_167
168,web,dev_168
169,web,dev_169
170,ml,dev_170
171,ml,dev_171
172,ml,dev_172
173,ml,dev_173
174,web,dev_174
175,ml,dev_175
176,ml,dev_176
177,web,dev_177
178,web,dev_178
179,web,dev_179
180,web,dev_180
181,ml,dev_181
182,web,dev_182
183,web,dev_183
184,ml,dev_184
185,ml,dev_185
186,ml,dev_186
187,web,dev_187
188,web,dev_188
189,web,dev_189
190,web,dev_190
191,ml,dev_191
192,web,dev_192
193,web,dev_193
194,ml,dev_194
195,ml,dev_195
196,web,dev_196
197,ml,dev_197
198,web,dev_198
199,web,dev_199
200,web,dev_200
201,web,dev_201
202,ml,dev_202
203,ml,dev_203
204,ml,dev_204
205,web,dev_205
206,web,dev_206
207,ml,dev_207
208,web,dev_208
209,ml,dev_209
210,web,dev_210
211,ml,dev_211
212,web,dev_212
213,web,dev_213
214,web,dev_214
215,web,dev_215
216,web,dev_216
217,ml,dev_217
218,web,dev_218
219,web,dev_219
220,web,dev_220
221,web,dev_221
222,web,dev_222
223,ml,dev_223
224,web,dev_224
225,web,dev_225
226,web,dev_226
227,web,dev_227
228,web,dev_228
229,web,dev_229
230,web,dev_230
231,ml,dev_231
232,web,dev_232
233,web,dev_233
234,web,dev_234
235,ml,dev_235
236,ml,dev_236
237,ml,dev_237
238,ml,dev_238
239,web,dev_239
240,ml,dev_240
241,web,dev_241
242,web,dev_242
243,ml,dev_243
244,ml,dev_244
245,web,dev_245
246,ml,dev_246
247,web,dev_247
248,web,dev_248
249,ml,dev_249
250,ml,dev_250
251,ml,dev_251
252,ml,dev_252
253,ml,dev_253
254,ml,dev_254
255,ml,dev_255
256,web,dev_256
257,web,dev_257
258,web,dev_258
259,web,dev_259
260,ml,dev_260
261,web,dev_261
262,web,dev_262
263,web,dev_263
264,ml,dev_264
265,ml,dev_265
266,ml,dev_266
267,web,dev_267
268,web,dev_268
269,web,dev_269
270,ml,dev_270
271,web,dev_271
272,web,dev_272
273,web,dev_273
274,ml,dev_274
275,web,dev_275
276,web,dev_276
277,ml,dev_277
278,web,dev_278
279,ml,dev_279
280,web,dev_280
281,web,dev_281
282,web,dev_282
283,ml,dev_283
284,web,dev_284
285,web,dev_285
286,ml,dev_286
287,web,dev_287
288,web,dev_288
289,ml,dev_289
290,web,dev_290
291,ml,dev_291
292,ml,dev_292
293,ml,dev_293
294,web,dev_294
295,ml,dev_295
296,ml,dev_296
297,web,dev_297
298,ml,dev_298
299,web,dev_299
300,ml,dev_300
301,web,dev_301
302,ml,dev_302
303,ml,dev_303
304,ml,dev_304
305,ml,dev_305
306,web,dev_306
307,web,dev_307
308,web,dev_308
309,ml,dev_309
310,ml,dev_310
311,web,dev_311
312,web,dev_312
313,ml,dev_313
314,web,dev_314
315,ml,dev_315
316,web,dev_316
317,ml,dev_317
318,ml,dev_318
319,web,dev_319
320,ml,dev_320
321,ml,dev_321
322,ml,dev_322
323,ml,dev_323
324,ml,dev_324
325,ml,dev_325
326,web,dev_326
327,ml,dev_327
328,ml,dev_328
329,web,dev_329
330,web,dev_330
331,ml,dev_331
332,ml,dev_332
333,web,dev_333
334,web,dev_334
335,web,dev_335
336,web,dev_336
337,ml,dev_337
338,web,dev_338
339,web,dev_339
340,web,dev_340
341,ml,dev_341
342,ml,dev_342
343,web,dev_343
344,ml,dev_344
345,ml,dev_345
346,web,dev_346
347,web,dev_347
348,web,dev_348
349,web,dev_349
350,web,dev_350
351,web,dev_351
352,web,dev_352
353,ml,dev_353
354,ml,dev_354
355,ml,dev_355
356,web,dev_356
357,web,dev_357
358,web,dev_358
359,ml,dev_359
360,ml,dev_360
361,web,dev_361
362,web,dev_362
363,web,dev_363
364,web,dev_364
365,web,dev_365
366,ml,dev_366
367,ml,dev_367
368,web,dev_368
369,web,dev_369
370,web,dev_370
371,ml,dev_371
372,ml,dev_372
373,ml,dev_373
374,ml,dev_374
375,web,dev_375
376,ml,dev_376
377,web,dev_377
378,web,dev_378
379,web,dev_379
380,web,dev_380
381,web,dev_381
382,web,dev_382
383,web,dev_383
384,web,dev_384
385,ml,dev_385
386,ml,dev_386
387,ml,dev_387
388,ml,dev_388
389,web,dev_389
390,web,dev_390
391,ml,dev_391
392,web,dev_392
393,web,dev_393
394,ml,dev_394
395,web,dev_395
396,web,dev_396
397,web,dev_397
398,ml,dev_398
399,ml,dev_399
400,ml,dev_400
401,ml,dev_401
402,ml,dev_402
403,web,dev_403
404,ml,dev_404
405,ml,dev_405
406,ml,dev_406
407,web,dev_407
408,ml,dev_408
409,web,dev_409
410,ml,dev_410
411,web,dev_411
412,web,dev_412
413,web,dev_413
414,ml,dev_414
415,web,dev_415
416,ml,dev_416
417,web,dev_417
418,ml,dev_418
419,ml,dev_419
420,ml,dev_420
421,ml,dev_421
422,web,dev_422
423,ml,dev_423
424,ml,dev_424
425,web,dev_425
426,web,dev_426
427,web,dev_427
428,ml,dev_428
429,ml,dev_429
430,ml,dev_430
431,web,dev_431
432,ml,dev_432
433,web,dev_433
434,web,dev_434
435,web,dev_435
436,web,dev_436
437,web,dev_437
438,web,dev_438
439,ml,dev_439
440,web,dev_440
441,web,dev_441
442,web,dev_442
443,ml,dev_443
444,ml,dev_444
445,ml,dev_445
446,ml,dev_446
447,web,dev_447
448,ml,dev_448
449,web,dev_449
450,web,dev_450
451,web,dev_451
452,web,dev_452
453,ml,dev_453
454,ml,dev_454
455,web,dev_455
456,ml,dev_456
457,ml,dev_457
458,ml,dev_458
459,ml,dev_459
460,web,dev_460
461,web,dev_461
462,ml,dev_462
463,ml,dev_463
464,web,dev_464
465,web,dev_465
466,ml,dev_466
467,ml,dev_467
468,ml,dev_468
469,web,dev_469
470,ml,dev_470
471,web,dev_471
472,ml,dev_472
473,ml,dev_473
474,ml,dev_474
475,web,dev_475
476,web,dev_476
477,web,dev_477
478,web,dev_478
479,web,dev_479
480,ml,dev_480
481,ml,dev_481
482,ml,dev_482
483,web,dev_483
484,web,dev_484
485,ml,dev_485
486,web,dev_486
487,web,dev_487
488,ml,dev_488
489,web,dev_489
490,ml,dev_490
491,ml,dev_491
492,ml,dev_492
493,ml,dev_493
494,web,dev_494
495,web,dev_495
496,ml,dev_496
497,web,dev_497
498,web,dev_498
499,web,dev_499
500,web,dev_500
501,ml,dev_501
502,ml,dev_502
503,ml,dev_503
504,ml,dev_504
505,ml,dev_505
506,web,dev_506
507,ml,dev_507
508,ml,dev_508
509,web,dev_509
510,web,dev_510
511,web,dev_511
512,web,dev_512
513,web,dev_513
514,ml,dev_514
515,web,dev_515
516,web,dev_516
517,ml,dev_517
518,web,dev_518
519,web,dev_519
520,ml,dev_520
521,web,dev_521
522,web,dev_522
523,web,dev_523
524,ml,dev_524
525,ml,dev_525
526,ml,dev_526
527,web,dev_527
528,ml,dev_528
529,web,dev_529
530,ml,dev_530
531,web,dev_531
532,ml,dev_532
533,web,dev_533
534,web,dev_534
535,ml,dev_535
536,web,dev_536
537,web,dev_537
538,ml,dev_538
539,ml,dev_539
540,web,dev_540
541,web,dev_541
542,web,dev_542
543,ml,dev_543
544,web,dev_544
545,web,dev_545
546,ml,dev_546
547,ml,dev_547
548,web,dev_548
549,ml,dev_549
550,web,dev_550
551,web,dev_551
552,ml,dev_552
553,ml,dev_553
554,web,dev_554
555,web,dev_555
556,ml,dev_556
557,ml,dev_557
558,ml,dev_558
559,ml,dev_559
560,ml,dev_560
561,web,dev_561
562,web,dev_562
563,web,dev_563
564,ml,dev_564
565,web,dev_565
566,web,dev_566
567,web,dev_567
568,ml,dev_568
569,web,dev_569
570,ml,dev_570
571,web,dev_571
572,ml,dev_572
573,ml,dev_573
574,web,dev_574
575,web,dev_575
576,ml,dev_576
577,web,dev_577
578,ml,dev_578
579,web,dev_579
580,web,dev_580
581,ml,dev_581
582,ml,dev_582
583,ml,dev_583
584,ml,dev_584
585,ml,dev_585
586,ml,dev_586
587,ml,dev_587
588,ml,dev_588
589,ml,dev_589
590,web,dev_590
591,ml,dev_591
592,ml,dev_592
593,web,dev_593
594,web,dev_594
595,ml,dev_595
596,ml,dev_596
597,ml,dev_597
598,web,dev_598
599,ml,dev_599
600,web,dev_600
601,web,dev_601
602,web,dev_602
603,web,dev_603
604,web,dev_604
605,ml,dev_605
606,web,dev_606
607,ml,dev_607
608,web,dev_608
609,ml,dev_609
610,ml,dev_610
611,ml,dev_611
612,ml,dev_612
613,web,dev_613
614,web,dev_614
615,web,dev_615
616,ml,dev_616
617,ml,dev_617
618,ml,dev_618
619,web,dev_619
620,ml,dev_620
621,web,dev_621
622,web,dev_622
623,ml,dev_623
624,ml,dev_624
625,ml,dev_625
626,web,dev_626
627,ml,dev_627
628,ml,dev_628
629,web,dev_629
630,ml,dev_630
631,ml,dev_631
632,web,dev_632
633,web,dev_633
634,ml,dev_634
635,web,dev_635
636,ml,dev_636
637,web,dev_637
638,web,dev_638
639,ml,dev_639
640,web,dev_640
641,ml,dev_641
642,web,dev_642
643,ml,dev_643
644,ml,dev_644
645,web,dev_645
646,ml,dev_646
647,ml,dev_647
648,web,dev_648
649,web,dev_649
650,web,dev_650
651,web,dev_651
652,ml,dev_652
653,web,dev_653
654,web,dev_654
655,ml,dev_655
656,web,dev_656
657,ml,dev_657
658,web,dev_658
659,web,dev_659
660,ml,dev_660
661,ml,dev_661
662,ml,dev_662
663,ml,dev_663
664,ml,dev_664
665,ml,dev_665
666,web,dev_666
667,ml,dev_667
668,web,dev_668
669,ml,dev_669
670,ml,dev_670
671,web,dev_671
672,ml,dev_672
673,web,dev_673
674,web,dev_674
675,ml,dev_675
676,ml,dev_676
677,ml,dev_677
678,ml,dev_678
679,ml,dev_679
680,ml,dev_680
681,ml,dev_681
682,ml,dev_682
683,web,dev_683
684,web,dev_684
685,ml,dev_685
686,web,dev_686
687,ml,dev_687
688,ml,dev_688
689,ml,dev_689
690,ml,dev_690
691,ml,dev_691
692,ml,dev_692
693,ml,dev_693
694,web,dev_694
695,web,dev_695
696,web,dev_696
697,ml,dev_697
698,web,dev_698
699,ml,dev_699
700,ml,dev_700
701,web,dev_701
702,ml,dev_702
703,ml,dev_703
704,ml,dev_704
705,ml,dev_705
706,ml,dev_706
707,ml,dev_707
708,ml,dev_708
709,ml,dev_709
710,ml,dev_710
711,web,dev_711
712,web,dev_712
713,web,dev_713
714,ml,dev_714
715,ml,dev_715
716,web,dev_716
717,web,dev_717
718,web,dev_718
719,ml,dev_719
720,web,dev_720
721,web,dev_721
722,ml,dev_722
723,ml,dev_723
724,ml,dev_724
725,web,dev_725
726,ml,dev_726
727,web,dev_727
728,ml,dev_728
729,web,dev_729
730,web,dev_730
731,web,dev_731
732,ml,dev_732
733,ml,dev_733
734,web,dev_734
735,ml,dev_735
736,ml,dev_736
737,web,dev_737
738,ml,dev_738
739,ml,dev_739
740,web,dev_740
741,web,dev_741
742,web,dev_742
743,ml,dev_743
744,ml,dev_744
745,web,dev_745
746,ml,dev_746
747,web,dev_747
748,ml,dev_748
749,ml,dev_749
750,ml,dev_750
751,ml,dev_751
752,ml,dev_752
753,web,dev_753
754,web,dev_754
755,web,dev_755
756,web,dev_756
757,web,dev_757
758,web,dev_758
759,web,dev_759
760,web,dev_760
761,web,dev_761
762,web,dev_762
763,ml,dev_763
764,web,dev_764
765,ml,dev_765
766,web,dev_766
767,ml,dev_767
768,ml,dev_768
769,web,dev_769
770,ml,dev_770
771,ml,dev_771
772,ml,dev_772
773,ml,dev_773
774,web,dev_774
775,ml,dev_775
776,ml,dev_776
777,web,dev_777
778,ml,dev_778
779,web,dev_779
780,ml,dev_780
781,web,dev_781
782,ml,dev_782
783,ml,dev_783
784,web,dev_784
785,web,dev_785
786,web,dev_786
787,web,dev_787
788,web,dev_788
789,web,dev_789
790,ml,dev_790
791,web,dev_791
792,web,dev_792
793,ml,dev_793
794,ml,dev_794
795,web,dev_795
796,ml,dev_796
797,ml,dev_797
798,web,dev_798
799,ml,dev_799
800,ml,dev_800
801,ml,dev_801
802,web,dev_802
803,ml,dev_803
804,web,dev_804
805,ml,dev_805
806,ml,dev_806
807,ml,dev_807
808,web,dev_808
809,ml,dev_809
810,web,dev_810
811,web,dev_811
812,web,dev_812
813,web,dev_813
814,web,dev_814
815,ml,dev_815
816,web,dev_816
817,web,dev_817
818,web,dev_818
819,web,dev_819
820,ml,dev_820
821,ml,dev_821
822,web,dev_822
823,web,dev_823
824,web,dev_824
825,ml,dev_825
826,web,dev_826
827,web,dev_827
828,web,dev_828
829,web,dev_829
830,web,dev_830
831,ml,dev_831
832,ml,dev_832
833,web,dev_833
834,ml,dev_834
835,web,dev_835
836,ml,dev_836
837,ml,dev_837
838,web,dev_838
839,web,dev_839
840,ml,dev_840
841,ml,dev_841
842,ml,dev_842
843,web,dev_843
844,web,dev_844
845,ml,dev_845
846,ml,dev_846
847,web,dev_847
848,ml,dev_848
849,web,dev_849
850,ml,dev_850
851,ml,dev_851
852,ml,dev_852
853,ml,dev_853
854,ml,dev_854
855,web,dev_855
856,ml,dev_856
857,web,dev_857
858,web,dev_858
859,ml,dev_859
860,web,dev_860
861,web,dev_861
862,ml,dev_862
863,web,dev_863
864,web,dev_864
865,ml,dev_865
866,ml,dev_866
867,web,dev_867
868,ml,dev_868
869,ml,dev_869
870,web,dev_870
871,ml,dev_871
872,web,dev_872
873,ml,dev_873
874,web,dev_874
875,ml,dev_875
876,web,dev_876
877,web,dev_877
878,ml,dev_878
879,ml,dev_879
880,ml,dev_880
881,ml,dev_881
882,ml,dev_882
883,web,dev_883
884,ml,dev_884
885,ml,dev_885
886,web,dev_886
887,web,dev_887
888,ml,dev_888
889,web,dev_889
890,web,dev_890
891,ml,dev_891
892,web,dev_892
893,web,dev_893
894,ml,dev_894
895,ml,dev_895
896,web,dev_896
897,web,dev_897
898,ml,dev_898
899,web,dev_899
900,web,dev_900
901,web,dev_901
902,ml,dev_902
903,ml,dev_903
904,ml,dev_904
905,web,dev_905
906,web,dev_906
907,web,dev_907
908,ml,dev_908
909,ml,dev_909
910,web,dev_910
911,ml,dev_911
912,web,dev_912
913,web,dev_913
914,ml,dev_914
915,ml,dev_915
916,ml,dev_916
917,ml,dev_917
918,ml,dev_918
919,web,dev_919
920,web,dev_920
921,ml,dev_921
922,web,dev_922
923,web,dev_923
924,ml,dev_924
925,ml,dev_925
926,ml,dev_926
927,ml,dev_927
928,ml,dev_928
929,ml,dev_929
930,web,dev_930
931,ml,dev_931
932,web,dev_932
933,ml,dev_933
934,web,dev_934
935,ml,dev_935
936,web,dev_936
937,web,dev_937
938,web,dev_938
939,ml,dev_939
940,ml,dev_940
941,ml,dev_941
942,ml,dev_942
943,ml,dev_943
944,ml,dev_944
945,ml,dev_945
946,ml,dev_946
947,web,dev_947
948,web,dev_948
949,ml,dev_949
950,ml,dev_950
951,ml,dev_951
952,web,dev_952
953,ml,dev_953
954,ml,dev_954
955,web,dev_955
956,web,dev_956
957,ml,dev_957
958,web,dev_958
959,web,dev_959
960,ml,dev_960
961,web,dev_961
962,web,dev_962
963,ml,dev_963
964,web,dev_964
965,web,dev_965
966,ml,dev_966
967,web,dev_967
968,web,dev_968
969,web,dev_969
970,ml,dev_970
971,ml,dev_971
972,web,dev_972
973,web,dev_973
974,web,dev_974
975,ml,dev_975
976,web,dev_976
977,web,dev_977
978,web,dev_978
979,ml,dev_979
980,ml,dev_980
981,web,dev_981
982,ml,dev_982
983,web,dev_983
984,ml,dev_984
985,web,dev_985
986,ml,dev_986
987,ml,dev_987
988,web,dev_988
989,ml,dev_989
990,web,dev_990
991,ml,dev_991
992,web,dev_992
993,ml,dev_993
994,web,dev_994
995,web,dev_995
996,ml,dev_996
997,ml,dev_997
998,web,dev_998
999,ml,dev_999
1000,web,dev_1000
1001,ml,dev_1001
1002,ml,dev_1002
1003,ml,dev_1003
1004,ml,dev_1004
1005,web,dev_1005
1006,ml,dev_1006
1007,web,dev_1007
1008,web,dev_1008
1009,web,dev_1009
1010,web,dev_1010
1011,web,dev_1011
1012,ml,dev_1012
1013,web,dev_1013
1014,ml,dev_1014
1015,ml,dev_1015
1016,web,dev_1016
1017,ml,dev_1017
1018,web,dev_1018
1019,web,dev_1019
1020,web,dev_1020
1021,web,dev_1021
1022,ml,dev_1022
1023,web,dev_1023
1024,web,dev_1024
1025,ml,dev_1025
1026,ml,dev_1026
1027,web,dev_1027
1028,web,dev_1028
1029,web,dev_1029
1030,web,dev_1030
1031,ml,dev_1031
1032,web,dev_1032
1033,web,dev_1033
1034,web,dev_1034
1035,ml,dev_1035
1036,web,dev_1036
1037,ml,dev_1037
1038,ml,dev_1038
1039,web,dev_1039
1040,web,dev_1040
1041,ml,dev_1041
1042,ml,dev_1042
1043,ml,dev_1043
1044,ml,dev_1044
1045,ml,dev_1045
1046,web,dev_1046
1047,web,dev_1047
1048,web,dev_1048
1049,ml,dev_1049
1050,web,dev_1050
1051,ml,dev_1051
1052,web,dev_1052
1053,web,dev_1053
1054,web,dev_1054
1055,ml,dev_1055
1056,web,dev_1056
1057,web,dev_1057
1058,web,dev_1058
1059,ml,dev_1059
1060,ml,dev_1060
1061,web,dev_1061
1062,ml,dev_1062
1063,ml,dev_1063
1064,ml,dev_1064
1065,ml,dev_1065
1066,ml,dev_1066
1067,ml,dev_1067
1068,web,dev_1068
1069,web,dev_1069
1070,web,dev_1070
1071,ml,dev_1071
1072,ml,dev_1072
1073,web,dev_1073
1074,ml,dev_1074
1075,ml,dev_1075
1076,web,dev_1076
1077,web,dev_1077
1078,web,dev_1078
1079,web,dev_1079
1080,ml,dev_1080
1081,ml,dev_1081
1082,web,dev_1082
1083,ml,dev_1083
1084,ml,dev_1084
1085,web,dev_1085
1086,ml,dev_1086
1087,web,dev_1087
1088,ml,dev_1088
1089,ml,dev_1089
1090,ml,dev_1090
1091,web,dev_1091
1092,ml,dev_1092
1093,web,dev_1093
1094,web,dev_1094
1095,ml,dev_1095
1096,web,dev_1096
1097,web,dev_1097
1098,web,dev_1098
1099,ml,dev_1099
1100,web,dev_1100
1101,web,dev_1101
1102,ml,dev_1102
1103,ml,dev_1103
1104,ml,dev_1104
1105,web,dev_1105
1106,web,dev_1106
1107,web,dev_1107
1108,web,dev_1108
1109,ml,dev_1109
1110,web,dev_1110
1111,ml,dev_1111
1112,ml,dev_1112
1113,ml,dev_1113
1114,ml,dev_1114
1115,ml,dev_1115
1116,web,dev_1116
1117,ml,dev_1117
1118,web,dev_1118
1119,ml,dev_1119
1120,ml,dev_1120
1121,ml,dev_1121
1122,web,dev_1122
1123,web,dev_1123
1124,ml,dev_1124
1125,ml,dev_1125
1126,ml,dev_1126
1127,web,dev_1127
1128,ml,dev_1128
1129,ml,dev_1129
1130,ml,dev_1130
1131,web,dev_1131
1132,web,dev_1132
1133,ml,dev_1133
1134,web,dev_1134
1135,ml,dev_1135
1136,ml,dev_1136
1137,ml,dev_1137
1138,web,dev_1138
1139,ml,dev_1139
1140,web,dev_1140
1141,ml,dev_1141
1142,web,dev_1142
1143,ml,dev_1143
1144,web,dev_1144
1145,ml,dev_1145
1146,web,dev_1146
1147,ml,dev_1147
1148,web,dev_1148
1149,ml,dev_1149
1150,ml,dev_1150
1151,web,dev_1151
1152,web,dev_1152
1153,ml,dev_1153
1154,ml,dev_1154
1155,ml,dev_1155
1156,web,dev_1156
1157,ml,dev_1157
1158,ml,dev_1158
1159,ml,dev_1159
1160,web,dev_1160
1161,web,dev_1161
1162,web,dev_1162
1163,ml,dev_1163
1164,ml,dev_1164
1165,web,dev_1165
1166,ml,dev_1166
1167,ml,dev_1167
1168,ml,dev_1168
1169,ml,dev_1169
1170,ml,dev_1170
1171,web,dev_1171
1172,ml,dev_1172
1173,web,dev_1173
1174,web,dev_1174
1175,ml,dev_1175
1176,ml,dev_1176
1177,web,dev_1177
1178,web,dev_1178
1179,web,dev_1179
1180,ml,dev_1180
1181,ml,dev_1181
1182,web,dev_1182
1183,ml,dev_1183
1184,web,dev_1184
1185,ml,dev_1185
1186,ml,dev_1186
1187,ml,dev_1187
1188,ml,dev_1188
1189,ml,dev_1189
1190,ml,dev_1190
1191,ml,dev_1191
1192,web,dev_1192
1193,ml,dev_1193
1194,ml,dev_1194
1195,web,dev_1195
1196,ml,dev_1196
1197,web,dev_1197
1198,web,dev_1198
1199,web,dev_1199
1200,ml,dev_1200
1201,web,dev_1201
1202,web,dev_1202
1203,ml,dev_1203
1204,web,dev_1204
1205,ml,dev_1205
1206,ml,dev_1206
1207,ml,dev_1207
1208,web,dev_1208
1209,ml,dev_1209
1210,ml,dev_1210
1211,web,dev_1211
1212,web,dev_1212
1213,ml,dev_1213
1214,ml,dev_1214
1215,ml,dev_1215
1216,web,dev_1216
1217,web,dev_1217
1218,web,dev_1218
1219,web,dev_1219
1220,web,dev_1220
1221,web,dev_1221
1222,web,dev_1222
1223,ml,dev_1223
1224,ml,dev_1224
1225,web,dev_1225
1226,ml,dev_1226
1227,ml,dev_1227
1228,ml,dev_1228
1229,web,dev_1229
1230,web,dev_1230
1231,ml,dev_1231
1232,ml,dev_1232
1233,ml,dev_1233
1234,web,dev_1234
1235,ml,dev_1235
1236,web,dev_1236
1237,web,dev_1237
1238,web,dev_1238
1239,web,dev_1239
1240,web,dev_1240
1241,ml,dev_1241
1242,ml,dev_1242
1243,ml,dev_1243
1244,ml,dev_1244
1245,web,dev_1245
1246,web,dev_1246
1247,ml,dev_1247
1248,ml,dev_1248
1249,web,dev_1249
1250,web,dev_1250
1251,web,dev_1251
1252,ml,dev_1252
1253,ml,dev_1253
1254,ml,dev_1254
1255,ml,dev_1255
1256,web,dev_1256
1257,ml,dev_1257
1258,web,dev_1258
1259,web,dev_1259
1260,ml,dev_1260
1261,ml,dev_1261
1262,ml,dev_1262
1263,ml,dev_1263
1264,ml,dev_1264
1265,web,dev_1265
1266,web,dev_1266
1267,ml,dev_1267
1268,ml,dev_1268
1269,ml,dev_1269
1270,web,dev_1270
1271,ml,dev_1271
1272,web,dev_1272
1273,ml,dev_1273
1274,web,dev_1274
1275,web,dev_1275
1276,ml,dev_1276
1277,web,dev_1277
1278,ml,dev_1278
1279,ml,dev_1279
1280,ml,dev_1280
1281,ml,dev_1281
1282,web,dev_1282
1283,web,dev_1283
1284,ml,dev_1284
1285,ml,dev_1285
1286,ml,dev_1286
1287,web,dev_1287
1288,web,dev_1288
1289,web,dev_1289
1290,ml,dev_1290
1291,ml,dev_1291
1292,ml,dev_1292
1293,ml,dev_1293
1294,web,dev_1294
1295,ml,dev_1295
1296,web,dev_1296
1297,web,dev_1297
1298,web,dev_1298
1299,ml,dev_1299
1300,ml,dev_1300
1301,web,dev_1301
1302,web,dev_1302
1303,ml,dev_1303
1304,ml,dev_1304
1305,web,dev_1305
1306,web,dev_1306
1307,ml,dev_1307
1308,ml,dev_1308
1309,ml,dev_1309
1310,ml,dev_1310
1311,ml,dev_1311
1312,web,dev_1312
1313,ml,dev_1313
1314,web,dev_1314
1315,ml,dev_1315
1316,ml,dev_1316
1317,ml,dev_1317
1318,web,dev_1318
1319,ml,dev_1319
1320,web,dev_1320
1321,ml,dev_1321
1322,ml,dev_1322
1323,web,dev_1323
1324,ml,dev_1324
1325,web,dev_1325
1326,ml,dev_1326
1327,ml,dev_1327
1328,web,dev_1328
1329,web,dev_1329
1330,ml,dev_1330
1331,ml,dev_1331
1332,ml,dev_1332
1333,ml,dev_1333
1334,ml,dev_1334
1335,web,dev_1335
1336,web,dev_1336
1337,web,dev_1337
1338,web,dev_1338
1339,ml,dev_1339
1340,web,dev_1340
1341,web,dev_1341
1342,ml,dev_1342
1343,web,dev_1343
1344,web,dev_1344
1345,ml,dev_1345
1346,web,dev_1346
1347,web,dev_1347
1348,ml,dev_1348
1349,web,dev_1349
1350,web,dev_1350
1351,ml,dev_1351
1352,web,dev_1352
1353,web,dev_1353
1354,ml,dev_1354
1355,ml,dev_1355
1356,web,dev_1356
1357,web,dev_1357
1358,ml,dev_1358
1359,ml,dev_1359
1360,web,dev_1360
1361,ml,dev_1361
1362,ml,dev_1362
1363,web,dev_1363
1364,web,dev_1364
1365,ml,dev_1365
1366,web,dev_1366
1367,web,dev_1367
1368,ml,dev_1368
1369,ml,dev_1369
1370,web,dev_1370
1371,ml,dev_1371
1372,web,dev_1372
1373,ml,dev_1373
1374,ml,dev_1374
1375,ml,dev_1375
1376,ml,dev_1376
1377,web,dev_1377
1378,ml,dev_1378
1379,web,dev_1379
1380,web,dev_1380
1381,web,dev_1381
1382,ml,dev_1382
1383,ml,dev_1383
1384,web,dev_1384
1385,ml,dev_1385
1386,ml,dev_1386
1387,ml,dev_1387
1388,ml,dev_1388
1389,ml,dev_1389
1390,ml,dev_1390
1391,web,dev_1391
1392,web,dev_1392
1393,ml,dev_1393
1394,web,dev_1394
1395,web,dev_1395
1396,ml,dev_1396
1397,web,dev_1397
1398,ml,dev_1398
1399,ml,dev_1399
1400,ml,dev_1400
1401,web,dev_1401
1402,web,dev_1402
1403,web,dev_1403
1404,web,dev_1404
1405,ml,dev_1405
1406,web,dev_1406
1407,web,dev_1407
1408,web,dev_1408
1409,web,dev_1409
1410,web,dev_1410
1411,web,dev_1411
1412,ml,dev_1412
1413,web,dev_1413
1414,ml,dev_1414
1415,web,dev_1415
1416,web,dev_1416
1417,web,dev_1417
1418,web,dev_1418
1419,ml,dev_1419
1420,ml,dev_1420
1421,web,dev_1421
1422,ml,dev_1422
1423,web,dev_1423
1424,web,dev_1424
1425,web,dev_1425
1426,ml,dev_1426
1427,ml,dev_1427
1428,ml,dev_1428
1429,web,dev_1429
1430,web,dev_1430
1431,ml,dev_1431
1432,web,dev_1432
1433,ml,dev_1433
1434,web,dev_1434
1435,ml,dev_1435
1436,web,dev_1436
1437,web,dev_1437
1438,web,dev_1438
1439,web,dev_1439
1440,ml,dev_1440
1441,web,dev_1441
1442,ml,dev_1442
1443,ml,dev_1443
1444,ml,dev_1444
1445,web,dev_1445
1446,ml,dev_1446
1447,web,dev_1447
1448,ml,dev_1448
1449,web,dev_1449
1450,web,dev_1450
1451,web,dev_1451
1452,ml,dev_1452
1453,ml,dev_1453
1454,ml,dev_1454
1455,web,dev_1455
1456,ml,dev_1456
1457,ml,dev_1457
1458,web,dev_1458
1459,web,dev_1459
1460,ml,dev_1460
1461,web,dev_1461
1462,web,dev_1462
1463,web,dev_1463
1464,ml,dev_1464
1465,ml,dev_1465
1466,web,dev_1466
1467,web,dev_1467
1468,ml,dev_1468
1469,web,dev_1469
1470,web,dev_1470
1471,web,dev_1471
1472,web,dev_1472
1473,ml,dev_1473
1474,ml,dev_1474
1475,ml,dev_1475
1476,ml,dev_1476
1477,ml,dev_1477
1478,web,dev_1478
1479,ml,dev_1479
1480,web,dev_1480
1481,ml,dev_1481
1482,web,dev_1482
1483,ml,dev_1483
1484,ml,dev_1484
1485,ml,dev_1485
1486,ml,dev_1486
1487,ml,dev_1487
1488,ml,dev_1488
1489,web,dev_1489
1490,web,dev_1490
1491,web,dev_1491
1492,ml,dev_1492
1493,ml,dev_1493
1494,ml,dev_1494
1495,web,dev_1495
1496,ml,dev_1496
1497,web,dev_1497
1498,ml,dev_1498
1499,web,dev_1499
1500,ml,dev_1500
1501,web,dev_1501
1502,web,dev_1502
1503,ml,dev_1503
1504,web,dev_1504
1505,ml,dev_1505
1506,ml,dev_1506
1507,ml,dev_1507
1508,ml,dev_1508
1509,web,dev_1509
1510,web,dev_1510
1511,web,dev_1511
1512,web,dev_1512
1513,web,dev_1513
1514,ml,dev_1514
1515,ml,dev_1515
1516,web,dev_1516
1517,web,dev_1517
1518,web,dev_1518
1519,ml,dev_1519
1520,ml,dev_1520
1521,web,dev_1521
1522,web,dev_1522
1523,ml,dev_1523
1524,web,dev_1524
1525,web,dev_1525
1526,ml,dev_1526
1527,web,dev_1527
1528,ml,dev_1528
1529,web,dev_1529
1530,web,dev_1530
1531,ml,dev_1531
1532,ml,dev_1532
1533,web,dev_1533
1534,web,dev_1534
1535,web,dev_1535
1536,web,dev_1536
1537,ml,dev_1537
1538,ml,dev_1538
1539,web,dev_1539
1540,ml,dev_1540
1541,ml,dev_1541
1542,web,dev_1542
1543,web,dev_1543
1544,ml,dev_1544
1545,web,dev_1545
1546,web,dev_1546
1547,web,dev_1547
1548,ml,dev_1548
1549,web,dev_1549
1550,ml,dev_1550
1551,web,dev_1551
1552,ml,dev_1552
1553,ml,dev_1553
1554,ml,dev_1554
1555,ml,dev_1555
1556,web,dev_1556
1557,web,dev_1557
1558,web,dev_1558
1559,ml,dev_1559
1560,web,dev_1560
1561,ml,dev_1561
1562,web,dev_1562
1563,ml,dev_1563
1564,web,dev_1564
1565,web,dev_1565
1566,web,dev_1566
1567,web,dev_1567
1568,web,dev_1568
1569,web,dev_1569
1570,web,dev_1570
1571,web,dev_1571
1572,ml,dev_1572
1573,ml,dev_1573
1574,ml,dev_1574
1575,ml,dev_1575
1576,ml,dev_1576
1577,web,dev_1577
1578,ml,dev_1578
1579,web,dev_1579
1580,web,dev_1580
1581,ml,dev_1581
1582,ml,dev_1582
1583,ml,dev_1583
1584,ml,dev_1584
1585,ml,dev_1585
1586,web,dev_1586
1587,web,dev_1587
1588,web,dev_1588
1589,ml,dev_1589
1590,ml,dev_1590
1591,ml,dev_1591
1592,ml,dev_1592
1593,ml,dev_1593
1594,web,dev_1594
1595,ml,dev_1595
1596,ml,dev_1596
1597,web,dev_1597
1598,ml,dev_1598
1599,web,dev_1599
1600,ml,dev_1600
1601,ml,dev_1601
1602,ml,dev_1602
1603,ml,dev_1603
1604,ml,dev_1604
1605,ml,dev_1605
1606,ml,dev_1606
1607,ml,dev_1607
1608,web,dev_1608
1609,web,dev_1609
1610,ml,dev_1610
1611,ml,dev_1611
1612,ml,dev_1612
1613,ml,dev_1613
1614,ml,dev_1614
1615,ml,dev_1615
1616,web,dev_1616
1617,web,dev_1617
1618,ml,dev_1618
1619,web,dev_1619
1620,ml,dev_1620
1621,web,dev_1621
1622,ml,dev_1622
1623,web,dev_1623
1624,web,dev_1624
1625,ml,dev_1625
1626,web,dev_1626
1627,ml,dev_1627
1628,web,dev_1628
1629,web,dev_1629
1630,web,dev_1630
1631,ml,dev_1631
1632,web,dev_1632
1633,ml,dev_1633
1634,ml,dev_1634
1635,web,dev_1635
1636,web,dev_1636
1637,web,dev_1637
1638,ml,dev_1638
1639,ml,dev_1639
1640,web,dev_1640
1641,web,dev_1641
1642,ml,dev_1642
1643,ml,dev_1643
1644,web,dev_1644
1645,ml,dev_1645
1646,ml,dev_1646
1647,web,dev_1647
1648,ml,dev_1648
1649,web,dev_1649
1650,web,dev_1650
1651,ml,dev_1651
1652,ml,dev_1652
1653,web,dev_1653
1654,web,dev_1654
1655,web,dev_1655
1656,web,dev_1656
1657,ml,dev_1657
1658,web,dev_1658
1659,web,dev_1659
1660,web,dev_1660
1661,ml,dev_1661
1662,ml,dev_1662
1663,web,dev_1663
1664,ml,dev_1664
1665,web,dev_1665
1666,ml,dev_1666
1667,web,dev_1667
1668,web,dev_1668
1669,web,dev_1669
1670,web,dev_1670
1671,web,dev_1671
1672,web,dev_1672
1673,ml,dev_1673
1674,web,dev_1674
1675,web,dev_1675
1676,ml,dev_1676
1677,web,dev_1677
1678,ml,dev_1678
1679,web,dev_1679
1680,ml,dev_1680
1681,ml,dev_1681
1682,web,dev_1682
1683,web,dev_1683
1684,web,dev_1684
1685,ml,dev_1685
1686,ml,dev_1686
1687,web,dev_1687
1688,web,dev_1688
1689,web,dev_1689
1690,web,dev_1690
1691,web,dev_1691
1692,web,dev_1692
1693,ml,dev_1693
1694,web,dev_1694
1695,web,dev_1695
1696,web,dev_1696
1697,web,dev_1697
1698,ml,dev_1698
1699,ml,dev_1699
1700,web,dev_1700
1701,ml,dev_1701
1702,web,dev_1702
1703,ml,dev_1703
1704,ml,dev_1704
1705,web,dev_1705
1706,ml,dev_1706
1707,ml,dev_1707
1708,web,dev_1708
1709,web,dev_1709
1710,web,dev_1710
1711,ml,dev_1711
1712,web,dev_1712
1713,web,dev_1713
1714,ml,dev_1714
1715,web,dev_1715
1716,ml,dev_1716
1717,ml,dev_1717
1718,ml,dev_1718
1719,web,dev_1719
1720,web,dev_1720
1721,ml,dev_1721
1722,ml,dev_1722
1723,ml,dev_1723
1724,web,dev_1724
1725,web,dev_1725
1726,web,dev_1726
1727,ml,dev_1727
1728,ml,dev_1728
1729,ml,dev_1729
1730,ml,dev_1730
1731,web,dev_1731
1732,web,dev_1732
1733,web,dev_1733
1734,ml,dev_1734
1735,web,dev_1735
1736,web,dev_1736
1737,ml,dev_1737
1738,web,dev_1738
1739,ml,dev_1739
1740,ml,dev_1740
1741,web,dev_1741
1742,ml,dev_1742
1743,web,dev_1743
1744,web,dev_1744
1745,web,dev_1745
1746,ml,dev_1746
1747,web,dev_1747
1748,ml,dev_1748
1749,ml,dev_1749
1750,web,dev_1750
1751,web,dev_1751
1752,ml,dev_1752
1753,web,dev_1753
1754,web,dev_1754
1755,web,dev_1755
1756,ml,dev_1756
1757,web,dev_1757
1758,web,dev_1758
1759,ml,dev_1759
1760,web,dev_1760
1761,web,dev_1761
1762,ml,dev_1762
1763,ml,dev_1763
1764,ml,dev_1764
1765,ml,dev_1765
1766,ml,dev_1766
1767,ml,dev_1767
1768,web,dev_1768
1769,web,dev_1769
1770,ml,dev_1770
1771,ml,dev_1771
1772,web,dev_1772
1773,ml,dev_1773
1774,web,dev_1774
1775,ml,dev_1775
1776,web,dev_1776
1777,ml,dev_1777
1778,web,dev_1778
1779,web,dev_1779
1780,web,dev_1780
1781,web,dev_1781
1782,ml,dev_1782
1783,ml,dev_1783
1784,web,dev_1784
1785,web,dev_1785
1786,ml,dev_1786
1787,web,dev_1787
1788,web,dev_1788
1789,ml,dev_1789
1790,ml,dev_1790
1791,ml,dev_1791
1792,ml,dev_1792
1793,web,dev_1793
1794,ml,dev_1794
1795,web,dev_1795
1796,web,dev_1796
1797,web,dev_1797
1798,ml,dev_1798
1799,ml,dev_1799
1800,web,dev_1800
1801,ml,dev_1801
1802,ml,dev_1802
1803,web,dev_1803
1804,ml,dev_1804
1805,ml,dev_1805
1806,ml,dev_1806
1807,web,dev_1807
1808,web,dev_1808
1809,web,dev_1809
1810,ml,dev_1810
1811,ml,dev_1811
1812,ml,dev_1812
1813,web,dev_1813
1814,ml,dev_1814
1815,ml,dev_1815
1816,web,dev_1816
1817,ml,dev_1817
1818,web,dev_1818
1819,ml,dev_1819
1820,web,dev_1820
1821,web,dev_1821
1822,web,dev_1822
1823,ml,dev_1823
1824,ml,dev_1824
1825,web,dev_1825
1826,web,dev_1826
1827,web,dev_1827
1828,ml,dev_1828
1829,web,dev_1829
1830,ml,dev_1830
1831,ml,dev_1831
1832,web,dev_1832
1833,ml,dev_1833
1834,ml,dev_1834
1835,web,dev_1835
1836,ml,dev_1836
1837,web,dev_1837
1838,web,dev_1838
1839,ml,dev_1839
1840,web,dev_1840
1841,web,dev_1841
1842,web,dev_1842
1843,ml,dev_1843
1844,web,dev_1844
1845,ml,dev_1845
1846,ml,dev_1846
1847,web,dev_1847
1848,ml,dev_1848
1849,ml,dev_1849
1850,ml,dev_1850
1851,web,dev_1851
1852,web,dev_1852
1853,ml,dev_1853
1854,ml,dev_1854
1855,web,dev_1855
1856,web,dev_1856
1857,ml,dev_1857
1858,ml,dev_1858
1859,ml,dev_1859
1860,ml,dev_1860
1861,ml,dev_1861
1862,ml,dev_1862
1863,web,dev_1863
1864,ml,dev_1864
1865,ml,dev_1865
1866,ml,dev_1866
1867,ml,dev_1867
1868,web,dev_1868
1869,ml,dev_1869
1870,ml,dev_1870
1871,web,dev_1871
1872,ml,dev_1872
1873,web,dev_1873
1874,ml,dev_1874
1875,web,dev_1875
1876,ml,dev_1876
1877,web,dev_1877
1878,ml,dev_1878
1879,web,dev_1879
1880,web,dev_1880
1881,web,dev_1881
1882,ml,dev_1882
1883,ml,dev_1883
1884,ml,dev_1884
1885,ml,dev_1885
1886,web,dev_1886
1887,ml,dev_1887
1888,ml,dev_1888
1889,ml,dev_1889
1890,web,dev_1890
1891,web,dev_1891
1892,web,dev_1892
1893,web,dev_1893
1894,ml,dev_1894
1895,ml,dev_1895
1896,ml,dev_1896
1897,ml,dev_1897
1898,ml,dev_1898
1899,ml,dev_1899
1900,ml,dev_1900
1901,web,dev_1901
1902,web,dev_1902
1903,ml,dev_1903
1904,ml,dev_1904
1905,ml,dev_1905
1906,web,dev_1906
1907,web,dev_1907
1908,ml,dev_1908
1909,ml,dev_1909
1910,ml,dev_1910
1911,web,dev_1911
1912,ml,dev_1912
1913,ml,dev_1913
1914,ml,dev_1914
1915,web,dev_1915
1916,web,dev_1916
1917,web,dev_1917
1918,web,dev_1918
1919,ml,dev_1919
1920,ml,dev_1920
1921,web,dev_1921
1922,web,dev_1922
1923,ml,dev_1923
1924,ml,dev_1924
1925,web,dev_1925
1926,web,dev_1926
1927,ml,dev_1927
1928,web,dev_1928
1929,web,dev_1929
1930,ml,dev_1930
1931,web,dev_1931
1932,ml,dev_1932
1933,web,dev_1933
1934,web,dev_1934
1935,web,dev_1935
1936,ml,dev_1936
1937,web,dev_1937
1938,web,dev_1938
1939,ml,dev_1939
1940,web,dev_1940
1941,ml,dev_1941
1942,web,dev_1942
1943,ml,dev_1943
1944,web,dev_1944
1945,ml,dev_1945
1946,web,dev_1946
1947,ml,dev_1947
1948,web,dev_1948
1949,ml,dev_1949
1950,ml,dev_1950
1951,ml,dev_1951
1952,ml,dev_1952
1953,web,dev_1953
1954,web,dev_1954
1955,web,dev_1955
1956,ml,dev_1956
1957,ml,dev_1957
1958,ml,dev_1958
1959,ml,dev_1959
1960,web,dev_1960
1961,web,dev_1961
1962,web,dev_1962
1963,ml,dev_1963
1964,web,dev_1964
1965,web,dev_1965
1966,ml,dev_1966
1967,ml,dev_1967
1968,web,dev_1968
1969,ml,dev_1969
1970,web,dev_1970
1971,ml,dev_1971
1972,web,dev_1972
1973,web,dev_1973
1974,web,dev_1974
1975,ml,dev_1975
1976,web,dev_1976
1977,ml,dev_1977
1978,web,dev_1978
1979,ml,dev_1979
1980,ml,dev_1980
1981,web,dev_1981
1982,web,dev_1982
1983,ml,dev_1983
1984,web,dev_1984
1985,web,dev_1985
1986,web,dev_1986
1987,web,dev_1987
1988,web,dev_1988
1989,web,dev_1989
1990,ml,dev_1990
1991,web,dev_1991
1992,ml,dev_1992
1993,web,dev_1993
1994,ml,dev_1994
1995,ml,dev_1995
1996,web,dev_1996
1997,web,dev_1997
1998,ml,dev_1998
1999,web,dev_1999
2000,ml,dev_2000
2001,web,dev_2001
2002,web,dev_2002
2003,ml,dev_2003
2004,web,dev_2004
2005,ml,dev_2005
2006,web,dev_2006
2007,ml,dev_2007
2008,ml,dev_2008
2009,web,dev_2009
2010,ml,dev_2010
2011,ml,dev_2011
2012,web,dev_2012
2013,web,dev_2013
2014,ml,dev_2014
2015,web,dev_2015
2016,ml,dev_2016
2017,web,dev_2017
2018,ml,dev_2018
2019,ml,dev_2019
2020,ml,dev_2020
2021,ml,dev_2021
2022,ml,dev_2022
2023,web,dev_2023
2024,web,dev_2024
2025,web,dev_2025
2026,ml,dev_2026
2027,web,dev_2027
2028,web,dev_2028
2029,web,dev_2029
2030,web,dev_2030
2031,web,dev_2031
2032,web,dev_2032
2033,ml,dev_2033
2034,ml,dev_2034
2035,web,dev_2035
2036,ml,dev_2036
2037,web,dev_2037
2038,ml,dev_2038
2039,ml,dev_2039
2040,web,dev_2040
2041,ml,dev_2041
2042,ml,dev_2042
2043,web,dev_2043
2044,ml,dev_2044
2045,web,dev_2045
2046,web,dev_2046
2047,web,dev_2047
2048,web,dev_2048
2049,ml,dev_2049
2050,ml,dev_2050
2051,web,dev_2051
2052,ml,dev_2052
2053,ml,dev_2053
2054,ml,dev_2054
2055,ml,dev_2055
2056,web,dev_2056
2057,web,dev_2057
2058,web,dev_2058
2059,ml,dev_2059
2060,web,dev_2060
2061,ml,dev_2061
2062,web,dev_2062
2063,web,dev_2063
2064,web,dev_2064
2065,ml,dev_2065
2066,ml,dev_2066
2067,web,dev_2067
2068,ml,dev_2068
2069,ml,dev_2069
2070,ml,dev_2070
2071,web,dev_2071
2072,ml,dev_2072
2073,ml,dev_2073
2074,web,dev_2074
2075,web,dev_2075
2076,web,dev_2076
2077,ml,dev_2077
2078,web,dev_2078
2079,ml,dev_2079
2080,web,dev_2080
2081,ml,dev_2081
2082,web,dev_2082
2083,ml,dev_2083
2084,ml,dev_2084
2085,web,dev_2085
2086,ml,dev_2086
2087,web,dev_2087
2088,web,dev_2088
2089,ml,dev_2089
2090,ml,dev_2090
2091,web,dev_2091
2092,web,dev_2092
2093,web,dev_2093
2094,ml,dev_2094
2095,web,dev_2095
2096,web,dev_2096
2097,web,dev_2097
2098,ml,dev_2098
2099,web,dev_2099
2100,ml,dev_2100
2101,web,dev_2101
2102,ml,dev_2102
2103,ml,dev_2103
2104,web,dev_2104
2105,web,dev_2105
2106,ml,dev_2106
2107,web,dev_2107
2108,ml,dev_2108
2109,ml,dev_2109
2110,web,dev_2110
2111,ml,dev_2111
2112,ml,dev_2112
2113,web,dev_2113
2114,ml,dev_2114
2115,web,dev_2115
2116,ml,dev_2116
2117,ml,dev_2117
2118,web,dev_2118
2119,web,dev_2119
2120,web,dev_2120
2121,web,dev_2121
2122,web,dev_2122
2123,web,dev_2123
2124,ml,dev_2124
2125,ml,dev_2125
2126,web,dev_2126
2127,ml,dev_2127
2128,web,dev_2128
2129,web,dev_2129
2130,web,dev_2130
2131,ml,dev_2131
2132,web,dev_2132
2133,ml,dev_2133
2134,ml,dev_2134
2135,ml,dev_2135
2136,ml,dev_2136
2137,web,dev_2137
2138,web,dev_2138
2139,ml,dev_2139
2140,ml,dev_2140
2141,web,dev_2141
2142,ml,dev_2142
2143,ml,dev_2143
2144,web,dev_2144
2145,web,dev_2145
2146,ml,dev_2146
2147,ml,dev_2147
2148,web,dev_2148
2149,web,dev_2149
2150,ml,dev_2150
2151,web,dev_2151
2152,web,dev_2152
2153,ml,dev_2153
2154,ml,dev_2154
2155,web,dev_2155
2156,ml,dev_2156
2157,web,dev_2157
2158,web,dev_2158
2159,web,dev_2159
2160,ml,dev_2160
2161,ml,dev_2161
2162,web,dev_2162
2163,ml,dev_2163
2164,web,dev_2164
2165,ml,dev_2165
2166,web,dev_2166
2167,web,dev_2167
2168,ml,dev_2168
2169,web,dev_2169
2170,ml,dev_2170
2171,web,dev_2171
2172,web,dev_2172
2173,web,dev_2173
2174,web,dev_2174
2175,web,dev_2175
2176,web,dev_2176
2177,ml,dev_2177
2178,web,dev_2178
2179,web,dev_2179
2180,ml,dev_2180
2181,web,dev_2181
2182,web,dev_2182
2183,web,dev_2183
2184,ml,dev_2184
2185,web,dev_2185
2186,web,dev_2186
2187,web,dev_2187
2188,web,dev_2188
2189,ml,dev_2189
2190,ml,dev_2190
2191,web,dev_2191
2192,web,dev_2192
2193,web,dev_2193
2194,web,dev_2194
2195,web,dev_2195
2196,web,dev_2196
2197,web,dev_2197
2198,ml,dev_2198
2199,web,dev_2199
2200,web,dev_2200
2201,web,dev_2201
2202,ml,dev_2202
2203,web,dev_2203
2204,web,dev_2204
2205,web,dev_2205
2206,ml,dev_2206
2207,ml,dev_2207
2208,ml,dev_2208
2209,web,dev_2209
2210,ml,dev_2210
2211,ml,dev_2211
2212,web,dev_2212
2213,web,dev_2213
2214,web,dev_2214
2215,web,dev_2215
2216,ml,dev_2216
2217,ml,dev_2217
2218,web,dev_2218
2219,web,dev_2219
2220,web,dev_2220
2221,web,dev_2221
2222,web,dev_2222
2223,web,dev_2223
2224,ml,dev_2224
2225,web,dev_2225
2226,web,dev_2226
2227,web,dev_2227
2228,web,dev_2228
2229,ml,dev_2229
2230,web,dev_2230
2231,ml,dev_2231
2232,web,dev_2232
2233,ml,dev_2233
2234,ml,dev_2234
2235,ml,dev_2235
2236,ml,dev_2236
2237,web,dev_2237
2238,ml,dev_2238
2239,web,dev_2239
2240,web,dev_2240
2241,ml,dev_2241
2242,ml,dev_2242
2243,web,dev_2243
2244,ml,dev_2244
2245,web,dev_2245
2246,web,dev_2246
2247,ml,dev_2247
2248,ml,dev_2248
2249,web,dev_2249
2250,ml,dev_2250
2251,web,dev_2251
2252,web,dev_2252
2253,ml,dev_2253
2254,ml,dev_2254
2255,web,dev_2255
2256,web,dev_2256
2257,web,dev_2257
2258,web,dev_2258
2259,ml,dev_2259
2260,web,dev_2260
2261,ml,dev_2261
2262,web,dev_2262
2263,ml,dev_2263
2264,ml,dev_2264
2265,web,dev_2265
2266,ml,dev_2266
2267,web,dev_2267
2268,ml,dev_2268
2269,web,dev_2269
2270,ml,dev_2270
2271,ml,dev_2271
2272,ml,dev_2272
2273,web,dev_2273
2274,ml,dev_2274
2275,web,dev_2275
2276,web,dev_2276
2277,web,dev_2277
2278,web,dev_2278
2279,web,dev_2279
2280,web,dev_2280
2281,ml,dev_2281
2282,web,dev_2282
2283,web,dev_2283
2284,web,dev_2284
2285,ml,dev_2285
2286,ml,dev_2286
2287,ml,dev_2287
2288,web,dev_2288
2289,ml,dev_2289
2290,ml,dev_2290
2291,ml,dev_2291
2292,web,dev_2292
2293,web,dev_2293
2294,web,dev_2294
2295,ml,dev_2295
2296,web,dev_2296
2297,web,dev_2297
2298,ml,dev_2298
2299,web,dev_2299
2300,web,dev_2300
2301,web,dev_2301
2302,web,dev_2302
2303,web,dev_2303
2304,ml,dev_2304
2305,ml,dev_2305
2306,ml,dev_2306
2307,web,dev_2307
2308,ml,dev_2308
2309,web,dev_2309
2310,web,dev_2310
2311,ml,dev_2311
2312,ml,dev_2312
2313,web,dev_2313
2314,ml,dev_2314
2315,web,dev_2315
2316,web,dev_2316
2317,web,dev_2317
2318,web,dev_2318
2319,ml,dev_2319
2320,ml,dev_2320
2321,ml,dev_2321
2322,web,dev_2322
2323,ml,dev_2323
2324,web,dev_2324
2325,web,dev_2325
2326,web,dev_2326
2327,ml,dev_2327
2328,web,dev_2328
2329,ml,dev_2329
2330,ml,dev_2330
2331,web,dev_2331
2332,web,dev_2332
2333,ml,dev_2333
2334,ml,dev_2334
2335,ml,dev_2335
2336,web,dev_2336
2337,web,dev_2337
2338,web,dev_2338
2339,web,dev_2339
2340,ml,dev_2340
2341,web,dev_2341
2342,web,dev_2342
2343,web,dev_2343
2344,web,dev_2344
2345,web,dev_2345
2346,web,dev_2346
2347,web,dev_2347
2348,web,dev_2348
2349,ml,dev_2349
2350,ml,dev_2350
2351,web,dev_2351
2352,ml,dev_2352
2353,ml,dev_2353
2354,ml,dev_2354
2355,web,dev_2355
2356,ml,dev_2356
2357,ml,dev_2357
2358,ml,dev_2358
2359,ml,dev_2359
2360,ml,dev_2360
2361,web,dev_2361
2362,web,dev_2362
2363,ml,dev_2363
2364,web,dev_2364
2365,ml,dev_2365
2366,web,dev_2366
2367,ml,dev_2367
2368,ml,dev_2368
2369,ml,dev_2369
2370,ml,dev_2370
2371,ml,dev_2371
2372,web,dev_2372
2373,web,dev_2373
2374,ml,dev_2374
2375,ml,dev_2375
2376,ml,dev_2376
2377,ml,dev_2377
2378,web,dev_2378
2379,ml,dev_2379
2380,web,dev_2380
2381,ml,dev_2381
2382,ml,dev_2382
2383,ml,dev_2383
2384,web,dev_2384
2385,ml,dev_2385
2386,ml,dev_2386
2387,web,dev_2387
2388,ml,dev_2388
2389,ml,dev_2389
2390,web,dev_2390
2391,ml,dev_2391
2392,ml,dev_2392
2393,ml,dev_2393
2394,ml,dev_2394
2395,web,dev_2395
2396,web,dev_2396
2397,ml,dev_2397
2398,web,dev_2398
2399,web,dev_2399
2400,web,dev_2400
2401,ml,dev_2401
2402,web,dev_2402
2403,ml,dev_2403
2404,ml,dev_2404
2405,web,dev_2405
2406,ml,dev_2406
2407,ml,dev_2407
2408,web,dev_2408
2409,web,dev_2409
2410,web,dev_2410
2411,ml,dev_2411
2412,ml,dev_2412
2413,ml,dev_2413
2414,ml,dev_2414
2415,ml,dev_2415
2416,web,dev_2416
2417,ml,dev_2417
2418,ml,dev_2418
2419,web,dev_2419
2420,ml,dev_2420
2421,ml,dev_2421
2422,ml,dev_2422
2423,web,dev_2423
2424,web,dev_2424
2425,ml,dev_2425
2426,web,dev_2426
2427,web,dev_2427
2428,web,dev_2428
2429,ml,dev_2429
2430,ml,dev_2430
2431,web,dev_2431
2432,ml,dev_2432
2433,web,dev_2433
2434,ml,dev_2434
2435,ml,dev_2435
2436,web,dev_2436
2437,web,dev_2437
2438,ml,dev_2438
2439,ml,dev_2439
2440,ml,dev_2440
2441,web,dev_2441
2442,ml,dev_2442
2443,web,dev_2443
2444,ml,dev_2444
2445,web,dev_2445
2446,ml,dev_2446
2447,ml,dev_2447
2448,ml,dev_2448
2449,web,dev_2449
2450,ml,dev_2450
2451,ml,dev_2451
2452,web,dev_2452
2453,web,dev_2453
2454,web,dev_2454
2455,ml,dev_2455
2456,ml,dev_2456
2457,ml,dev_2457
2458,ml,dev_2458
2459,ml,dev_2459
2460,web,dev_2460
2461,web,dev_2461
2462,ml,dev_2462
2463,web,dev_2463
2464,ml,dev_2464
2465,ml,dev_2465
2466,web,dev_2466
2467,web,dev_2467
2468,web,dev_2468
2469,web,dev_2469
2470,web,dev_2470
2471,web,dev_2471
2472,web,dev_2472
2473,web,dev_2473
2474,web,dev_2474
2475,web,dev_2475
2476,ml,dev_2476
2477,ml,dev_2477
2478,ml,dev_2478
2479,ml,dev_2479
2480,ml,dev_2480
2481,ml,dev_2481
2482,ml,dev_2482
2483,web,dev_2483
2484,web,dev_2484
2485,web,dev_2485
2486,ml,dev_2486
2487,web,dev_2487
2488,web,dev_2488
2489,ml,dev_2489
2490,web,dev_2490
2491,web,dev_2491
2492,ml,dev_2492
2493,web,dev_2493
2494,ml,dev_2494
2495,web,dev_2495
2496,web,dev_2496
2497,ml,dev_2497
2498,ml,dev_2498
2499,web,dev_2499
2500,web,dev_2500
2501,ml,dev_2501
2502,web,dev_2502
2503,ml,dev_2503
2504,ml,dev_2504
2505,ml,dev_2505
2506,ml,dev_2506
2507,web,dev_2507
2508,ml,dev_2508
2509,ml,dev_2509
2510,ml,dev_2510
2511,ml,dev_2511
2512,web,dev_2512
2513,ml,dev_2513
2514,ml,dev_2514
2515,ml,dev_2515
2516,web,dev_2516
2517,ml,dev_2517
2518,web,dev_2518
2519,web,dev_2519
2520,ml,dev_2520
2521,web,dev_2521
2522,web,dev_2522
2523,ml,dev_2523
2524,web,dev_2524
2525,web,dev_2525
2526,ml,dev_2526
2527,web,dev_2527
2528,web,dev_2528
2529,web,dev_2529
2530,ml,dev_2530
2531,web,dev_2531
2532,web,dev_2532
2533,web,dev_2533
2534,ml,dev_2534
2535,web,dev_2535
2536,web,dev_2536
2537,ml,dev_2537
2538,web,dev_2538
2539,web,dev_2539
2540,ml,dev_2540
2541,ml,dev_2541
2542,ml,dev_2542
2543,ml,dev_2543
2544,ml,dev_2544
2545,web,dev_2545
2546,ml,dev_2546
2547,ml,dev_2547
2548,ml,dev_2548
2549,web,dev_2549
2550,web,dev_2550
2551,ml,dev_2551
2552,web,dev_2552
2553,web,dev_2553
2554,ml,dev_2554
2555,web,dev_2555
2556,ml,dev_2556
2557,ml,dev_2557
2558,web,dev_2558
2559,web,dev_2559
2560,web,dev_2560
2561,ml,dev_2561
2562,ml,dev_2562
2563,web,dev_2563
2564,ml,dev_2564
2565,web,dev_2565
2566,ml,dev_2566
2567,ml,dev_2567
2568,ml,dev_2568
2569,ml,dev_2569
2570,web,dev_2570
2571,ml,dev_2571
2572,web,dev_2572
2573,web,dev_2573
2574,web,dev_2574
2575,web,dev_2575
2576,ml,dev_2576
2577,web,dev_2577
2578,web,dev_2578
2579,web,dev_2579
2580,web,dev_2580
2581,web,dev_2581
2582,web,dev_2582
2583,web,dev_2583
2584,web,dev_2584
2585,web,dev_2585
2586,web,dev_2586
2587,ml,dev_2587
2588,web,dev_2588
2589,ml,dev_2589
2590,ml,dev_2590
2591,ml,dev_2591
2592,ml,dev_2592
2593,ml,dev_2593
2594,ml,dev_2594
2595,web,dev_2595
2596,ml,dev_2596
2597,web,dev_2597
2598,web,dev_2598
2599,ml,dev_2599
2600,ml,dev_2600
2601,web,dev_2601
2602,ml,dev_2602
2603,web,dev_2603
2604,web,dev_2604
2605,web,dev_2605
2606,ml,dev_2606
2607,web,dev_2607
2608,ml,dev_2608
2609,ml,dev_2609
2610,web,dev_2610
2611,ml,dev_2611
2612,ml,dev_2612
2613,web,dev_2613
2614,web,dev_2614
2615,ml,dev_2615
2616,web,dev_2616
2617,web,dev_2617
2618,ml,dev_2618
2619,web,dev_2619
2620,web,dev_2620
2621,ml,dev_2621
2622,web,dev_2622
2623,web,dev_2623
2624,web,dev_2624
2625,ml,dev_2625
2626,ml,dev_2626
2627,ml,dev_2627
2628,web,dev_2628
2629,ml,dev_2629
2630,ml,dev_2630
2631,ml,dev_2631
2632,ml,dev_2632
2633,web,dev_2633
2634,ml,dev_2634
2635,ml,dev_2635
2636,ml,dev_2636
2637,ml,dev_2637
2638,web,dev_2638
2639,web,dev_2639
2640,web,dev_2640
2641,ml,dev_2641
2642,ml,dev_2642
2643,ml,dev_2643
2644,web,dev_2644
2645,web,dev_2645
2646,ml,dev_2646
2647,web,dev_2647
2648,web,dev_2648
2649,web,dev_2649
2650,web,dev_2650
2651,ml,dev_2651
2652,web,dev_2652
2653,ml,dev_2653
2654,ml,dev_2654
2655,ml,dev_2655
2656,web,dev_2656
2657,web,dev_2657
2658,ml,dev_2658
2659,web,dev_2659
2660,web,dev_2660
2661,ml,dev_2661
2662,web,dev_2662
2663,web,dev_2663
2664,ml,dev_2664
2665,ml,dev_2665
2666,web,dev_2666
2667,ml,dev_2667
2668,ml,dev_2668
2669,ml,dev_2669
2670,ml,dev_2670
2671,ml,dev_2671
2672,ml,dev_2672
2673,ml,dev_2673
2674,ml,dev_2674
2675,ml,dev_2675
2676,ml,dev_2676
2677,web,dev_2677
2678,web,dev_2678
2679,web,dev_2679
2680,web,dev_2680
2681,ml,dev_2681
2682,web,dev_2682
2683,ml,dev_2683
2684,web,dev_2684
2685,ml,dev_2685
2686,ml,dev_2686
2687,ml,dev_2687
2688,ml,dev_2688
2689,ml,dev_2689
2690,web,dev_2690
2691,web,dev_2691
2692,ml,dev_2692
2693,web,dev_2693
2694,web,dev_2694
2695,ml,dev_2695
2696,ml,dev_2696
2697,ml,dev_2697
2698,ml,dev_2698
2699,web,dev_2699
2700,web,dev_2700
2701,ml,dev_2701
2702,web,dev_2702
2703,web,dev_2703
2704,ml,dev_2704
2705,web,dev_2705
2706,ml,dev_2706
2707,ml,dev_2707
2708,web,dev_2708
2709,web,dev_2709
2710,ml,dev_2710
2711,web,dev_2711
2712,web,dev_2712
2713,ml,dev_2713
2714,ml,dev_2714
2715,web,dev_2715
2716,ml,dev_2716
2717,ml,dev_2717
2718,web,dev_2718
2719,ml,dev_2719
2720,ml,dev_2720
2721,ml,dev_2721
2722,ml,dev_2722
2723,ml,dev_2723
2724,ml,dev_2724
2725,ml,dev_2725
2726,ml,dev_2726
2727,ml,dev_2727
2728,web,dev_2728
2729,web,dev_2729
2730,web,dev_2730
2731,web,dev_2731
2732,web,dev_2732
2733,web,dev_2733
2734,web,dev_2734
2735,web,dev_2735
2736,web,dev_2736
2737,ml,dev_2737
2738,web,dev_2738
2739,ml,dev_2739
2740,web,dev_2740
2741,ml,dev_2741
2742,web,dev_2742
2743,web,dev_2743
2744,web,dev_2744
2745,web,dev_2745
2746,ml,dev_2746
2747,ml,dev_2747
2748,ml,dev_2748
2749,web,dev_2749
2750,web,dev_2750
2751,web,dev_2751
2752,web,dev_2752
2753,ml,dev_2753
2754,ml,dev_2754
2755,web,dev_2755
2756,web,dev_2756
2757,ml,dev_2757
2758,ml,dev_2758
2759,ml,dev_2759
2760,web,dev_2760
2761,ml,dev_2761
2762,ml,dev_2762
2763,web,dev_2763
2764,web,dev_2764
2765,ml,dev_2765
2766,ml,dev_2766
2767,web,dev_2767
2768,ml,dev_2768
2769,ml,dev_2769
2770,web,dev_2770
2771,ml,dev_2771
2772,ml,dev_2772
2773,ml,dev_2773
2774,web,dev_2774
2775,web,dev_2775
2776,ml,dev_2776
2777,web,dev_2777
2778,ml,dev_2778
2779,ml,dev_2779
2780,web,dev_2780
2781,ml,dev_2781
2782,ml,dev_2782
2783,web,dev_2783
2784,web,dev_2784
2785,ml,dev_2785
2786,web,dev_2786
2787,web,dev_2787
2788,ml,dev_2788
2789,web,dev_2789
2790,web,dev_2790
2791,ml,dev_2791
2792,ml,dev_2792
2793,web,dev_2793
2794,ml,dev_2794
2795,web,dev_2795
2796,ml,dev_2796
2797,ml,dev_2797
2798,ml,dev_2798
2799,web,dev_2799
2800,web,dev_2800
2801,ml,dev_2801
2802,ml,dev_2802
2803,ml,dev_2803
2804,web,dev_2804
2805,ml,dev_2805
2806,web,dev_2806
2807,ml,dev_2807
2808,ml,dev_2808
2809,web,dev_2809
2810,ml,dev_2810
2811,web,dev_2811
2812,ml,dev_2812
2813,web,dev_2813
2814,web,dev_2814
2815,ml,dev_2815
2816,ml,dev_2816
2817,web,dev_2817
2818,ml,dev_2818
2819,ml,dev_2819
2820,web,dev_2820
2821,ml,dev_2821
2822,web,dev_2822
2823,web,dev_2823
2824,ml,dev_2824
2825,ml,dev_2825
2826,ml,dev_2826
2827,ml,dev_2827
2828,web,dev_2828
2829,web,dev_2829
2830,ml,dev_2830
2831,web,dev_2831
2832,ml,dev_2832
2833,ml,dev_2833
2834,web,dev_2834
2835,ml,dev_2835
2836,ml,dev_2836
2837,ml,dev_2837
2838,web,dev_2838
2839,web,dev_2839
2840,ml,dev_2840
2841,ml,dev_2841
2842,web,dev_2842
2843,ml,dev_2843
2844,web,dev_2844
2845,web,dev_2845
2846,ml,dev_2846
2847,web,dev_2847
2848,ml,dev_2848
2849,ml,dev_2849
2850,web,dev_2850
2851,web,dev_2851
2852,ml,dev_2852
2853,ml,dev_2853
2854,web,dev_2854
2855,web,dev_2855
2856,ml,dev_2856
2857,web,dev_2857
2858,web,dev_2858
2859,web,dev_2859
2860,ml,dev_2860
2861,web,dev_2861
2862,ml,dev_2862
2863,ml,dev_2863
2864,web,dev_2864
2865,ml,dev_2865
2866,ml,dev_2866
2867,ml,dev_2867
2868,web,dev_2868
2869,web,dev_2869
2870,ml,dev_2870
2871,web,dev_2871
2872,web,dev_2872
2873,web,dev_2873
2874,ml,dev_2874
2875,web,dev_2875
2876,web,dev_2876
2877,ml,dev_2877
2878,web,dev_2878
2879,web,dev_2879
2880,web,dev_2880
2881,ml,dev_2881
2882,web,dev_2882
2883,web,dev_2883
2884,web,dev_2884
2885,web,dev_2885
2886,web,dev_2886
2887,web,dev_2887
2888,ml,dev_2888
2889,ml,dev_2889
2890,ml,dev_2890
2891,ml,dev_2891
2892,web,dev_2892
2893,web,dev_2893
2894,web,dev_2894
2895,ml,dev_2895
2896,ml,dev_2896
2897,ml,dev_2897
2898,ml,dev_2898
2899,ml,dev_2899
2900,web,dev_2900
2901,ml,dev_2901
2902,ml,dev_2902
2903,ml,dev_2903
2904,web,dev_2904
2905,ml,dev_2905
2906,web,dev_2906
2907,ml,dev_2907
2908,web,dev_2908
2909,ml,dev_2909
2910,ml,dev_2910
2911,web,dev_2911
2912,web,dev_2912
2913,web,dev_2913
2914,ml,dev_2914
2915,ml,dev_2915
2916,ml,dev_2916
2917,ml,dev_2917
2918,ml,dev_2918
2919,web,dev_2919
2920,ml,dev_2920
2921,ml,dev_2921
2922,ml,dev_2922
2923,web,dev_2923
2924,web,dev_2924
2925,web,dev_2925
2926,ml,dev_2926
2927,web,dev_2927
2928,web,dev_2928
2929,web,dev_2929
2930,web,dev_2930
2931,ml,dev_2931
2932,ml,dev_2932
2933,web,dev_2933
2934,web,dev_2934
2935,web,dev_2935
2936,ml,dev_2936
2937,ml,dev_2937
2938,web,dev_2938
2939,web,dev_2939
2940,ml,dev_2940
2941,ml,dev_2941
2942,ml,dev_2942
2943,web,dev_2943
2944,web,dev_2944
2945,ml,dev_2945
2946,ml,dev_2946
2947,ml,dev_2947
2948,web,dev_2948
2949,ml,dev_2949
2950,web,dev_2950
2951,web,dev_2951
2952,ml,dev_2952
2953,web,dev_2953
2954,ml,dev_2954
2955,web,dev_2955
2956,web,dev_2956
2957,web,dev_2957
2958,ml,dev_2958
2959,ml,dev_2959
2960,ml,dev_2960
2961,ml,dev_2961
2962,web,dev_2962
2963,ml,dev_2963
2964,web,dev_2964
2965,ml,dev_2965
2966,web,dev_2966
2967,web,dev_2967
2968,ml,dev_2968
2969,ml,dev_2969
2970,ml,dev_2970
2971,ml,dev_2971
2972,ml,dev_2972
2973,ml,dev_2973
2974,ml,dev_2974
2975,web,dev_2975
2976,web,dev_2976
2977,ml,dev_2977
2978,web,dev_2978
2979,web,dev_2979
2980,web,dev_2980
2981,ml,dev_2981
2982,ml,dev_2982
2983,web,dev_2983
2984,ml,dev_2984
2985,ml,dev_2985
2986,ml,dev_2986
2987,ml,dev_2987
2988,web,dev_2988
2989,web,dev_2989
2990,ml,dev_2990
2991,web,dev_2991
2992,ml,dev_2992
2993,web,dev_2993
2994,web,dev_2994
2995,ml,dev_2995
2996,web,dev_2996
2997,web,dev_2997
2998,web,dev_2998
2999,ml,dev_2999
3000,web,dev_3000
3001,ml,dev_3001
3002,ml,dev_3002
3003,web,dev_3003
3004,web,dev_3004
3005,web,dev_3005
3006,ml,dev_3006
3007,web,dev_3007
3008,ml,dev_3008
3009,ml,dev_3009
3010,ml,dev_3010
3011,ml,dev_3011
3012,ml,dev_3012
3013,web,dev_3013
3014,ml,dev_3014
3015,web,dev_3015
3016,ml,dev_3016
3017,web,dev_3017
3018,ml,dev_3018
3019,web,dev_3019
3020,web,dev_3020
3021,ml,dev_3021
3022,web,dev_3022
3023,ml,dev_3023
3024,ml,dev_3024
3025,web,dev_3025
3026,web,dev_3026
3027,web,dev_3027
3028,web,dev_3028
3029,web,dev_3029
3030,web,dev_3030
3031,ml,dev_3031
3032,ml,dev_3032
3033,web,dev_3033
3034,ml,dev_3034
3035,web,dev_3035
3036,ml,dev_3036
3037,web,dev_3037
3038,web,dev_3038
3039,ml,dev_3039
3040,ml,dev_3040
3041,web,dev_3041
3042,web,dev_3042
3043,ml,dev_3043
3044,web,dev_3044
3045,ml,dev_3045
3046,web,dev_3046
3047,web,dev_3047
3048,web,dev_3048
3049,web,dev_3049
3050,ml,dev_3050
3051,ml,dev_3051
3052,web,dev_3052
3053,ml,dev_3053
3054,web,dev_3054
3055,ml,dev_3055
3056,web,dev_3056
3057,ml,dev_3057
3058,ml,dev_3058
3059,web,dev_3059
3060,web,dev_3060
3061,ml,dev_3061
3062,ml,dev_3062
3063,web,dev_3063
3064,web,dev_3064
3065,ml,dev_3065
3066,ml,dev_3066
3067,web,dev_3067
3068,ml,dev_3068
3069,web,dev_3069
3070,ml,dev_3070
3071,ml,dev_3071
3072,web,dev_3072
3073,ml,dev_3073
3074,ml,dev_3074
3075,web,dev_3075
3076,ml,dev_3076
3077,web,dev_3077
3078,ml,dev_3078
3079,web,dev_3079
3080,ml,dev_3080
3081,web,dev_3081
3082,ml,dev_3082
3083,web,dev_3083
3084,ml,dev_3084
3085,web,dev_3085
3086,ml,dev_3086
3087,web,dev_3087
3088,web,dev_3088
3089,web,dev_3089
3090,ml,dev_3090
3091,ml,dev_3091
3092,ml,dev_3092
3093,web,dev_3093
3094,web,dev_3094
3095,ml,dev_3095
3096,ml,dev_3096
3097,web,dev_3097
3098,ml,dev_3098
3099,web,dev_3099
3100,web,dev_3100
3101,web,dev_3101
3102,ml,dev_3102
3103,ml,dev_3103
3104,web,dev_3104
3105,ml,dev_3105
3106,ml,dev_3106
3107,web,dev_3107
3108,web,dev_3108
3109,ml,dev_3109
3110,ml,dev_3110
3111,web,dev_3111
3112,web,dev_3112
3113,ml,dev_3113
3114,ml,dev_3114
3115,web,dev_3115
3116,web,dev_3116
3117,web,dev_3117
3118,web,dev_3118
3119,web,dev_3119
3120,ml,dev_3120
3121,web,dev_3121
3122,web,dev_3122
3123,ml,dev_3123
3124,web,dev_3124
3125,ml,dev_3125
3126,web,dev_3126
3127,web,dev_3127
3128,web,dev_3128
3129,web,dev_3129
3130,ml,dev_3130
3131,ml,dev_3131
3132,web,dev_3132
3133,web,dev_3133
3134,web,dev_3134
3135,ml,dev_3135
3136,web,dev_3136
3137,web,dev_3137
3138,ml,dev_3138
3139,web,dev_3139
3140,ml,dev_3140
3141,web,dev_3141
3142,ml,dev_3142
3143,web,dev_3143
3144,web,dev_3144
3145,ml,dev_3145
3146,web,dev_3146
3147,web,dev_3147
3148,ml,dev_3148
3149,web,dev_3149
3150,ml,dev_3150
3151,ml,dev_3151
3152,ml,dev_3152
3153,ml,dev_3153
3154,web,dev_3154
3155,web,dev_3155
3156,ml,dev_3156
3157,ml,dev_3157
3158,ml,dev_3158
3159,ml,dev_3159
3160,web,dev_3160
3161,ml,dev_3161
3162,ml,dev_3162
3163,ml,dev_3163
3164,web,dev_3164
3165,ml,dev_3165
3166,web,dev_3166
3167,ml,dev_3167
3168,ml,dev_3168
3169,ml,dev_3169
3170,ml,dev_3170
3171,ml,dev_3171
3172,web,dev_3172
3173,ml,dev_3173
3174,ml,dev_3174
3175,web,dev_3175
3176,web,dev_3176
3177,ml,dev_3177
3178,ml,dev_3178
3179,ml,dev_3179
3180,web,dev_3180
3181,web,dev_3181
3182,web,dev_3182
3183,web,dev_3183
3184,ml,dev_3184
3185,web,dev_3185
3186,web,dev_3186
3187,web,dev_3187
3188,web,dev_3188
3189,web,dev_3189
3190,web,dev_3190
3191,web,dev_3191
3192,ml,dev_3192
3193,ml,dev_3193
3194,web,dev_3194
3195,ml,dev_3195
3196,ml,dev_3196
3197,web,dev_3197
3198,web,dev_3198
3199,ml,dev_3199
3200,web,dev_3200
3201,ml,dev_3201
3202,ml,dev_3202
3203,web,dev_3203
3204,ml,dev_3204
3205,ml,dev_3205
3206,ml,dev_3206
3207,web,dev_3207
3208,ml,dev_3208
3209,ml,dev_3209
3210,ml,dev_3210
3211,web,dev_3211
3212,web,dev_3212
3213,web,dev_3213
3214,web,dev_3214
3215,web,dev_3215
3216,web,dev_3216
3217,web,dev_3217
3218,ml,dev_3218
3219,web,dev_3219
3220,ml,dev_3220
3221,ml,dev_3221
3222,web,dev_3222
3223,web,dev_3223
3224,web,dev_3224
3225,web,dev_3225
3226,ml,dev_3226
3227,ml,dev_3227
3228,web,dev_3228
3229,ml,dev_3229
3230,ml,dev_3230
3231,web,dev_3231
3232,web,dev_3232
3233,ml,dev_3233
3234,ml,dev_3234
3235,web,dev_3235
3236,web,dev_3236
3237,ml,dev_3237
3238,web,dev_3238
3239,ml,dev_3239
3240,ml,dev_3240
3241,ml,dev_3241
3242,ml,dev_3242
3243,web,dev_3243
3244,ml,dev_3244
3245,web,dev_3245
3246,ml,dev_3246
3247,ml,dev_3247
3248,ml,dev_3248
3249,ml,dev_3249
3250,web,dev_3250
3251,ml,dev_3251
3252,web,dev_3252
3253,ml,dev_3253
3254,ml,dev_3254
3255,web,dev_3255
3256,ml,dev_3256
3257,ml,dev_3257
3258,ml,dev_3258
3259,web,dev_3259
3260,ml,dev_3260
3261,ml,dev_3261
3262,web,dev_3262
3263,ml,dev_3263
3264,web,dev_3264
3265,web,dev_3265
3266,ml,dev_3266
3267,ml,dev_3267
3268,web,dev_3268
3269,web,dev_3269
3270,web,dev_3270
3271,ml,dev_3271
3272,ml,dev_3272
3273,web,dev_3273
3274,web,dev_3274
3275,web,dev_3275
3276,ml,dev_3276
3277,web,dev_3277
3278,web,dev_3278
3279,web,dev_3279
3280,web,dev_3280
3281,ml,dev_3281
3282,ml,dev_3282
3283,ml,dev_3283
3284,web,dev_3284
3285,web,dev_3285
3286,web,dev_3286
3287,web,dev_3287
3288,ml,dev_3288
3289,ml,dev_3289
3290,ml,dev_3290
3291,web,dev_3291
3292,web,dev_3292
3293,web,dev_3293
3294,ml,dev_3294
3295,web,dev_3295
3296,ml,dev_3296
3297,ml,dev_3297
3298,web,dev_3298
3299,web,dev_3299
3300,ml,dev_3300
3301,web,dev_3301
3302,ml,dev_3302
3303,web,dev_3303
3304,ml,dev_3304
3305,ml,dev_3305
3306,ml,dev_3306
3307,ml,dev_3307
3308,ml,dev_3308
3309,ml,dev_3309
3310,web,dev_3310
3311,ml,dev_3311
3312,web,dev_3312
3313,web,dev_3313
3314,ml,dev_3314
3315,ml,dev_3315
3316,web,dev_3316
3317,ml,dev_3317
3318,web,dev_3318
3319,web,dev_3319
3320,web,dev_3320
3321,ml,dev_3321
3322,ml,dev_3322
3323,ml,dev_3323
3324,ml,dev_3324
3325,ml,dev_3325
3326,ml,dev_3326
3327,web,dev_3327
3328,ml,dev_3328
3329,ml,dev_3329
3330,ml,dev_3330
3331,web,dev_3331
3332,web,dev_3332
3333,web,dev_3333
3334,ml,dev_3334
3335,web,dev_3335
3336,web,dev_3336
3337,web,dev_3337
3338,web,dev_3338
3339,ml,dev_3339
3340,web,dev_3340
3341,web,dev_3341
3342,web,dev_3342
3343,ml,dev_3343
3344,ml,dev_3344
3345,web,dev_3345
3346,web,dev_3346
3347,web,dev_3347
3348,ml,dev_3348
3349,ml,dev_3349
3350,web,dev_3350
3351,web,dev_3351
3352,web,dev_3352
3353,ml,dev_3353
3354,web,dev_3354
3355,web,dev_3355
3356,web,dev_3356
3357,web,dev_3357
3358,ml,dev_3358
3359,ml,dev_3359
3360,ml,dev_3360
3361,ml,dev_3361
3362,web,dev_3362
3363,ml,dev_3363
3364,ml,dev_3364
3365,web,dev_3365
3366,ml,dev_3366
3367,ml,dev_3367
3368,web,dev_3368
3369,web,dev_3369
3370,ml,dev_3370
3371,ml,dev_3371
3372,web,dev_3372
3373,web,dev_3373
3374,web,dev_3374
3375,web,dev_3375
3376,web,dev_3376
3377,web,dev_3377
3378,ml,dev_3378
3379,ml,dev_3379
3380,web,dev_3380
3381,ml,dev_3381
3382,ml,dev_3382
3383,web,dev_3383
3384,web,dev_3384
3385,web,dev_3385
3386,ml,dev_3386
3387,ml,dev_3387
3388,ml,dev_3388
3389,web,dev_3389
3390,ml,dev_3390
3391,web,dev_3391
3392,web,dev_3392
3393,ml,dev_3393
3394,web,dev_3394
3395,web,dev_3395
3396,web,dev_3396
3397,ml,dev_3397
3398,web,dev_3398
3399,web,dev_3399
3400,web,dev_3400
3401,ml,dev_3401
3402,ml,dev_3402
3403,web,dev_3403
3404,ml,dev_3404
3405,ml,dev_3405
3406,web,dev_3406
3407,web,dev_3407
3408,web,dev_3408
3409,web,dev_3409
3410,ml,dev_3410
3411,web,dev_3411
3412,web,dev_3412
3413,web,dev_3413
3414,ml,dev_3414
3415,web,dev_3415
3416,ml,dev_3416
3417,web,dev_3417
3418,web,dev_3418
3419,web,dev_3419
3420,ml,dev_3420
3421,web,dev_3421
3422,ml,dev_3422
3423,web,dev_3423
3424,web,dev_3424
3425,ml,dev_3425
3426,ml,dev_3426
3427,web,dev_3427
3428,web,dev_3428
3429,web,dev_3429
3430,web,dev_3430
3431,ml,dev_3431
3432,web,dev_3432
3433,ml,dev_3433
3434,web,dev_3434
3435,ml,dev_3435
3436,ml,dev_3436
3437,web,dev_3437
3438,web,dev_3438
3439,ml,dev_3439
3440,web,dev_3440
3441,ml,dev_3441
3442,ml,dev_3442
3443,ml,dev_3443
3444,web,dev_3444
3445,web,dev_3445
3446,ml,dev_3446
3447,web,dev_3447
3448,web,dev_3448
3449,ml,dev_3449
3450,web,dev_3450
3451,web,dev_3451
3452,ml,dev_3452
3453,web,dev_3453
3454,ml,dev_3454
3455,web,dev_3455
3456,web,dev_3456
3457,web,dev_3457
3458,web,dev_3458
3459,web,dev_3459
3460,web,dev_3460
3461,web,dev_3461
3462,web,dev_3462
3463,ml,dev_3463
3464,web,dev_3464
3465,ml,dev_3465
3466,web,dev_3466
3467,ml,dev_3467
3468,web,dev_3468
3469,web,dev_3469
3470,web,dev_3470
3471,ml,dev_3471
3472,web,dev_3472
3473,web,dev_3473
3474,ml,dev_3474
3475,ml,dev_3475
3476,web,dev_3476
3477,web,dev_3477
3478,ml,dev_3478
3479,ml,dev_3479
3480,ml,dev_3480
3481,ml,dev_3481
3482,web,dev_3482
3483,web,dev_3483
3484,ml,dev_3484
3485,ml,dev_3485
3486,web,dev_3486
3487,web,dev_3487
3488,web,dev_3488
3489,web,dev_3489
3490,ml,dev_3490
3491,web,dev_3491
3492,web,dev_3492
3493,web,dev_3493
3494,web,dev_3494
3495,web,dev_3495
3496,ml,dev_3496
3497,web,dev_3497
3498,ml,dev_3498
3499,ml,dev_3499
3500,ml,dev_3500
3501,web,dev_3501
3502,ml,dev_3502
3503,web,dev_3503
3504,ml,dev_3504
3505,web,dev_3505
3506,ml,dev_3506
3507,web,dev_3507
3508,web,dev_3508
3509,ml,dev_3509
3510,ml,dev_3510
3511,ml,dev_3511
3512,ml,dev_3512
3513,web,dev_3513
3514,web,dev_3514
3515,ml,dev_3515
3516,ml,dev_3516
3517,ml,dev_3517
3518,web,dev_3518
3519,web,dev_3519
3520,web,dev_3520
3521,ml,dev_3521
3522,web,dev_3522
3523,ml,dev_3523
3524,ml,dev_3524
3525,web,dev_3525
3526,web,dev_3526
3527,ml,dev_3527
3528,ml,dev_3528
3529,web,dev_3529
3530,ml,dev_3530
3531,ml,dev_3531
3532,ml,dev_3532
3533,ml,dev_3533
3534,ml,dev_3534
3535,ml,dev_3535
3536,ml,dev_3536
3537,ml,dev_3537
3538,web,dev_3538
3539,web,dev_3539
3540,web,dev_3540
3541,ml,dev_3541
3542,ml,dev_3542
3543,web,dev_3543
3544,web,dev_3544
3545,ml,dev_3545
3546,web,dev_3546
3547,ml,dev_3547
3548,ml,dev_3548
3549,ml,dev_3549
3550,ml,dev_3550
3551,ml,dev_3551
3552,web,dev_3552
3553,web,dev_3553
3554,web,dev_3554
3555,web,dev_3555
3556,web,dev_3556
3557,ml,dev_3557
3558,ml,dev_3558
3559,ml,dev_3559
3560,ml,dev_3560
3561,web,dev_3561
3562,web,dev_3562
3563,web,dev_3563
3564,ml,dev_3564
3565,ml,dev_3565
3566,ml,dev_3566
3567,ml,dev_3567
3568,ml,dev_3568
3569,web,dev_3569
3570,web,dev_3570
3571,web,dev_3571
3572,web,dev_3572
3573,web,dev_3573
3574,ml,dev_3574
3575,ml,dev_3575
3576,web,dev_3576
3577,ml,dev_3577
3578,web,dev_3578
3579,web,dev_3579
3580,ml,dev_3580
3581,ml,dev_3581
3582,web,dev_3582
3583,web,dev_3583
3584,web,dev_3584
3585,web,dev_3585
3586,web,dev_3586
3587,ml,dev_3587
3588,web,dev_3588
3589,web,dev_3589
3590,ml,dev_3590
3591,ml,dev_3591
3592,web,dev_3592
3593,ml,dev_3593
3594,ml,dev_3594
3595,ml,dev_3595
3596,ml,dev_3596
3597,web,dev_3597
3598,ml,dev_3598
3599,web,dev_3599
3600,ml,dev_3600
3601,web,dev_3601
3602,ml,dev_3602
3603,web,dev_3603
3604,web,dev_3604
3605,web,dev_3605
3606,web,dev_3606
3607,ml,dev_3607
3608,web,dev_3608
3609,ml,dev_3609
3610,web,dev_3610
3611,ml,dev_3611
3612,web,dev_3612
3613,ml,dev_3613
3614,web,dev_3614
3615,ml,dev_3615
3616,ml,dev_3616
3617,web,dev_3617
3618,ml,dev_3618
3619,web,dev_3619
3620,web,dev_3620
3621,ml,dev_3621
3622,web,dev_3622
3623,web,dev_3623
3624,ml,dev_3624
3625,web,dev_3625
3626,ml,dev_3626
3627,web,dev_3627
3628,ml,dev_3628
3629,web,dev_3629
3630,ml,dev_3630
3631,ml,dev_3631
3632,ml,dev_3632
3633,web,dev_3633
3634,web,dev_3634
3635,web,dev_3635
3636,web,dev_3636
3637,web,dev_3637
3638,web,dev_3638
3639,web,dev_3639
3640,ml,dev_3640
3641,ml,dev_3641
3642,web,dev_3642
3643,web,dev_3643
3644,web,dev_3644
3645,web,dev_3645
3646,ml,dev_3646
3647,web,dev_3647
3648,web,dev_3648
3649,ml,dev_3649
3650,web,dev_3650
3651,ml,dev_3651
3652,ml,dev_3652
3653,web,dev_3653
3654,ml,dev_3654
3655,web,dev_3655
3656,ml,dev_3656
3657,web,dev_3657
3658,web,dev_3658
3659,ml,dev_3659
3660,web,dev_3660
3661,ml,dev_3661
3662,ml,dev_3662
3663,web,dev_3663
3664,ml,dev_3664
3665,ml,dev_3665
3666,web,dev_3666
3667,ml,dev_3667
3668,web,dev_3668
3669,web,dev_3669
3670,ml,dev_3670
3671,ml,dev_3671
3672,web,dev_3672
3673,ml,dev_3673
3674,web,dev_3674
3675,web,dev_3675
3676,ml,dev_3676
3677,ml,dev_3677
3678,ml,dev_3678
3679,ml,dev_3679
3680,ml,dev_3680
3681,ml,dev_3681
3682,web,dev_3682
3683,ml,dev_3683
3684,web,dev_3684
3685,ml,dev_3685
3686,web,dev_3686
3687,web,dev_3687
3688,ml,dev_3688
3689,ml,dev_3689
3690,web,dev_3690
3691,web,dev_3691
3692,web,dev_3692
3693,web,dev_3693
3694,ml,dev_3694
3695,ml,dev_3695
3696,web,dev_3696
3697,web,dev_3697
3698,ml,dev_3698
3699,ml,dev_3699
3700,web,dev_3700
3701,web,dev_3701
3702,ml,dev_3702
3703,web,dev_3703
3704,web,dev_3704
3705,ml,dev_3705
3706,ml,dev_3706
3707,ml,dev_3707
3708,ml,dev_3708
3709,ml,dev_3709
3710,ml,dev_3710
3711,web,dev_3711
3712,web,dev_3712
3713,web,dev_3713
3714,web,dev_3714
3715,ml,dev_3715
3716,web,dev_3716
3717,ml,dev_3717
3718,ml,dev_3718
3719,web,dev_3719
3720,ml,dev_3720
3721,web,dev_3721
3722,web,dev_3722
3723,web,dev_3723
3724,web,dev_3724
3725,web,dev_3725
3726,ml,dev_3726
3727,ml,dev_3727
3728,ml,dev_3728
3729,ml,dev_3729
3730,ml,dev_3730
3731,ml,dev_3731
3732,ml,dev_3732
3733,web,dev_3733
3734,web,dev_3734
3735,ml,dev_3735
3736,ml,dev_3736
3737,web,dev_3737
3738,ml,dev_3738
3739,ml,dev_3739
3740,web,dev_3740
3741,web,dev_3741
3742,ml,dev_3742
3743,web,dev_3743
3744,ml,dev_3744
3745,web,dev_3745
3746,ml,dev_3746
3747,ml,dev_3747
3748,web,dev_3748
3749,web,dev_3749
3750,ml,dev_3750
3751,ml,dev_3751
3752,ml,dev_3752
3753,ml,dev_3753
3754,ml,dev_3754
3755,ml,dev_3755
3756,ml,dev_3756
3757,ml,dev_3757
3758,ml,dev_3758
3759,web,dev_3759
3760,web,dev_3760
3761,ml,dev_3761
3762,ml,dev_3762
3763,web,dev_3763
3764,ml,dev_3764
3765,web,dev_3765
3766,web,dev_3766
3767,web,dev_3767
3768,ml,dev_3768
3769,ml,dev_3769
3770,ml,dev_3770
3771,ml,dev_3771
3772,ml,dev_3772
3773,web,dev_3773
3774,ml,dev_3774
3775,ml,dev_3775
3776,web,dev_3776
3777,web,dev_3777
3778,ml,dev_3778
3779,ml,dev_3779
3780,ml,dev_3780
3781,web,dev_3781
3782,ml,dev_3782
3783,web,dev_3783
3784,web,dev_3784
3785,web,dev_3785
3786,ml,dev_3786
3787,web,dev_3787
3788,web,dev_3788
3789,ml,dev_3789
3790,ml,dev_3790
3791,ml,dev_3791
3792,ml,dev_3792
3793,ml,dev_3793
3794,ml,dev_3794
3795,ml,dev_3795
3796,ml,dev_3796
3797,ml,dev_3797
3798,ml,dev_3798
3799,ml,dev_3799
3800,web,dev_3800
3801,ml,dev_3801
3802,ml,dev_3802
3803,ml,dev_3803
3804,web,dev_3804
3805,web,dev_3805
3806,ml,dev_3806
3807,ml,dev_3807
3808,ml,dev_3808
3809,web,dev_3809
3810,ml,dev_3810
3811,web,dev_3811
3812,web,dev_3812
3813,ml,dev_3813
3814,ml,dev_3814
3815,ml,dev_3815
3816,web,dev_3816
3817,ml,dev_3817
3818,web,dev_3818
3819,web,dev_3819
3820,web,dev_3820
3821,web,dev_3821
3822,ml,dev_3822
3823,web,dev_3823
3824,ml,dev_3824
3825,ml,dev_3825
3826,web,dev_3826
3827,web,dev_3827
3828,web,dev_3828
3829,ml,dev_3829
3830,web,dev_3830
3831,web,dev_3831
3832,ml,dev_3832
3833,ml,dev_3833
3834,web,dev_3834
3835,ml,dev_3835
3836,web,dev_3836
3837,web,dev_3837
3838,web,dev_3838
3839,web,dev_3839
3840,ml,dev_3840
3841,ml,dev_3841
3842,web,dev_3842
3843,ml,dev_3843
3844,web,dev_3844
3845,ml,dev_3845
3846,web,dev_3846
3847,ml,dev_3847
3848,web,dev_3848
3849,ml,dev_3849
3850,web,dev_3850
3851,web,dev_3851
3852,ml,dev_3852
3853,web,dev_3853
3854,web,dev_3854
3855,web,dev_3855
3856,web,dev_3856
3857,ml,dev_3857
3858,ml,dev_3858
3859,ml,dev_3859
3860,web,dev_3860
3861,ml,dev_3861
3862,ml,dev_3862
3863,web,dev_3863
3864,ml,dev_3864
3865,ml,dev_3865
3866,ml,dev_3866
3867,ml,dev_3867
3868,ml,dev_3868
3869,web,dev_3869
3870,web,dev_3870
3871,ml,dev_3871
3872,web,dev_3872
3873,ml,dev_3873
3874,ml,dev_3874
3875,ml,dev_3875
3876,ml,dev_3876
3877,web,dev_3877
3878,web,dev_3878
3879,web,dev_3879
3880,ml,dev_3880
3881,ml,dev_3881
3882,web,dev_3882
3883,web,dev_3883
3884,web,dev_3884
3885,ml,dev_3885
3886,ml,dev_3886
3887,web,dev_3887
3888,web,dev_3888
3889,ml,dev_3889
3890,ml,dev_3890
3891,web,dev_3891
3892,ml,dev_3892
3893,ml,dev_3893
3894,ml,dev_3894
3895,ml,dev_3895
3896,ml,dev_3896
3897,web,dev_3897
3898,ml,dev_3898
3899,web,dev_3899
3900,web,dev_3900
3901,ml,dev_3901
3902,ml,dev_3902
3903,web,dev_3903
3904,ml,dev_3904
3905,ml,dev_3905
3906,web,dev_3906
3907,web,dev_3907
3908,ml,dev_3908
3909,web,dev_3909
3910,web,dev_3910
3911,web,dev_3911
3912,ml,dev_3912
3913,ml,dev_3913
3914,web,dev_3914
3915,web,dev_3915
3916,web,dev_3916
3917,web,dev_3917
3918,web,dev_3918
3919,web,dev_3919
3920,ml,dev_3920
3921,web,dev_3921
3922,web,dev_3922
3923,ml,dev_3923
3924,ml,dev_3924
3925,ml,dev_3925
3926,ml,dev_3926
3927,ml,dev_3927
3928,web,dev_3928
3929,web,dev_3929
3930,ml,dev_3930
3931,ml,dev_3931
3932,ml,dev_3932
3933,web,dev_3933
3934,ml,dev_3934
3935,web,dev_3935
3936,web,dev_3936
3937,ml,dev_3937
3938,ml,dev_3938
3939,ml,dev_3939
3940,web,dev_3940
3941,web,dev_3941
3942,web,dev_3942
3943,web,dev_3943
3944,ml,dev_3944
3945,ml,dev_3945
3946,web,dev_3946
3947,ml,dev_3947
3948,web,dev_3948
3949,ml,dev_3949
3950,web,dev_3950
3951,web,dev_3951
3952,ml,dev_3952
3953,web,dev_3953
3954,web,dev_3954
3955,ml,dev_3955
3956,web,dev_3956
3957,web,dev_3957
3958,ml,dev_3958
3959,web,dev_3959
3960,ml,dev_3960
3961,web,dev_3961
3962,ml,dev_3962
3963,ml,dev_3963
3964,web,dev_3964
3965,web,dev_3965
3966,ml,dev_3966
3967,web,dev_3967
3968,web,dev_3968
3969,ml,dev_3969
3970,ml,dev_3970
3971,ml,dev_3971
3972,ml,dev_3972
3973,ml,dev_3973
3974,ml,dev_3974
3975,ml,dev_3975
3976,web,dev_3976
3977,ml,dev_3977
3978,ml,dev_3978
3979,web,dev_3979
3980,ml,dev_3980
3981,web,dev_3981
3982,ml,dev_3982
3983,ml,dev_3983
3984,ml,dev_3984
3985,ml,dev_3985
3986,web,dev_3986
3987,ml,dev_3987
3988,ml,dev_3988
3989,ml,dev_3989
3990,web,dev_3990
3991,web,dev_3991
3992,ml,dev_3992
3993,web,dev_3993
3994,web,dev_3994
3995,web,dev_3995
3996,ml,dev_3996
3997,ml,dev_3997
3998,web,dev_3998
3999,ml,dev_3999
4000,ml,dev_4000
4001,ml,dev_4001
4002,ml,dev_4002
4003,web,dev_4003
4004,ml,dev_4004
4005,web,dev_4005
4006,ml,dev_4006
4007,ml,dev_4007
4008,ml,dev_4008
4009,ml,dev_4009
4010,web,dev_4010
4011,ml,dev_4011
4012,web,dev_4012
4013,ml,dev_4013
4014,ml,dev_4014
4015,ml,dev_4015
4016,web,dev_4016
4017,web,dev_4017
4018,ml,dev_4018
4019,web,dev_4019
4020,ml,dev_4020
4021,ml,dev_4021
4022,ml,dev_4022
4023,ml,dev_4023
4024,web,dev_4024
4025,web,dev_4025
4026,web,dev_4026
4027,web,dev_4027
4028,web,dev_4028
4029,ml,dev_4029
4030,web,dev_4030
4031,web,dev_4031
4032,ml,dev_4032
4033,web,dev_4033
4034,ml,dev_4034
4035,web,dev_4035
4036,web,dev_4036
4037,ml,dev_4037
4038,web,dev_4038
4039,ml,dev_4039
4040,web,dev_4040
4041,web,dev_4041
4042,web,dev_4042
4043,web,dev_4043
4044,web,dev_4044
4045,ml,dev_4045
4046,web,dev_4046
4047,web,dev_4047
4048,web,dev_4048
4049,ml,dev_4049
4050,ml,dev_4050
4051,ml,dev_4051
4052,ml,dev_4052
4053,ml,dev_4053
4054,web,dev_4054
4055,ml,dev_4055
4056,ml,dev_4056
4057,ml,dev_4057
4058,ml,dev_4058
4059,ml,dev_4059
4060,ml,dev_4060
4061,ml,dev_4061
4062,ml,dev_4062
4063,web,dev_4063
4064,web,dev_4064
4065,ml,dev_4065
4066,ml,dev_4066
4067,ml,dev_4067
4068,web,dev_4068
4069,web,dev_4069
4070,web,dev_4070
4071,web,dev_4071
4072,web,dev_4072
4073,ml,dev_4073
4074,ml,dev_4074
4075,web,dev_4075
4076,ml,dev_4076
4077,ml,dev_4077
4078,web,dev_4078
4079,ml,dev_4079
4080,ml,dev_4080
4081,web,dev_4081
4082,ml,dev_4082
4083,web,dev_4083
4084,ml,dev_4084
4085,ml,dev_4085
4086,web,dev_4086
4087,ml,dev_4087
4088,ml,dev_4088
4089,ml,dev_4089
4090,web,dev_4090
4091,ml,dev_4091
4092,ml,dev_4092
4093,ml,dev_4093
4094,ml,dev_4094
4095,web,dev_4095
4096,web,dev_4096
4097,web,dev_4097
4098,ml,dev_4098
4099,web,dev_4099
4100,ml,dev_4100
4101,web,dev_4101
4102,web,dev_4102
4103,web,dev_4103
4104,web,dev_4104
4105,web,dev_4105
4106,web,dev_4106
4107,ml,dev_4107
4108,web,dev_4108
4109,ml,dev_4109
4110,web,dev_4110
4111,ml,dev_4111
4112,ml,dev_4112
4113,ml,dev_4113
4114,web,dev_4114
4115,ml,dev_4115
4116,web,dev_4116
4117,ml,dev_4117
4118,ml,dev_4118
4119,ml,dev_4119
4120,ml,dev_4120
4121,ml,dev_4121
4122,web,dev_4122
4123,web,dev_4123
4124,web,dev_4124
4125,ml,dev_4125
4126,web,dev_4126
4127,ml,dev_4127
4128,ml,dev_4128
4129,ml,dev_4129
4130,web,dev_4130
4131,ml,dev_4131
4132,ml,dev_4132
4133,web,dev_4133
4134,ml,dev_4134
4135,ml,dev_4135
4136,web,dev_4136
4137,ml,dev_4137
4138,ml,dev_4138
4139,web,dev_4139
4140,web,dev_4140
4141,ml,dev_4141
4142,web,dev_4142
4143,ml,dev_4143
4144,ml,dev_4144
4145,ml,dev_4145
4146,web,dev_4146
4147,web,dev_4147
4148,web,dev_4148
4149,ml,dev_4149
4150,ml,dev_4150
4151,web,dev_4151
4152,ml,dev_4152
4153,web,dev_4153
4154,ml,dev_4154
4155,web,dev_4155
4156,web,dev_4156
4157,web,dev_4157
4158,ml,dev_4158
4159,ml,dev_4159
4160,ml,dev_4160
4161,ml,dev_4161
4162,ml,dev_4162
4163,web,dev_4163
4164,ml,dev_4164
4165,web,dev_4165
4166,ml,dev_4166
4167,ml,dev_4167
4168,ml,dev_4168
4169,ml,dev_4169
4170,web,dev_4170
4171,ml,dev_4171
4172,web,dev_4172
4173,web,dev_4173
4174,ml,dev_4174
4175,ml,dev_4175
4176,ml,dev_4176
4177,web,dev_4177
4178,ml,dev_4178
4179,ml,dev_4179
4180,ml,dev_4180
4181,web,dev_4181
4182,web,dev_4182
4183,web,dev_4183
4184,web,dev_4184
4185,web,dev_4185
4186,ml,dev_4186
4187,web,dev_4187
4188,ml,dev_4188
4189,ml,dev_4189
4190,web,dev_4190
4191,web,dev_4191
4192,web,dev_4192
4193,web,dev_4193
4194,web,dev_4194
4195,ml,dev_4195
4196,ml,dev_4196
4197,web,dev_4197
4198,ml,dev_4198
4199,ml,dev_4199
4200,ml,dev_4200
4201,ml,dev_4201
4202,web,dev_4202
4203,web,dev_4203
4204,web,dev_4204
4205,ml,dev_4205
4206,web,dev_4206
4207,web,dev_4207
4208,web,dev_4208
4209,web,dev_4209
4210,ml,dev_4210
4211,ml,dev_4211
4212,web,dev_4212
4213,web,dev_4213
4214,web,dev_4214
4215,ml,dev_4215
4216,web,dev_4216
4217,web,dev_4217
4218,ml,dev_4218
4219,web,dev_4219
4220,web,dev_4220
4221,web,dev_4221
4222,ml,dev_4222
4223,ml,dev_4223
4224,web,dev_4224
4225,ml,dev_4225
4226,web,dev_4226
4227,ml,dev_4227
4228,ml,dev_4228
4229,ml,dev_4229
4230,web,dev_4230
4231,web,dev_4231
4232,ml,dev_4232
4233,web,dev_4233
4234,web,dev_4234
4235,ml,dev_4235
4236,ml,dev_4236
4237,ml,dev_4237
4238,web,dev_4238
4239,ml,dev_4239
4240,ml,dev_4240
4241,web,dev_4241
4242,ml,dev_4242
4243,web,dev_4243
4244,web,dev_4244
4245,web,dev_4245
4246,web,dev_4246
4247,ml,dev_4247
4248,ml,dev_4248
4249,web,dev_4249
4250,ml,dev_4250
4251,web,dev_4251
4252,web,dev_4252
4253,web,dev_4253
4254,web,dev_4254
4255,ml,dev_4255
4256,ml,dev_4256
4257,ml,dev_4257
4258,ml,dev_4258
4259,web,dev_4259
4260,web,dev_4260
4261,ml,dev_4261
4262,web,dev_4262
4263,web,dev_4263
4264,web,dev_4264
4265,web,dev_4265
4266,ml,dev_4266
4267,web,dev_4267
4268,ml,dev_4268
4269,ml,dev_4269
4270,ml,dev_4270
4271,web,dev_4271
4272,web,dev_4272
4273,ml,dev_4273
4274,ml,dev_4274
4275,web,dev_4275
4276,web,dev_4276
4277,web,dev_4277
4278,ml,dev_4278
4279,ml,dev_4279
4280,web,dev_4280
4281,ml,dev_4281
4282,ml,dev_4282
4283,ml,dev_4283
4284,ml,dev_4284
4285,ml,dev_4285
4286,web,dev_4286
4287,ml,dev_4287
4288,web,dev_4288
4289,ml,dev_4289
4290,ml,dev_4290
4291,ml,dev_4291
4292,web,dev_4292
4293,ml,dev_4293
4294,web,dev_4294
4295,web,dev_4295
4296,web,dev_4296
4297,web,dev_4297
4298,ml,dev_4298
4299,web,dev_4299
4300,ml,dev_4300
4301,ml,dev_4301
4302,ml,dev_4302
4303,ml,dev_4303
4304,ml,dev_4304
4305,ml,dev_4305
4306,ml,dev_4306
4307,ml,dev_4307
4308,ml,dev_4308
4309,ml,dev_4309
4310,web,dev_4310
4311,ml,dev_4311
4312,ml,dev_4312
4313,web,dev_4313
4314,web,dev_4314
4315,web,dev_4315
4316,web,dev_4316
4317,ml,dev_4317
4318,web,dev_4318
4319,ml,dev_4319
4320,ml,dev_4320
4321,web,dev_4321
4322,web,dev_4322
4323,ml,dev_4323
4324,web,dev_4324
4325,web,dev_4325
4326,ml,dev_4326
4327,web,dev_4327
4328,web,dev_4328
4329,ml,dev_4329
4330,ml,dev_4330
4331,ml,dev_4331
4332,ml,dev_4332
4333,web,dev_4333
4334,ml,dev_4334
4335,ml,dev_4335
4336,ml,dev_4336
4337,ml,dev_4337
4338,ml,dev_4338
4339,web,dev_4339
4340,ml,dev_4340
4341,web,dev_4341
4342,web,dev_4342
4343,web,dev_4343
4344,web,dev_4344
4345,web,dev_4345
4346,web,dev_4346
4347,ml,dev_4347
4348,ml,dev_4348
4349,ml,dev_4349
4350,web,dev_4350
4351,web,dev_4351
4352,web,dev_4352
4353,ml,dev_4353
4354,web,dev_4354
4355,ml,dev_4355
4356,web,dev_4356
4357,ml,dev_4357
4358,web,dev_4358
4359,ml,dev_4359
4360,web,dev_4360
4361,ml,dev_4361
4362,ml,dev_4362
4363,web,dev_4363
4364,ml,dev_4364
4365,web,dev_4365
4366,ml,dev_4366
4367,ml,dev_4367
4368,ml,dev_4368
4369,ml,dev_4369
4370,ml,dev_4370
4371,ml,dev_4371
4372,web,dev_4372
4373,ml,dev_4373
4374,web,dev_4374
4375,web,dev_4375
4376,web,dev_4376
4377,ml,dev_4377
4378,web,dev_4378
4379,ml,dev_4379
4380,web,dev_4380
4381,web,dev_4381
4382,ml,dev_4382
4383,web,dev_4383
4384,ml,dev_4384
4385,ml,dev_4385
4386,ml,dev_4386
4387,ml,dev_4387
4388,web,dev_4388
4389,ml,dev_4389
4390,web,dev_4390
4391,web,dev_4391
4392,ml,dev_4392
4393,web,dev_4393
4394,web,dev_4394
4395,ml,dev_4395
4396,ml,dev_4396
4397,web,dev_4397
4398,ml,dev_4398
4399,ml,dev_4399
4400,web,dev_4400
4401,web,dev_4401
4402,ml,dev_4402
4403,web,dev_4403
4404,ml,dev_4404
4405,ml,dev_4405
4406,ml,dev_4406
4407,ml,dev_4407
4408,web,dev_4408
4409,ml,dev_4409
4410,web,dev_4410
4411,ml,dev_4411
4412,ml,dev_4412
4413,ml,dev_4413
4414,web,dev_4414
4415,web,dev_4415
4416,ml,dev_4416
4417,web,dev_4417
4418,ml,dev_4418
4419,web,dev_4419
4420,web,dev_4420
4421,ml,dev_4421
4422,web,dev_4422
4423,web,dev_4423
4424,web,dev_4424
4425,ml,dev_4425
4426,ml,dev_4426
4427,web,dev_4427
4428,ml,dev_4428
4429,web,dev_4429
4430,ml,dev_4430
4431,ml,dev_4431
4432,web,dev_4432
4433,ml,dev_4433
4434,ml,dev_4434
4435,web,dev_4435
4436,ml,dev_4436
4437,web,dev_4437
4438,ml,dev_4438
4439,web,dev_4439
4440,web,dev_4440
4441,ml,dev_4441
4442,web,dev_4442
4443,ml,dev_4443
4444,ml,dev_4444
4445,ml,dev_4445
4446,ml,dev_4446
4447,web,dev_4447
4448,ml,dev_4448
4449,ml,dev_4449
4450,ml,dev_4450
4451,ml,dev_4451
4452,web,dev_4452
4453,web,dev_4453
4454,web,dev_4454
4455,ml,dev_4455
4456,web,dev_4456
4457,web,dev_4457
4458,ml,dev_4458
4459,web,dev_4459
4460,ml,dev_4460
4461,ml,dev_4461
4462,web,dev_4462
4463,ml,dev_4463
4464,ml,dev_4464
4465,web,dev_4465
4466,ml,dev_4466
4467,web,dev_4467
4468,web,dev_4468
4469,ml,dev_4469
4470,ml,dev_4470
4471,ml,dev_4471
4472,web,dev_4472
4473,web,dev_4473
4474,web,dev_4474
4475,ml,dev_4475
4476,ml,dev_4476
4477,ml,dev_4477
4478,web,dev_4478
4479,web,dev_4479
4480,web,dev_4480
4481,web,dev_4481
4482,web,dev_4482
4483,web,dev_4483
4484,ml,dev_4484
4485,web,dev_4485
4486,web,dev_4486
4487,ml,dev_4487
4488,ml,dev_4488
4489,web,dev_4489
4490,web,dev_4490
4491,web,dev_4491
4492,ml,dev_4492
4493,web,dev_4493
4494,web,dev_4494
4495,ml,dev_4495
4496,ml,dev_4496
4497,ml,dev_4497
4498,ml,dev_4498
4499,web,dev_4499
4500,web,dev_4500
4501,web,dev_4501
4502,ml,dev_4502
4503,web,dev_4503
4504,ml,dev_4504
4505,web,dev_4505
4506,web,dev_4506
4507,web,dev_4507
4508,ml,dev_4508
4509,web,dev_4509
4510,ml,dev_4510
4511,web,dev_4511
4512,ml,dev_4512
4513,ml,dev_4513
4514,ml,dev_4514
4515,web,dev_4515
4516,web,dev_4516
4517,ml,dev_4517
4518,web,dev_4518
4519,ml,dev_4519
4520,ml,dev_4520
4521,ml,dev_4521
4522,web,dev_4522
4523,web,dev_4523
4524,web,dev_4524
4525,web,dev_4525
4526,ml,dev_4526
4527,web,dev_4527
4528,ml,dev_4528
4529,ml,dev_4529
4530,ml,dev_4530
4531,web,dev_4531
4532,web,dev_4532
4533,web,dev_4533
4534,ml,dev_4534
4535,web,dev_4535
4536,web,dev_4536
4537,ml,dev_4537
4538,ml,dev_4538
4539,ml,dev_4539
4540,web,dev_4540
4541,web,dev_4541
4542,ml,dev_4542
4543,web,dev_4543
4544,ml,dev_4544
4545,web,dev_4545
4546,ml,dev_4546
4547,ml,dev_4547
4548,ml,dev_4548
4549,web,dev_4549
4550,ml,dev_4550
4551,ml,dev_4551
4552,ml,dev_4552
4553,ml,dev_4553
4554,web,dev_4554
4555,ml,dev_4555
4556,web,dev_4556
4557,web,dev_4557
4558,web,dev_4558
4559,web,dev_4559
4560,web,dev_4560
4561,ml,dev_4561
4562,ml,dev_4562
4563,web,dev_4563
4564,web,dev_4564
4565,ml,dev_4565
4566,web,dev_4566
4567,ml,dev_4567
4568,web,dev_4568
4569,ml,dev_4569
4570,web,dev_4570
4571,web,dev_4571
4572,ml,dev_4572
4573,web,dev_4573
4574,web,dev_4574
4575,web,dev_4575
4576,web,dev_4576
4577,web,dev_4577
4578,ml,dev_4578
4579,web,dev_4579
4580,web,dev_4580
4581,web,dev_4581
4582,ml,dev_4582
4583,ml,dev_4583
4584,ml,dev_4584
4585,web,dev_4585
4586,ml,dev_4586
4587,web,dev_4587
4588,ml,dev_4588
4589,ml,dev_4589
4590,web,dev_4590
4591,ml,dev_4591
4592,web,dev_4592
4593,web,dev_4593
4594,ml,dev_4594
4595,ml,dev_4595
4596,web,dev_4596
4597,web,dev_4597
4598,web,dev_4598
4599,ml,dev_4599
4600,ml,dev_4600
4601,ml,dev_4601
4602,ml,dev_4602
4603,ml,dev_4603
4604,ml,dev_4604
4605,web,dev_4605
4606,web,dev_4606
4607,ml,dev_4607
4608,ml,dev_4608
4609,web,dev_4609
4610,ml,dev_4610
4611,web,dev_4611
4612,ml,dev_4612
4613,web,dev_4613
4614,ml,dev_4614
4615,web,dev_4615
4616,ml,dev_4616
4617,web,dev_4617
4618,web,dev_4618
4619,ml,dev_4619
4620,ml,dev_4620
4621,ml,dev_4621
4622,ml,dev_4622
4623,web,dev_4623
4624,web,dev_4624
4625,web,dev_4625
4626,web,dev_4626
4627,ml,dev_4627
4628,ml,dev_4628
4629,web,dev_4629
4630,ml,dev_4630
4631,web,dev_4631
4632,ml,dev_4632
4633,ml,dev_4633
4634,ml,dev_4634
4635,web,dev_4635
4636,web,dev_4636
4637,web,dev_4637
4638,web,dev_4638
4639,ml,dev_4639
4640,web,dev_4640
4641,ml,dev_4641
4642,ml,dev_4642
4643,web,dev_4643
4644,web,dev_4644
4645,web,dev_4645
4646,web,dev_4646
4647,web,dev_4647
4648,web,dev_4648
4649,ml,dev_4649
4650,web,dev_4650
4651,web,dev_4651
4652,web,dev_4652
4653,ml,dev_4653
4654,web,dev_4654
4655,ml,dev_4655
4656,ml,dev_4656
4657,ml,dev_4657
4658,web,dev_4658
4659,web,dev_4659
4660,web,dev_4660
4661,web,dev_4661
4662,web,dev_4662
4663,ml,dev_4663
4664,ml,dev_4664
4665,ml,dev_4665
4666,ml,dev_4666
4667,ml,dev_4667
4668,ml,dev_4668
4669,web,dev_4669
4670,ml,dev_4670
4671,web,dev_4671
4672,web,dev_4672
4673,ml,dev_4673
4674,web,dev_4674
4675,web,dev_4675
4676,web,dev_4676
4677,ml,dev_4677
4678,web,dev_4678
4679,web,dev_4679
4680,ml,dev_4680
4681,web,dev_4681
4682,web,dev_4682
4683,web,dev_4683
4684,ml,dev_4684
4685,web,dev_4685
4686,ml,dev_4686
4687,web,dev_4687
4688,web,dev_4688
4689,web,dev_4689
4690,ml,dev_4690
4691,web,dev_4691
4692,ml,dev_4692
4693,web,dev_4693
4694,ml,dev_4694
4695,web,dev_4695
4696,web,dev_4696
4697,ml,dev_4697
4698,ml,dev_4698
4699,ml,dev_4699
4700,web,dev_4700
4701,web,dev_4701
4702,ml,dev_4702
4703,web,dev_4703
4704,ml,dev_4704
4705,ml,dev_4705
4706,ml,dev_4706
4707,ml,dev_4707
4708,ml,dev_4708
4709,ml,dev_4709
4710,ml,dev_4710
4711,web,dev_4711
4712,web,dev_4712
4713,ml,dev_4713
4714,web,dev_4714
4715,ml,dev_4715
4716,web,dev_4716
4717,web,dev_4717
4718,ml,dev_4718
4719,web,dev_4719
4720,ml,dev_4720
4721,web,dev_4721
4722,ml,dev_4722
4723,ml,dev_4723
4724,web,dev_4724
4725,ml,dev_4725
4726,ml,dev_4726
4727,web,dev_4727
4728,ml,dev_4728
4729,ml,dev_4729
4730,web,dev_4730
4731,web,dev_4731
4732,ml,dev_4732
4733,web,dev_4733
4734,ml,dev_4734
4735,ml,dev_4735
4736,web,dev_4736
4737,web,dev_4737
4738,ml,dev_4738
4739,web,dev_4739
4740,ml,dev_4740
4741,ml,dev_4741
4742,ml,dev_4742
4743,web,dev_4743
4744,ml,dev_4744
4745,ml,dev_4745
4746,web,dev_4746
4747,ml,dev_4747
4748,ml,dev_4748
4749,ml,dev_4749
4750,ml,dev_4750
4751,web,dev_4751
4752,ml,dev_4752
4753,ml,dev_4753
4754,ml,dev_4754
4755,ml,dev_4755
4756,ml,dev_4756
4757,web,dev_4757
4758,web,dev_4758
4759,ml,dev_4759
4760,web,dev_4760
4761,ml,dev_4761
4762,ml,dev_4762
4763,web,dev_4763
4764,web,dev_4764
4765,ml,dev_4765
4766,ml,dev_4766
4767,web,dev_4767
4768,ml,dev_4768
4769,web,dev_4769
4770,ml,dev_4770
4771,web,dev_4771
4772,ml,dev_4772
4773,ml,dev_4773
4774,web,dev_4774
4775,web,dev_4775
4776,web,dev_4776
4777,ml,dev_4777
4778,ml,dev_4778
4779,web,dev_4779
4780,ml,dev_4780
4781,ml,dev_4781
4782,ml,dev_4782
4783,web,dev_4783
4784,ml,dev_4784
4785,ml,dev_4785
4786,ml,dev_4786
4787,ml,dev_4787
4788,ml,dev_4788
4789,ml,dev_4789
4790,web,dev_4790
4791,ml,dev_4791
4792,web,dev_4792
4793,web,dev_4793
4794,web,dev_4794
4795,web,dev_4795
4796,ml,dev_4796
4797,ml,dev_4797
4798,ml,dev_4798
4799,ml,dev_4799
4800,web,dev_4800
4801,web,dev_4801
4802,ml,dev_4802
4803,ml,dev_4803
4804,ml,dev_4804
4805,web,dev_4805
4806,web,dev_4806
4807,ml,dev_4807
4808,ml,dev_4808
4809,ml,dev_4809
4810,ml,dev_4810
4811,ml,dev_4811
4812,web,dev_4812
4813,ml,dev_4813
4814,ml,dev_4814
4815,ml,dev_4815
4816,web,dev_4816
4817,web,dev_4817
4818,web,dev_4818
4819,web,dev_4819
4820,web,dev_4820
4821,ml,dev_4821
4822,ml,dev_4822
4823,ml,dev_4823
4824,ml,dev_4824
4825,ml,dev_4825
4826,ml,dev_4826
4827,ml,dev_4827
4828,web,dev_4828
4829,web,dev_4829
4830,web,dev_4830
4831,web,dev_4831
4832,ml,dev_4832
4833,web,dev_4833
4834,ml,dev_4834
4835,ml,dev_4835
4836,web,dev_4836
4837,ml,dev_4837
4838,ml,dev_4838
4839,ml,dev_4839
4840,ml,dev_4840
4841,web,dev_4841
4842,ml,dev_4842
4843,web,dev_4843
4844,ml,dev_4844
4845,web,dev_4845
4846,web,dev_4846
4847,web,dev_4847
4848,ml,dev_4848
4849,web,dev_4849
4850,web,dev_4850
4851,ml,dev_4851
4852,ml,dev_4852
4853,web,dev_4853
4854,web,dev_4854
4855,web,dev_4855
4856,ml,dev_4856
4857,web,dev_4857
4858,ml,dev_4858
4859,web,dev_4859
4860,web,dev_4860
4861,web,dev_4861
4862,ml,dev_4862
4863,ml,dev_4863
4864,ml,dev_4864
4865,ml,dev_4865
4866,web,dev_4866
4867,ml,dev_4867
4868,web,dev_4868
4869,ml,dev_4869
4870,ml,dev_4870
4871,ml,dev_4871
4872,web,dev_4872
4873,ml,dev_4873
4874,ml,dev_4874
4875,ml,dev_4875
4876,web,dev_4876
4877,ml,dev_4877
4878,web,dev_4878
4879,ml,dev_4879
4880,ml,dev_4880
4881,web,dev_4881
4882,web,dev_4882
4883,web,dev_4883
4884,web,dev_4884
4885,ml,dev_4885
4886,ml,dev_4886
4887,ml,dev_4887
4888,web,dev_4888
4889,ml,dev_4889
4890,web,dev_4890
4891,ml,dev_4891
4892,ml,dev_4892
4893,ml,dev_4893
4894,web,dev_4894
4895,web,dev_4895
4896,ml,dev_4896
4897,ml,dev_4897
4898,web,dev_4898
4899,ml,dev_4899
4900,web,dev_4900
4901,ml,dev_4901
4902,web,dev_4902
4903,ml,dev_4903
4904,ml,dev_4904
4905,web,dev_4905
4906,ml,dev_4906
4907,ml,dev_4907
4908,ml,dev_4908
4909,web,dev_4909
4910,ml,dev_4910
4911,ml,dev_4911
4912,ml,dev_4912
4913,ml,dev_4913
4914,web,dev_4914
4915,ml,dev_4915
4916,ml,dev_4916
4917,web,dev_4917
4918,ml,dev_4918
4919,ml,dev_4919
4920,web,dev_4920
4921,ml,dev_4921
4922,web,dev_4922
4923,web,dev_4923
4924,ml,dev_4924
4925,ml,dev_4925
4926,ml,dev_4926
4927,ml,dev_4927
4928,web,dev_4928
4929,ml,dev_4929
4930,web,dev_4930
4931,web,dev_4931
4932,web,dev_4932
4933,ml,dev_4933
4934,web,dev_4934
4935,ml,dev_4935
4936,ml,dev_4936
4937,web,dev_4937
4938,ml,dev_4938
4939,web,dev_4939
4940,ml,dev_4940
4941,ml,dev_4941
4942,ml,dev_4942
4943,web,dev_4943
4944,web,dev_4944
4945,web,dev_4945
4946,web,dev_4946
4947,web,dev_4947
4948,web,dev_4948
4949,ml,dev_4949
4950,ml,dev_4950
4951,ml,dev_4951
4952,ml,dev_4952
4953,ml,dev_4953
4954,web,dev_4954
4955,web,dev_4955
4956,web,dev_4956
4957,ml,dev_4957
4958,ml,dev_4958
4959,ml,dev_4959
4960,web,dev_4960
4961,ml,dev_4961
4962,web,dev_4962
4963,ml,dev_4963
4964,ml,dev_4964
4965,ml,dev_4965
4966,web,dev_4966
4967,ml,dev_4967
4968,ml,dev_4968
4969,web,dev_4969
4970,web,dev_4970
4971,ml,dev_4971
4972,web,dev_4972
4973,ml,dev_4973
4974,ml,dev_4974
4975,ml,dev_4975
4976,ml,dev_4976
4977,ml,dev_4977
4978,ml,dev_4978
4979,ml,dev_4979
4980,web,dev_4980
4981,ml,dev_4981
4982,ml,dev_4982
4983,web,dev_4983
4984,ml,dev_4984
4985,web,dev_4985
4986,web,dev_4986
4987,web,dev_4987
4988,web,dev_4988
4989,ml,dev_4989
4990,ml,dev_4990
4991,ml,dev_4991
4992,web,dev_4992
4993,ml,dev_4993
4994,ml,dev_4994
4995,web,dev_4995
4996,web,dev_4996
4997,web,dev_4997
4998,web,dev_4998
4999,web,dev_4999
5000,ml,dev_5000
5001,ml,dev_5001
5002,web,dev_5002
5003,ml,dev_5003
5004,web,dev_5004
5005,ml,dev_5005
5006,ml,dev_5006
5007,web,dev_5007
5008,web,dev_5008
5009,ml,dev_5009
5010,ml,dev_5010
5011,web,dev_5011
5012,ml,dev_5012
5013,ml,dev_5013
5014,ml,dev_5014
5015,ml,dev_5015
5016,web,dev_5016
5017,ml,dev_5017
5018,web,dev_5018
5019,web,dev_5019
5020,ml,dev_5020
5021,web,dev_5021
5022,ml,dev_5022
5023,web,dev_5023
5024,web,dev_5024
5025,ml,dev_5025
5026,web,dev_5026
5027,ml,dev_5027
5028,ml,dev_5028
5029,web,dev_5029
5030,web,dev_5030
5031,ml,dev_5031
5032,ml,dev_5032
5033,web,dev_5033
5034,web,dev_5034
5035,web,dev_5035
5036,web,dev_5036
5037,ml,dev_5037
5038,web,dev_5038
5039,web,dev_5039
5040,web,dev_5040
5041,ml,dev_5041
5042,web,dev_5042
5043,ml,dev_5043
5044,web,dev_5044
5045,web,dev_5045
5046,web,dev_5046
5047,web,dev_5047
5048,web,dev_5048
5049,web,dev_5049
5050,web,dev_5050
5051,web,dev_5051
5052,web,dev_5052
5053,ml,dev_5053
5054,web,dev_5054
5055,web,dev_5055
5056,web,dev_5056
5057,web,dev_5057
5058,web,dev_5058
5059,web,dev_5059
5060,ml,dev_5060
5061,web,dev_5061
5062,web,dev_5062
5063,web,dev_5063
5064,ml,dev_5064
5065,ml,dev_5065
5066,ml,dev_5066
5067,ml,dev_5067
5068,ml,dev_5068
5069,web,dev_5069
5070,ml,dev_5070
5071,web,dev_5071
5072,web,dev_5072
5073,ml,dev_5073
5074,ml,dev_5074
5075,ml,dev_5075
5076,ml,dev_5076
5077,ml,dev_5077
5078,web,dev_5078
5079,web,dev_5079
5080,ml,dev_5080
5081,ml,dev_5081
5082,web,dev_5082
5083,ml,dev_5083
5084,ml,dev_5084
5085,ml,dev_5085
5086,ml,dev_5086
5087,ml,dev_5087
5088,ml,dev_5088
5089,web,dev_5089
5090,ml,dev_5090
5091,ml,dev_5091
5092,ml,dev_5092
5093,web,dev_5093
5094,web,dev_5094
5095,web,dev_5095
5096,web,dev_5096
5097,web,dev_5097
5098,ml,dev_5098
5099,web,dev_5099
5100,web,dev_5100
5101,ml,dev_5101
5102,ml,dev_5102
5103,ml,dev_5103
5104,web,dev_5104
5105,ml,dev_5105
5106,ml,dev_5106
5107,ml,dev_5107
5108,web,dev_5108
5109,web,dev_5109
5110,ml,dev_5110
5111,ml,dev_5111
5112,web,dev_5112
5113,web,dev_5113
5114,web,dev_5114
5115,ml,dev_5115
5116,web,dev_5116
5117,web,dev_5117
5118,web,dev_5118
5119,web,dev_5119
5120,ml,dev_5120
5121,web,dev_5121
5122,web,dev_5122
5123,ml,dev_5123
5124,web,dev_5124
5125,ml,dev_5125
5126,ml,dev_5126
5127,ml,dev_5127
5128,web,dev_5128
5129,web,dev_5129
5130,web,dev_5130
5131,web,dev_5131
5132,ml,dev_5132
5133,ml,dev_5133
5134,ml,dev_5134
5135,ml,dev_5135
5136,web,dev_5136
5137,ml,dev_5137
5138,web,dev_5138
5139,ml,dev_5139
5140,web,dev_5140
5141,ml,dev_5141
5142,ml,dev_5142
5143,web,dev_5143
5144,web,dev_5144
5145,ml,dev_5145
5146,ml,dev_5146
5147,web,dev_5147
5148,web,dev_5148
5149,web,dev_5149
5150,web,dev_5150
5151,web,dev_5151
5152,web,dev_5152
5153,ml,dev_5153
5154,web,dev_5154
5155,web,dev_5155
5156,web,dev_5156
5157,web,dev_5157
5158,ml,dev_5158
5159,web,dev_5159
5160,web,dev_5160
5161,web,dev_5161
5162,ml,dev_5162
5163,ml,dev_5163
5164,web,dev_5164
5165,web,dev_5165
5166,web,dev_5166
5167,web,dev_5167
5168,ml,dev_5168
5169,ml,dev_5169
5170,ml,dev_5170
5171,ml,dev_5171
5172,web,dev_5172
5173,web,dev_5173
5174,ml,dev_5174
5175,ml,dev_5175
5176,web,dev_5176
5177,web,dev_5177
5178,web,dev_5178
5179,web,dev_5179
5180,ml,dev_5180
5181,ml,dev_5181
5182,web,dev_5182
5183,web,dev_5183
5184,web,dev_5184
5185,web,dev_5185
5186,ml,dev_5186
5187,web,dev_5187
5188,ml,dev_5188
5189,web,dev_5189
5190,ml,dev_5190
5191,ml,dev_5191
5192,ml,dev_5192
5193,web,dev_5193
5194,ml,dev_5194
5195,web,dev_5195
5196,ml,dev_5196
5197,ml,dev_5197
5198,web,dev_5198
5199,web,dev_5199
5200,ml,dev_5200
5201,web,dev_5201
5202,web,dev_5202
5203,web,dev_5203
5204,ml,dev_5204
5205,web,dev_5205
5206,web,dev_5206
5207,ml,dev_5207
5208,web,dev_5208
5209,web,dev_5209
5210,web,dev_5210
5211,ml,dev_5211
5212,web,dev_5212
5213,ml,dev_5213
5214,ml,dev_5214
5215,web,dev_5215
5216,ml,dev_5216
5217,web,dev_5217
5218,ml,dev_5218
5219,web,dev_5219
5220,ml,dev_5220
5221,web,dev_5221
5222,ml,dev_5222
5223,ml,dev_5223
5224,ml,dev_5224
5225,ml,dev_5225
5226,web,dev_5226
5227,ml,dev_5227
5228,ml,dev_5228
5229,ml,dev_5229
5230,web,dev_5230
5231,web,dev_5231
5232,web,dev_5232
5233,ml,dev_5233
5234,web,dev_5234
5235,web,dev_5235
5236,ml,dev_5236
5237,ml,dev_5237
5238,ml,dev_5238
5239,web,dev_5239
5240,ml,dev_5240
5241,web,dev_5241
5242,web,dev_5242
5243,ml,dev_5243
5244,ml,dev_5244
5245,ml,dev_5245
5246,web,dev_5246
5247,web,dev_5247
5248,web,dev_5248
5249,web,dev_5249
5250,web,dev_5250
5251,ml,dev_5251
5252,ml,dev_5252
5253,ml,dev_5253
5254,ml,dev_5254
5255,web,dev_5255
5256,ml,dev_5256
5257,web,dev_5257
5258,web,dev_5258
5259,web,dev_5259
5260,web,dev_5260
5261,web,dev_5261
5262,web,dev_5262
5263,web,dev_5263
5264,ml,dev_5264
5265,web,dev_5265
5266,web,dev_5266
5267,ml,dev_5267
5268,ml,dev_5268
5269,web,dev_5269
5270,web,dev_5270
5271,web,dev_5271
5272,web,dev_5272
5273,ml,dev_5273
5274,web,dev_5274
5275,web,dev_5275
5276,ml,dev_5276
5277,web,dev_5277
5278,web,dev_5278
5279,ml,dev_5279
5280,web,dev_5280
5281,web,dev_5281
5282,ml,dev_5282
5283,web,dev_5283
5284,ml,dev_5284
5285,web,dev_5285
5286,web,dev_5286
5287,ml,dev_5287
5288,ml,dev_5288
5289,ml,dev_5289
5290,ml,dev_5290
5291,ml,dev_5291
5292,ml,dev_5292
5293,ml,dev_5293
5294,web,dev_5294
5295,ml,dev_5295
5296,ml,dev_5296
5297,ml,dev_5297
5298,web,dev_5298
5299,web,dev_5299
5300,web,dev_5300
5301,ml,dev_5301
5302,ml,dev_5302
5303,ml,dev_5303
5304,web,dev_5304
5305,web,dev_5305
5306,ml,dev_5306
5307,ml,dev_5307
5308,ml,dev_5308
5309,ml,dev_5309
5310,ml,dev_5310
5311,web,dev_5311
5312,web,dev_5312
5313,web,dev_5313
5314,web,dev_5314
5315,ml,dev_5315
5316,web,dev_5316
5317,web,dev_5317
5318,web,dev_5318
5319,web,dev_5319
5320,web,dev_5320
5321,web,dev_5321
5322,ml,dev_5322
5323,web,dev_5323
5324,web,dev_5324
5325,ml,dev_5325
5326,ml,dev_5326
5327,ml,dev_5327
5328,web,dev_5328
5329,ml,dev_5329
5330,web,dev_5330
5331,ml,dev_5331
5332,web,dev_5332
5333,web,dev_5333
5334,web,dev_5334
5335,web,dev_5335
5336,ml,dev_5336
5337,ml,dev_5337
5338,ml,dev_5338
5339,web,dev_5339
5340,web,dev_5340
5341,web,dev_5341
5342,web,dev_5342
5343,web,dev_5343
5344,ml,dev_5344
5345,ml,dev_5345
5346,ml,dev_5346
5347,ml,dev_5347
5348,ml,dev_5348
5349,web,dev_5349
5350,web,dev_5350
5351,web,dev_5351
5352,web,dev_5352
5353,ml,dev_5353
5354,web,dev_5354
5355,ml,dev_5355
5356,ml,dev_5356
5357,ml,dev_5357
5358,web,dev_5358
5359,web,dev_5359
5360,ml,dev_5360
5361,web,dev_5361
5362,ml,dev_5362
5363,ml,dev_5363
5364,web,dev_5364
5365,web,dev_5365
5366,ml,dev_5366
5367,web,dev_5367
5368,web,dev_5368
5369,ml,dev_5369
5370,web,dev_5370
5371,web,dev_5371
5372,web,dev_5372
5373,web,dev_5373
5374,ml,dev_5374
5375,web,dev_5375
5376,ml,dev_5376
5377,ml,dev_5377
5378,web,dev_5378
5379,ml,dev_5379
5380,web,dev_5380
5381,web,dev_5381
5382,web,dev_5382
5383,web,dev_5383
5384,ml,dev_5384
5385,ml,dev_5385
5386,ml,dev_5386
5387,web,dev_5387
5388,web,dev_5388
5389,web,dev_5389
5390,ml,dev_5390
5391,ml,dev_5391
5392,web,dev_5392
5393,ml,dev_5393
5394,web,dev_5394
5395,web,dev_5395
5396,ml,dev_5396
5397,ml,dev_5397
5398,web,dev_5398
5399,web,dev_5399
5400,ml,dev_5400
5401,web,dev_5401
5402,web,dev_5402
5403,web,dev_5403
5404,ml,dev_5404
5405,web,dev_5405
5406,ml,dev_5406
5407,web,dev_5407
5408,ml,dev_5408
5409,web,dev_5409
5410,web,dev_5410
5411,web,dev_5411
5412,web,dev_5412
5413,ml,dev_5413
5414,ml,dev_5414
5415,web,dev_5415
5416,ml,dev_5416
5417,ml,dev_5417
5418,ml,dev_5418
5419,web,dev_5419
5420,web,dev_5420
5421,ml,dev_5421
5422,ml,dev_5422
5423,web,dev_5423
5424,web,dev_5424
5425,web,dev_5425
5426,ml,dev_5426
5427,web,dev_5427
5428,ml,dev_5428
5429,ml,dev_5429
5430,ml,dev_5430
5431,ml,dev_5431
5432,ml,dev_5432
5433,ml,dev_5433
5434,web,dev_5434
5435,web,dev_5435
5436,web,dev_5436
5437,ml,dev_5437
5438,web,dev_5438
5439,web,dev_5439
5440,ml,dev_5440
5441,web,dev_5441
5442,ml,dev_5442
5443,ml,dev_5443
5444,ml,dev_5444
5445,ml,dev_5445
5446,ml,dev_5446
5447,ml,dev_5447
5448,web,dev_5448
5449,web,dev_5449
5450,web,dev_5450
5451,web,dev_5451
5452,web,dev_5452
5453,ml,dev_5453
5454,ml,dev_5454
5455,web,dev_5455
5456,ml,dev_5456
5457,web,dev_5457
5458,ml,dev_5458
5459,web,dev_5459
5460,ml,dev_5460
5461,ml,dev_5461
5462,ml,dev_5462
5463,web,dev_5463
5464,web,dev_5464
5465,web,dev_5465
5466,web,dev_5466
5467,web,dev_5467
5468,ml,dev_5468
5469,ml,dev_5469
5470,ml,dev_5470
5471,ml,dev_5471
5472,web,dev_5472
5473,ml,dev_5473
5474,web,dev_5474
5475,web,dev_5475
5476,ml,dev_5476
5477,web,dev_5477
5478,web,dev_5478
5479,web,dev_5479
5480,web,dev_5480
5481,ml,dev_5481
5482,web,dev_5482
5483,web,dev_5483
5484,ml,dev_5484
5485,web,dev_5485
5486,web,dev_5486
5487,web,dev_5487
5488,web,dev_5488
5489,web,dev_5489
5490,ml,dev_5490
5491,web,dev_5491
5492,ml,dev_5492
5493,web,dev_5493
5494,web,dev_5494
5495,web,dev_5495
5496,ml,dev_5496
5497,web,dev_5497
5498,web,dev_5498
5499,ml,dev_5499
5500,ml,dev_5500
5501,ml,dev_5501
5502,web,dev_5502
5503,ml,dev_5503
5504,ml,dev_5504
5505,web,dev_5505
5506,ml,dev_5506
5507,ml,dev_5507
5508,ml,dev_5508
5509,web,dev_5509
5510,web,dev_5510
5511,ml,dev_5511
5512,web,dev_5512
5513,ml,dev_5513
5514,web,dev_5514
5515,ml,dev_5515
5516,ml,dev_5516
5517,ml,dev_5517
5518,web,dev_5518
5519,ml,dev_5519
5520,ml,dev_5520
5521,ml,dev_5521
5522,ml,dev_5522
5523,web,dev_5523
5524,web,dev_5524
5525,ml,dev_5525
5526,web,dev_5526
5527,ml,dev_5527
5528,web,dev_5528
5529,web,dev_5529
5530,ml,dev_5530
5531,web,dev_5531
5532,web,dev_5532
5533,ml,dev_5533
5534,web,dev_5534
5535,web,dev_5535
5536,web,dev_5536
5537,ml,dev_5537
5538,ml,dev_5538
5539,web,dev_5539
5540,web,dev_5540
5541,web,dev_5541
5542,web,dev_5542
5543,web,dev_5543
5544,ml,dev_5544
5545,ml,dev_5545
5546,ml,dev_5546
5547,ml,dev_5547
5548,ml,dev_5548
5549,web,dev_5549
5550,web,dev_5550
5551,ml,dev_5551
5552,web,dev_5552
5553,ml,dev_5553
5554,web,dev_5554
5555,web,dev_5555
5556,web,dev_5556
5557,ml,dev_5557
5558,web,dev_5558
5559,ml,dev_5559
5560,ml,dev_5560
5561,web,dev_5561
5562,web,dev_5562
5563,ml,dev_5563
5564,web,dev_5564
5565,web,dev_5565
5566,ml,dev_5566
5567,web,dev_5567
5568,web,dev_5568
5569,ml,dev_5569
5570,web,dev_5570
5571,web,dev_5571
5572,ml,dev_5572
5573,ml,dev_5573
5574,ml,dev_5574
5575,web,dev_5575
5576,web,dev_5576
5577,ml,dev_5577
5578,ml,dev_5578
5579,ml,dev_5579
5580,web,dev_5580
5581,ml,dev_5581
5582,web,dev_5582
5583,ml,dev_5583
5584,web,dev_5584
5585,web,dev_5585
5586,ml,dev_5586
5587,web,dev_5587
5588,web,dev_5588
5589,ml,dev_5589
5590,ml,dev_5590
5591,web,dev_5591
5592,ml,dev_5592
5593,ml,dev_5593
5594,web,dev_5594
5595,web,dev_5595
5596,web,dev_5596
5597,web,dev_5597
5598,ml,dev_5598
5599,ml,dev_5599
5600,ml,dev_5600
5601,web,dev_5601
5602,web,dev_5602
5603,ml,dev_5603
5604,web,dev_5604
5605,web,dev_5605
5606,ml,dev_5606
5607,ml,dev_5607
5608,web,dev_5608
5609,ml,dev_5609
5610,ml,dev_5610
5611,web,dev_5611
5612,ml,dev_5612
5613,web,dev_5613
5614,web,dev_5614
5615,ml,dev_5615
5616,ml,dev_5616
5617,ml,dev_5617
5618,ml,dev_5618
5619,web,dev_5619
5620,ml,dev_5620
5621,web,dev_5621
5622,web,dev_5622
5623,web,dev_5623
5624,ml,dev_5624
5625,web,dev_5625
5626,web,dev_5626
5627,web,dev_5627
5628,ml,dev_5628
5629,web,dev_5629
5630,web,dev_5630
5631,web,dev_5631
5632,web,dev_5632
5633,web,dev_5633
5634,ml,dev_5634
5635,web,dev_5635
5636,ml,dev_5636
5637,ml,dev_5637
5638,ml,dev_5638
5639,ml,dev_5639
5640,web,dev_5640
5641,web,dev_5641
5642,ml,dev_5642
5643,web,dev_5643
5644,ml,dev_5644
5645,web,dev_5645
5646,ml,dev_5646
5647,ml,dev_5647
5648,web,dev_5648
5649,ml,dev_5649
5650,web,dev_5650
5651,web,dev_5651
5652,web,dev_5652
5653,web,dev_5653
5654,ml,dev_5654
5655,web,dev_5655
5656,web,dev_5656
5657,ml,dev_5657
5658,ml,dev_5658
5659,web,dev_5659
5660,ml,dev_5660
5661,web,dev_5661
5662,ml,dev_5662
5663,ml,dev_5663
5664,ml,dev_5664
5665,ml,dev_5665
5666,ml,dev_5666
5667,ml,dev_5667
5668,ml,dev_5668
5669,web,dev_5669
5670,web,dev_5670
5671,web,dev_5671
5672,web,dev_5672
5673,ml,dev_5673
5674,ml,dev_5674
5675,ml,dev_5675
5676,ml,dev_5676
5677,web,dev_5677
5678,ml,dev_5678
5679,web,dev_5679
5680,ml,dev_5680
5681,ml,dev_5681
5682,ml,dev_5682
5683,web,dev_5683
5684,web,dev_5684
5685,ml,dev_5685
5686,ml,dev_5686
5687,ml,dev_5687
5688,ml,dev_5688
5689,ml,dev_5689
5690,web,dev_5690
5691,web,dev_5691
5692,ml,dev_5692
5693,web,dev_5693
5694,ml,dev_5694
5695,web,dev_5695
5696,web,dev_5696
5697,ml,dev_5697
5698,ml,dev_5698
5699,web,dev_5699
5700,ml,dev_5700
5701,web,dev_5701
5702,ml,dev_5702
5703,ml,dev_5703
5704,web,dev_5704
5705,ml,dev_5705
5706,ml,dev_5706
5707,ml,dev_5707
5708,web,dev_5708
5709,web,dev_5709
5710,ml,dev_5710
5711,ml,dev_5711
5712,ml,dev_5712
5713,ml,dev_5713
5714,ml,dev_5714
5715,web,dev_5715
5716,web,dev_5716
5717,ml,dev_5717
5718,web,dev_5718
5719,ml,dev_5719
5720,ml,dev_5720
5721,web,dev_5721
5722,web,dev_5722
5723,web,dev_5723
5724,web,dev_5724
5725,ml,dev_5725
5726,ml,dev_5726
5727,web,dev_5727
5728,ml,dev_5728
5729,ml,dev_5729
5730,ml,dev_5730
5731,ml,dev_5731
5732,web,dev_5732
5733,ml,dev_5733
5734,ml,dev_5734
5735,web,dev_5735
5736,web,dev_5736
5737,web,dev_5737
5738,ml,dev_5738
5739,ml,dev_5739
5740,ml,dev_5740
5741,ml,dev_5741
5742,web,dev_5742
5743,web,dev_5743
5744,ml,dev_5744
5745,ml,dev_5745
5746,web,dev_5746
5747,web,dev_5747
5748,web,dev_5748
5749,ml,dev_5749
5750,web,dev_5750
5751,ml,dev_5751
5752,ml,dev_5752
5753,web,dev_5753
5754,web,dev_5754
5755,web,dev_5755
5756,web,dev_5756
5757,ml,dev_5757
5758,ml,dev_5758
5759,ml,dev_5759
5760,ml,dev_5760
5761,web,dev_5761
5762,ml,dev_5762
5763,ml,dev_5763
5764,ml,dev_5764
5765,web,dev_5765
5766,web,dev_5766
5767,ml,dev_5767
5768,web,dev_5768
5769,ml,dev_5769
5770,web,dev_5770
5771,web,dev_5771
5772,ml,dev_5772
5773,ml,dev_5773
5774,web,dev_5774
5775,web,dev_5775
5776,ml,dev_5776
5777,web,dev_5777
5778,web,dev_5778
5779,ml,dev_5779
5780,web,dev_5780
5781,ml,dev_5781
5782,web,dev_5782
5783,ml,dev_5783
5784,ml,dev_5784
5785,ml,dev_5785
5786,ml,dev_5786
5787,web,dev_5787
5788,web,dev_5788
5789,ml,dev_5789
5790,web,dev_5790
5791,ml,dev_5791
5792,web,dev_5792
5793,ml,dev_5793
5794,ml,dev_5794
5795,web,dev_5795
5796,web,dev_5796
5797,web,dev_5797
5798,ml,dev_5798
5799,ml,dev_5799
5800,ml,dev_5800
5801,web,dev_5801
5802,web,dev_5802
5803,web,dev_5803
5804,ml,dev_5804
5805,web,dev_5805
5806,ml,dev_5806
5807,ml,dev_5807
5808,ml,dev_5808
5809,web,dev_5809
5810,ml,dev_5810
5811,ml,dev_5811
5812,ml,dev_5812
5813,web,dev_5813
5814,web,dev_5814
5815,ml,dev_5815
5816,web,dev_5816
5817,web,dev_5817
5818,web,dev_5818
5819,web,dev_5819
5820,ml,dev_5820
5821,web,dev_5821
5822,web,dev_5822
5823,ml,dev_5823
5824,ml,dev_5824
5825,web,dev_5825
5826,ml,dev_5826
5827,ml,dev_5827
5828,web,dev_5828
5829,ml,dev_5829
5830,ml,dev_5830
5831,web,dev_5831
5832,web,dev_5832
5833,web,dev_5833
5834,ml,dev_5834
5835,web,dev_5835
5836,web,dev_5836
5837,web,dev_5837
5838,ml,dev_5838
5839,web,dev_5839
5840,web,dev_5840
5841,ml,dev_5841
5842,web,dev_5842
5843,web,dev_5843
5844,web,dev_5844
5845,ml,dev_5845
5846,web,dev_5846
5847,web,dev_5847
5848,ml,dev_5848
5849,ml,dev_5849
5850,web,dev_5850
5851,ml,dev_5851
5852,ml,dev_5852
5853,web,dev_5853
5854,web,dev_5854
5855,ml,dev_5855
5856,ml,dev_5856
5857,web,dev_5857
5858,ml,dev_5858
5859,web,dev_5859
5860,ml,dev_5860
5861,ml,dev_5861
5862,web,dev_5862
5863,web,dev_5863
5864,ml,dev_5864
5865,ml,dev_5865
5866,web,dev_5866
5867,ml,dev_5867
5868,web,dev_5868
5869,ml,dev_5869
5870,web,dev_5870
5871,web,dev_5871
5872,web,dev_5872
5873,web,dev_5873
5874,web,dev_5874
5875,ml,dev_5875
5876,web,dev_5876
5877,web,dev_5877
5878,web,dev_5878
5879,web,dev_5879
5880,ml,dev_5880
5881,web,dev_5881
5882,ml,dev_5882
5883,web,dev_5883
5884,web,dev_5884
5885,ml,dev_5885
5886,ml,dev_5886
5887,ml,dev_5887
5888,ml,dev_5888
5889,ml,dev_5889
5890,ml,dev_5890
5891,web,dev_5891
5892,web,dev_5892
5893,web,dev_5893
5894,ml,dev_5894
5895,ml,dev_5895
5896,web,dev_5896
5897,ml,dev_5897
5898,web,dev_5898
5899,web,dev_5899
5900,ml,dev_5900
5901,ml,dev_5901
5902,web,dev_5902
5903,web,dev_5903
5904,web,dev_5904
5905,ml,dev_5905
5906,ml,dev_5906
5907,web,dev_5907
5908,ml,dev_5908
5909,ml,dev_5909
5910,web,dev_5910
5911,web,dev_5911
5912,ml,dev_5912
5913,ml,dev_5913
5914,ml,dev_5914
5915,ml,dev_5915
5916,web,dev_5916
5917,ml,dev_5917
5918,web,dev_5918
5919,ml,dev_5919
5920,ml,dev_5920
5921,web,dev_5921
5922,web,dev_5922
5923,ml,dev_5923
5924,ml,dev_5924
5925,web,dev_5925
5926,web,dev_5926
5927,web,dev_5927
5928,ml,dev_5928
5929,web,dev_5929
5930,web,dev_5930
5931,ml,dev_5931
5932,ml,dev_5932
5933,web,dev_5933
5934,ml,dev_5934
5935,web,dev_5935
5936,ml,dev_5936
5937,web,dev_5937
5938,web,dev_5938
5939,ml,dev_5939
5940,ml,dev_5940
5941,ml,dev_5941
5942,web,dev_5942
5943,web,dev_5943
5944,web,dev_5944
5945,web,dev_5945
5946,ml,dev_5946
5947,web,dev_5947
5948,ml,dev_5948
5949,web,dev_5949
5950,ml,dev_5950
5951,ml,dev_5951
5952,web,dev_5952
5953,web,dev_5953
5954,ml,dev_5954
5955,ml,dev_5955
5956,web,dev_5956
5957,web,dev_5957
5958,ml,dev_5958
5959,ml,dev_5959
5960,web,dev_5960
5961,web,dev_5961
5962,web,dev_5962
5963,web,dev_5963
5964,web,dev_5964
5965,web,dev_5965
5966,web,dev_5966
5967,ml,dev_5967
5968,web,dev_5968
5969,web,dev_5969
5970,web,dev_5970
5971,web,dev_5971
5972,ml,dev_5972
5973,ml,dev_5973
5974,ml,dev_5974
5975,web,dev_5975
5976,ml,dev_5976
5977,web,dev_5977
5978,ml,dev_5978
5979,web,dev_5979
5980,ml,dev_5980
5981,web,dev_5981
5982,web,dev_5982
5983,ml,dev_5983
5984,web,dev_5984
5985,ml,dev_5985
5986,web,dev_5986
5987,ml,dev_5987
5988,web,dev_5988
5989,web,dev_5989
5990,web,dev_5990
5991,ml,dev_5991
5992,ml,dev_5992
5993,web,dev_5993
5994,ml,dev_5994
5995,ml,dev_5995
5996,ml,dev_5996
5997,ml,dev_5997
5998,ml,dev_5998
5999,web,dev_5999
6000,ml,dev_6000
6001,ml,dev_6001
6002,web,dev_6002
6003,ml,dev_6003
6004,ml,dev_6004
6005,web,dev_6005
6006,web,dev_6006
6007,ml,dev_6007
6008,ml,dev_6008
6009,ml,dev_6009
6010,ml,dev_6010
6011,ml,dev_6011
6012,ml,dev_6012
6013,web,dev_6013
6014,ml,dev_6014
6015,web,dev_6015
6016,ml,dev_6016
6017,ml,dev_6017
6018,ml,dev_6018
6019,web,dev_6019
6020,web,dev_6020
6021,web,dev_6021
6022,ml,dev_6022
6023,web,dev_6023
6024,web,dev_6024
6025,ml,dev_6025
6026,ml,dev_6026
6027,web,dev_6027
6028,ml,dev_6028
6029,web,dev_6029
6030,web,dev_6030
6031,web,dev_6031
6032,ml,dev_6032
6033,web,dev_6033
6034,ml,dev_6034
6035,ml,dev_6035
6036,ml,dev_6036
6037,web,dev_6037
6038,web,dev_6038
6039,ml,dev_6039
6040,web,dev_6040
6041,ml,dev_6041
6042,ml,dev_6042
6043,web,dev_6043
6044,web,dev_6044
6045,web,dev_6045
6046,web,dev_6046
6047,ml,dev_6047
6048,web,dev_6048
6049,ml,dev_6049
6050,ml,dev_6050
6051,ml,dev_6051
6052,web,dev_6052
6053,ml,dev_6053
6054,ml,dev_6054
6055,ml,dev_6055
6056,web,dev_6056
6057,web,dev_6057
6058,ml,dev_6058
6059,web,dev_6059
6060,web,dev_6060
6061,web,dev_6061
6062,ml,dev_6062
6063,web,dev_6063
6064,ml,dev_6064
6065,web,dev_6065
6066,web,dev_6066
6067,ml,dev_6067
6068,web,dev_6068
6069,web,dev_6069
6070,web,dev_6070
6071,web,dev_6071
6072,web,dev_6072
6073,web,dev_6073
6074,ml,dev_6074
6075,ml,dev_6075
6076,ml,dev_6076
6077,web,dev_6077
6078,ml,dev_6078
6079,ml,dev_6079
6080,web,dev_6080
6081,ml,dev_6081
6082,web,dev_6082
6083,web,dev_6083
6084,web,dev_6084
6085,ml,dev_6085
6086,ml,dev_6086
6087,web,dev_6087
6088,web,dev_6088
6089,ml,dev_6089
6090,ml,dev_6090
6091,web,dev_6091
6092,web,dev_6092
6093,web,dev_6093
6094,ml,dev_6094
6095,ml,dev_6095
6096,ml,dev_6096
6097,ml,dev_6097
6098,web,dev_6098
6099,ml,dev_6099
6100,web,dev_6100
6101,ml,dev_6101
6102,ml,dev_6102
6103,web,dev_6103
6104,web,dev_6104
6105,web,dev_6105
6106,ml,dev_6106
6107,ml,dev_6107
6108,ml,dev_6108
6109,web,dev_6109
6110,ml,dev_6110
6111,web,dev_6111
6112,ml,dev_6112
6113,ml,dev_6113
6114,web,dev_6114
6115,ml,dev_6115
6116,web,dev_6116
6117,ml,dev_6117
6118,web,dev_6118
6119,web,dev_6119
6120,ml,dev_6120
6121,web,dev_6121
6122,ml,dev_6122
6123,ml,dev_6123
6124,web,dev_6124
6125,web,dev_6125
6126,web,dev_6126
6127,ml,dev_6127
6128,web,dev_6128
6129,web,dev_6129
6130,web,dev_6130
6131,ml,dev_6131
6132,ml,dev_6132
6133,web,dev_6133
6134,ml,dev_6134
6135,ml,dev_6135
6136,ml,dev_6136
6137,ml,dev_6137
6138,web,dev_6138
6139,web,dev_6139
6140,web,dev_6140
6141,ml,dev_6141
6142,ml,dev_6142
6143,web,dev_6143
6144,ml,dev_6144
6145,ml,dev_6145
6146,ml,dev_6146
6147,web,dev_6147
6148,web,dev_6148
6149,ml,dev_6149
6150,web,dev_6150
6151,ml,dev_6151
6152,web,dev_6152
6153,web,dev_6153
6154,ml,dev_6154
6155,web,dev_6155
6156,ml,dev_6156
6157,ml,dev_6157
6158,web,dev_6158
6159,web,dev_6159
6160,web,dev_6160
6161,web,dev_6161
6162,ml,dev_6162
6163,ml,dev_6163
6164,web,dev_6164
6165,web,dev_6165
6166,web,dev_6166
6167,ml,dev_6167
6168,ml,dev_6168
6169,ml,dev_6169
6170,web,dev_6170
6171,ml,dev_6171
6172,ml,dev_6172
6173,web,dev_6173
6174,web,dev_6174
6175,ml,dev_6175
6176,web,dev_6176
6177,ml,dev_6177
6178,ml,dev_6178
6179,ml,dev_6179
6180,web,dev_6180
6181,ml,dev_6181
6182,ml,dev_6182
6183,ml,dev_6183
6184,ml,dev_6184
6185,ml,dev_6185
6186,ml,dev_6186
6187,web,dev_6187
6188,ml,dev_6188
6189,web,dev_6189
6190,web,dev_6190
6191,web,dev_6191
6192,web,dev_6192
6193,ml,dev_6193
6194,web,dev_6194
6195,ml,dev_6195
6196,ml,dev_6196
6197,web,dev_6197
6198,ml,dev_6198
6199,ml,dev_6199
6200,web,dev_6200
6201,web,dev_6201
6202,web,dev_6202
6203,ml,dev_6203
6204,ml,dev_6204
6205,web,dev_6205
6206,ml,dev_6206
6207,web,dev_6207
6208,web,dev_6208
6209,ml,dev_6209
6210,web,dev_6210
6211,web,dev_6211
6212,web,dev_6212
6213,ml,dev_6213
6214,web,dev_6214
6215,ml,dev_6215
6216,ml,dev_6216
6217,ml,dev_6217
6218,web,dev_6218
6219,ml,dev_6219
6220,web,dev_6220
6221,web,dev_6221
6222,ml,dev_6222
6223,web,dev_6223
6224,ml,dev_6224
6225,ml,dev_6225
6226,web,dev_6226
6227,ml,dev_6227
6228,web,dev_6228
6229,ml,dev_6229
6230,web,dev_6230
6231,ml,dev_6231
6232,web,dev_6232
6233,ml,dev_6233
6234,web,dev_6234
6235,web,dev_6235
6236,web,dev_6236
6237,ml,dev_6237
6238,web,dev_6238
6239,web,dev_6239
6240,ml,dev_6240
6241,ml,dev_6241
6242,ml,dev_6242
6243,web,dev_6243
6244,web,dev_6244
6245,ml,dev_6245
6246,ml,dev_6246
6247,ml,dev_6247
6248,ml,dev_6248
6249,web,dev_6249
6250,web,dev_6250
6251,web,dev_6251
6252,ml,dev_6252
6253,web,dev_6253
6254,web,dev_6254
6255,ml,dev_6255
6256,web,dev_6256
6257,ml,dev_6257
6258,web,dev_6258
6259,web,dev_6259
6260,ml,dev_6260
6261,web,dev_6261
6262,web,dev_6262
6263,ml,dev_6263
6264,web,dev_6264
6265,web,dev_6265
6266,web,dev_6266
6267,web,dev_6267
6268,web,dev_6268
6269,ml,dev_6269
6270,web,dev_6270
6271,web,dev_6271
6272,web,dev_6272
6273,web,dev_6273
6274,ml,dev_6274
6275,web,dev_6275
6276,web,dev_6276
6277,ml,dev_6277
6278,web,dev_6278
6279,ml,dev_6279
6280,ml,dev_6280
6281,web,dev_6281
6282,ml,dev_6282
6283,web,dev_6283
6284,ml,dev_6284
6285,web,dev_6285
6286,ml,dev_6286
6287,web,dev_6287
6288,web,dev_6288
6289,ml,dev_6289
6290,web,dev_6290
6291,ml,dev_6291
6292,ml,dev_6292
6293,web,dev_6293
6294,web,dev_6294
6295,ml,dev_6295
6296,web,dev_6296
6297,ml,dev_6297
6298,web,dev_6298
6299,web,dev_6299
6300,ml,dev_6300
6301,ml,dev_6301
6302,web,dev_6302
6303,ml,dev_6303
6304,web,dev_6304
6305,ml,dev_6305
6306,web,dev_6306
6307,ml,dev_6307
6308,ml,dev_6308
6309,ml,dev_6309
6310,web,dev_6310
6311,ml,dev_6311
6312,web,dev_6312
6313,ml,dev_6313
6314,web,dev_6314
6315,ml,dev_6315
6316,web,dev_6316
6317,web,dev_6317
6318,ml,dev_6318
6319,web,dev_6319
6320,ml,dev_6320
6321,ml,dev_6321
6322,web,dev_6322
6323,ml,dev_6323
6324,web,dev_6324
6325,ml,dev_6325
6326,web,dev_6326
6327,web,dev_6327
6328,ml,dev_6328
6329,ml,dev_6329
6330,ml,dev_6330
6331,web,dev_6331
6332,ml,dev_6332
6333,web,dev_6333
6334,web,dev_6334
6335,web,dev_6335
6336,web,dev_6336
6337,ml,dev_6337
6338,web,dev_6338
6339,web,dev_6339
6340,web,dev_6340
6341,web,dev_6341
6342,ml,dev_6342
6343,ml,dev_6343
6344,ml,dev_6344
6345,ml,dev_6345
6346,web,dev_6346
6347,web,dev_6347
6348,web,dev_6348
6349,web,dev_6349
6350,ml,dev_6350
6351,web,dev_6351
6352,web,dev_6352
6353,ml,dev_6353
6354,ml,dev_6354
6355,ml,dev_6355
6356,web,dev_6356
6357,ml,dev_6357
6358,web,dev_6358
6359,ml,dev_6359
6360,ml,dev_6360
6361,ml,dev_6361
6362,ml,dev_6362
6363,ml,dev_6363
6364,web,dev_6364
6365,ml,dev_6365
6366,ml,dev_6366
6367,ml,dev_6367
6368,ml,dev_6368
6369,ml,dev_6369
6370,web,dev_6370
6371,ml,dev_6371
6372,ml,dev_6372
6373,web,dev_6373
6374,ml,dev_6374
6375,ml,dev_6375
6376,web,dev_6376
6377,ml,dev_6377
6378,ml,dev_6378
6379,web,dev_6379
6380,web,dev_6380
6381,ml,dev_6381
6382,web,dev_6382
6383,ml,dev_6383
6384,ml,dev_6384
6385,web,dev_6385
6386,ml,dev_6386
6387,ml,dev_6387
6388,ml,dev_6388
6389,web,dev_6389
6390,web,dev_6390
6391,web,dev_6391
6392,web,dev_6392
6393,ml,dev_6393
6394,web,dev_6394
6395,web,dev_6395
6396,web,dev_6396
6397,ml,dev_6397
6398,ml,dev_6398
6399,ml,dev_6399
6400,ml,dev_6400
6401,ml,dev_6401
6402,ml,dev_6402
6403,ml,dev_6403
6404,ml,dev_6404
6405,ml,dev_6405
6406,ml,dev_6406
6407,web,dev_6407
6408,ml,dev_6408
6409,ml,dev_6409
6410,ml,dev_6410
6411,ml,dev_6411
6412,web,dev_6412
6413,web,dev_6413
6414,web,dev_6414
6415,web,dev_6415
6416,ml,dev_6416
6417,ml,dev_6417
6418,web,dev_6418
6419,web,dev_6419
6420,web,dev_6420
6421,web,dev_6421
6422,web,dev_6422
6423,ml,dev_6423
6424,ml,dev_6424
6425,ml,dev_6425
6426,web,dev_6426
6427,ml,dev_6427
6428,ml,dev_6428
6429,web,dev_6429
6430,ml,dev_6430
6431,web,dev_6431
6432,ml,dev_6432
6433,ml,dev_6433
6434,ml,dev_6434
6435,web,dev_6435
6436,web,dev_6436
6437,web,dev_6437
6438,web,dev_6438
6439,web,dev_6439
6440,web,dev_6440
6441,ml,dev_6441
6442,web,dev_6442
6443,ml,dev_6443
6444,ml,dev_6444
6445,ml,dev_6445
6446,ml,dev_6446
6447,web,dev_6447
6448,ml,dev_6448
6449,ml,dev_6449
6450,ml,dev_6450
6451,ml,dev_6451
6452,web,dev_6452
6453,ml,dev_6453
6454,web,dev_6454
6455,web,dev_6455
6456,web,dev_6456
6457,ml,dev_6457
6458,web,dev_6458
6459,ml,dev_6459
6460,web,dev_6460
6461,web,dev_6461
6462,web,dev_6462
6463,web,dev_6463
6464,ml,dev_6464
6465,ml,dev_6465
6466,ml,dev_6466
6467,ml,dev_6467
6468,web,dev_6468
6469,web,dev_6469
6470,ml,dev_6470
6471,web,dev_6471
6472,web,dev_6472
6473,web,dev_6473
6474,web,dev_6474
6475,ml,dev_6475
6476,ml,dev_6476
6477,ml,dev_6477
6478,web,dev_6478
6479,ml,dev_6479
6480,ml,dev_6480
6481,ml,dev_6481
6482,web,dev_6482
6483,ml,dev_6483
6484,web,dev_6484
6485,ml,dev_6485
6486,web,dev_6486
6487,web,dev_6487
6488,ml,dev_6488
6489,ml,dev_6489
6490,web,dev_6490
6491,ml,dev_6491
6492,ml,dev_6492
6493,ml,dev_6493
6494,web,dev_6494
6495,ml,dev_6495
6496,web,dev_6496
6497,ml,dev_6497
6498,web,dev_6498
6499,web,dev_6499
6500,ml,dev_6500
6501,web,dev_6501
6502,ml,dev_6502
6503,ml,dev_6503
6504,web,dev_6504
6505,ml,dev_6505
6506,ml,dev_6506
6507,web,dev_6507
6508,web,dev_6508
6509,web,dev_6509
6510,web,dev_6510
6511,web,dev_6511
6512,ml,dev_6512
6513,web,dev_6513
6514,ml,dev_6514
6515,ml,dev_6515
6516,ml,dev_6516
6517,web,dev_6517
6518,ml,dev_6518
6519,web,dev_6519
6520,ml,dev_6520
6521,ml,dev_6521
6522,ml,dev_6522
6523,ml,dev_6523
6524,web,dev_6524
6525,web,dev_6525
6526,ml,dev_6526
6527,web,dev_6527
6528,ml,dev_6528
6529,web,dev_6529
6530,web,dev_6530
6531,web,dev_6531
6532,ml,dev_6532
6533,ml,dev_6533
6534,ml,dev_6534
6535,web,dev_6535
6536,web,dev_6536
6537,web,dev_6537
6538,web,dev_6538
6539,ml,dev_6539
6540,ml,dev_6540
6541,web,dev_6541
6542,web,dev_6542
6543,web,dev_6543
6544,ml,dev_6544
6545,web,dev_6545
6546,web,dev_6546
6547,ml,dev_6547
6548,ml,dev_6548
6549,web,dev_6549
6550,ml,dev_6550
6551,ml,dev_6551
6552,ml,dev_6552
6553,web,dev_6553
6554,ml,dev_6554
6555,ml,dev_6555
6556,ml,dev_6556
6557,web,dev_6557
6558,ml,dev_6558
6559,web,dev_6559
6560,ml,dev_6560
6561,web,dev_6561
6562,web,dev_6562
6563,ml,dev_6563
6564,ml,dev_6564
6565,ml,dev_6565
6566,ml,dev_6566
6567,ml,dev_6567
6568,ml,dev_6568
6569,web,dev_6569
6570,ml,dev_6570
6571,web,dev_6571
6572,ml,dev_6572
6573,ml,dev_6573
6574,ml,dev_6574
6575,web,dev_6575
6576,web,dev_6576
6577,ml,dev_6577
6578,ml,dev_6578
6579,web,dev_6579
6580,web,dev_6580
6581,web,dev_6581
6582,ml,dev_6582
6583,web,dev_6583
6584,ml,dev_6584
6585,ml,dev_6585
6586,ml,dev_6586
6587,ml,dev_6587
6588,web,dev_6588
6589,ml,dev_6589
6590,ml,dev_6590
6591,ml,dev_6591
6592,web,dev_6592
6593,ml,dev_6593
6594,ml,dev_6594
6595,web,dev_6595
6596,web,dev_6596
6597,web,dev_6597
6598,web,dev_6598
6599,ml,dev_6599
6600,web,dev_6600
6601,web,dev_6601
6602,ml,dev_6602
6603,web,dev_6603
6604,web,dev_6604
6605,ml,dev_6605
6606,web,dev_6606
6607,ml,dev_6607
6608,web,dev_6608
6609,ml,dev_6609
6610,ml,dev_6610
6611,ml,dev_6611
6612,ml,dev_6612
6613,web,dev_6613
6614,ml,dev_6614
6615,web,dev_6615
6616,web,dev_6616
6617,web,dev_6617
6618,web,dev_6618
6619,ml,dev_6619
6620,web,dev_6620
6621,web,dev_6621
6622,web,dev_6622
6623,web,dev_6623
6624,web,dev_6624
6625,ml,dev_6625
6626,web,dev_6626
6627,web,dev_6627
6628,web,dev_6628
6629,web,dev_6629
6630,ml,dev_6630
6631,web,dev_6631
6632,web,dev_6632
6633,ml,dev_6633
6634,ml,dev_6634
6635,web,dev_6635
6636,web,dev_6636
6637,web,dev_6637
6638,web,dev_6638
6639,ml,dev_6639
6640,web,dev_6640
6641,ml,dev_6641
6642,web,dev_6642
6643,ml,dev_6643
6644,web,dev_6644
6645,ml,dev_6645
6646,web,dev_6646
6647,ml,dev_6647
6648,web,dev_6648
6649,ml,dev_6649
6650,ml,dev_6650
6651,web,dev_6651
6652,web,dev_6652
6653,ml,dev_6653
6654,web,dev_6654
6655,web,dev_6655
6656,web,dev_6656
6657,web,dev_6657
6658,web,dev_6658
6659,web,dev_6659
6660,web,dev_6660
6661,ml,dev_6661
6662,ml,dev_6662
6663,web,dev_6663
6664,ml,dev_6664
6665,web,dev_6665
6666,web,dev_6666
6667,web,dev_6667
6668,web,dev_6668
6669,web,dev_6669
6670,web,dev_6670
6671,web,dev_6671
6672,web,dev_6672
6673,ml,dev_6673
6674,web,dev_6674
6675,web,dev_6675
6676,web,dev_6676
6677,web,dev_6677
6678,web,dev_6678
6679,web,dev_6679
6680,web,dev_6680
6681,web,dev_6681
6682,web,dev_6682
6683,web,dev_6683
6684,ml,dev_6684
6685,ml,dev_6685
6686,web,dev_6686
6687,web,dev_6687
6688,web,dev_6688
6689,ml,dev_6689
6690,ml,dev_6690
6691,web,dev_6691
6692,ml,dev_6692
6693,ml,dev_6693
6694,web,dev_6694
6695,web,dev_6695
6696,ml,dev_6696
6697,web,dev_6697
6698,ml,dev_6698
6699,ml,dev_6699
6700,ml,dev_6700
6701,ml,dev_6701
6702,ml,dev_6702
6703,ml,dev_6703
6704,ml,dev_6704
6705,web,dev_6705
6706,web,dev_6706
6707,ml,dev_6707
6708,web,dev_6708
6709,web,dev_6709
6710,ml,dev_6710
6711,ml,dev_6711
6712,web,dev_6712
6713,web,dev_6713
6714,web,dev_6714
6715,ml,dev_6715
6716,web,dev_6716
6717,web,dev_6717
6718,ml,dev_6718
6719,ml,dev_6719
6720,web,dev_6720
6721,web,dev_6721
6722,ml,dev_6722
6723,ml,dev_6723
6724,web,dev_6724
6725,web,dev_6725
6726,ml,dev_6726
6727,ml,dev_6727
6728,ml,dev_6728
6729,ml,dev_6729
6730,ml,dev_6730
6731,web,dev_6731
6732,web,dev_6732
6733,ml,dev_6733
6734,ml,dev_6734
6735,web,dev_6735
6736,web,dev_6736
6737,web,dev_6737
6738,ml,dev_6738
6739,ml,dev_6739
6740,web,dev_6740
6741,web,dev_6741
6742,web,dev_6742
6743,web,dev_6743
6744,ml,dev_6744
6745,web,dev_6745
6746,ml,dev_6746
6747,web,dev_6747
6748,web,dev_6748
6749,ml,dev_6749
6750,web,dev_6750
6751,web,dev_6751
6752,web,dev_6752
6753,web,dev_6753
6754,web,dev_6754
6755,web,dev_6755
6756,web,dev_6756
6757,web,dev_6757
6758,ml,dev_6758
6759,web,dev_6759
6760,ml,dev_6760
6761,web,dev_6761
6762,ml,dev_6762
6763,ml,dev_6763
6764,ml,dev_6764
6765,web,dev_6765
6766,ml,dev_6766
6767,ml,dev_6767
6768,web,dev_6768
6769,ml,dev_6769
6770,web,dev_6770
6771,ml,dev_6771
6772,ml,dev_6772
6773,ml,dev_6773
6774,ml,dev_6774
6775,web,dev_6775
6776,ml,dev_6776
6777,ml,dev_6777
6778,ml,dev_6778
6779,ml,dev_6779
6780,web,dev_6780
6781,web,dev_6781
6782,ml,dev_6782
6783,ml,dev_6783
6784,web,dev_6784
6785,web,dev_6785
6786,web,dev_6786
6787,ml,dev_6787
6788,web,dev_6788
6789,ml,dev_6789
6790,ml,dev_6790
6791,web,dev_6791
6792,web,dev_6792
6793,web,dev_6793
6794,web,dev_6794
6795,ml,dev_6795
6796,ml,dev_6796
6797,web,dev_6797
6798,web,dev_6798
6799,ml,dev_6799
6800,ml,dev_6800
6801,ml,dev_6801
6802,ml,dev_6802
6803,ml,dev_6803
6804,ml,dev_6804
6805,web,dev_6805
6806,web,dev_6806
6807,web,dev_6807
6808,web,dev_6808
6809,web,dev_6809
6810,web,dev_6810
6811,ml,dev_6811
6812,ml,dev_6812
6813,ml,dev_6813
6814,web,dev_6814
6815,ml,dev_6815
6816,web,dev_6816
6817,web,dev_6817
6818,ml,dev_6818
6819,web,dev_6819
6820,ml,dev_6820
6821,web,dev_6821
6822,ml,dev_6822
6823,web,dev_6823
6824,web,dev_6824
6825,web,dev_6825
6826,web,dev_6826
6827,ml,dev_6827
6828,ml,dev_6828
6829,web,dev_6829
6830,ml,dev_6830
6831,web,dev_6831
6832,web,dev_6832
6833,ml,dev_6833
6834,ml,dev_6834
6835,web,dev_6835
6836,ml,dev_6836
6837,web,dev_6837
6838,ml,dev_6838
6839,web,dev_6839
6840,web,dev_6840
6841,web,dev_6841
6842,ml,dev_6842
6843,ml,dev_6843
6844,ml,dev_6844
6845,ml,dev_6845
6846,web,dev_6846
6847,ml,dev_6847
6848,ml,dev_6848
6849,ml,dev_6849
6850,ml,dev_6850
6851,web,dev_6851
6852,ml,dev_6852
6853,web,dev_6853
6854,web,dev_6854
6855,ml,dev_6855
6856,ml,dev_6856
6857,ml,dev_6857
6858,ml,dev_6858
6859,ml,dev_6859
6860,ml,dev_6860
6861,web,dev_6861
6862,ml,dev_6862
6863,ml,dev_6863
6864,web,dev_6864
6865,web,dev_6865
6866,web,dev_6866
6867,ml,dev_6867
6868,ml,dev_6868
6869,ml,dev_6869
6870,web,dev_6870
6871,ml,dev_6871
6872,web,dev_6872
6873,ml,dev_6873
6874,ml,dev_6874
6875,web,dev_6875
6876,web,dev_6876
6877,ml,dev_6877
6878,ml,dev_6878
6879,web,dev_6879
6880,ml,dev_6880
6881,ml,dev_6881
6882,web,dev_6882
6883,web,dev_6883
6884,ml,dev_6884
6885,web,dev_6885
6886,web,dev_6886
6887,web,dev_6887
6888,ml,dev_6888
6889,ml,dev_6889
6890,ml,dev_6890
6891,ml,dev_6891
6892,web,dev_6892
6893,ml,dev_6893
6894,ml,dev_6894
6895,web,dev_6895
6896,ml,dev_6896
6897,web,dev_6897
6898,ml,dev_6898
6899,web,dev_6899
6900,web,dev_6900
6901,ml,dev_6901
6902,ml,dev_6902
6903,web,dev_6903
6904,ml,dev_6904
6905,ml,dev_6905
6906,web,dev_6906
6907,ml,dev_6907
6908,ml,dev_6908
6909,web,dev_6909
6910,ml,dev_6910
6911,ml,dev_6911
6912,web,dev_6912
6913,web,dev_6913
6914,web,dev_6914
6915,web,dev_6915
6916,ml,dev_6916
6917,web,dev_6917
6918,ml,dev_6918
6919,web,dev_6919
6920,web,dev_6920
6921,web,dev_6921
6922,ml,dev_6922
6923,ml,dev_6923
6924,ml,dev_6924
6925,ml,dev_6925
6926,ml,dev_6926
6927,ml,dev_6927
6928,ml,dev_6928
6929,ml,dev_6929
6930,ml,dev_6930
6931,web,dev_6931
6932,ml,dev_6932
6933,ml,dev_6933
6934,ml,dev_6934
6935,ml,dev_6935
6936,web,dev_6936
6937,ml,dev_6937
6938,ml,dev_6938
6939,web,dev_6939
6940,ml,dev_6940
6941,web,dev_6941
6942,web,dev_6942
6943,ml,dev_6943
6944,web,dev_6944
6945,ml,dev_6945
6946,ml,dev_6946
6947,web,dev_6947
6948,ml,dev_6948
6949,ml,dev_6949
6950,ml,dev_6950
6951,ml,dev_6951
6952,web,dev_6952
6953,web,dev_6953
6954,web,dev_6954
6955,web,dev_6955
6956,ml,dev_6956
6957,web,dev_6957
6958,web,dev_6958
6959,web,dev_6959
6960,web,dev_6960
6961,ml,dev_6961
6962,web,dev_6962
6963,web,dev_6963
6964,web,dev_6964
6965,ml,dev_6965
6966,ml,dev_6966
6967,ml,dev_6967
6968,web,dev_6968
6969,web,dev_6969
6970,web,dev_6970
6971,web,dev_6971
6972,web,dev_6972
6973,ml,dev_6973
6974,ml,dev_6974
6975,ml,dev_6975
6976,ml,dev_6976
6977,web,dev_6977
6978,ml,dev_6978
6979,ml,dev_6979
6980,web,dev_6980
6981,ml,dev_6981
6982,ml,dev_6982
6983,web,dev_6983
6984,web,dev_6984
6985,ml,dev_6985
6986,ml,dev_6986
6987,web,dev_6987
6988,ml,dev_6988
6989,web,dev_6989
6990,ml,dev_6990
6991,web,dev_6991
6992,ml,dev_6992
6993,web,dev_6993
6994,ml,dev_6994
6995,web,dev_6995
6996,web,dev_6996
6997,web,dev_6997
6998,ml,dev_6998
6999,ml,dev_6999
7000,web,dev_7000
7001,ml,dev_7001
7002,ml,dev_7002
7003,web,dev_7003
7004,web,dev_7004
7005,ml,dev_7005
7006,ml,dev_7006
7007,ml,dev_7007
7008,web,dev_7008
7009,web,dev_7009
7010,web,dev_7010
7011,web,dev_7011
7012,ml,dev_7012
7013,ml,dev_7013
7014,ml,dev_7014
7015,web,dev_7015
7016,web,dev_7016
7017,web,dev_7017
7018,ml,dev_7018
7019,web,dev_7019
7020,web,dev_7020
7021,web,dev_7021
7022,web,dev_7022
7023,ml,dev_7023
7024,ml,dev_7024
7025,ml,dev_7025
7026,ml,dev_7026
7027,ml,dev_7027
7028,ml,dev_7028
7029,web,dev_7029
7030,web,dev_7030
7031,ml,dev_7031
7032,web,dev_7032
7033,web,dev_7033
7034,ml,dev_7034
7035,web,dev_7035
7036,web,dev_7036
7037,web,dev_7037
7038,web,dev_7038
7039,ml,dev_7039
7040,ml,dev_7040
7041,ml,dev_7041
7042,ml,dev_7042
7043,ml,dev_7043
7044,web,dev_7044
7045,web,dev_7045
7046,ml,dev_7046
7047,ml,dev_7047
7048,ml,dev_7048
7049,ml,dev_7049
7050,web,dev_7050
7051,web,dev_7051
7052,web,dev_7052
7053,ml,dev_7053
7054,web,dev_7054
7055,web,dev_7055
7056,ml,dev_7056
7057,web,dev_7057
7058,web,dev_7058
7059,ml,dev_7059
7060,web,dev_7060
7061,ml,dev_7061
7062,web,dev_7062
7063,web,dev_7063
7064,web,dev_7064
7065,ml,dev_7065
7066,ml,dev_7066
7067,ml,dev_7067
7068,web,dev_7068
7069,ml,dev_7069
7070,ml,dev_7070
7071,web,dev_7071
7072,ml,dev_7072
7073,ml,dev_7073
7074,web,dev_7074
7075,ml,dev_7075
7076,web,dev_7076
7077,web,dev_7077
7078,ml,dev_7078
7079,ml,dev_7079
7080,ml,dev_7080
7081,web,dev_7081
7082,web,dev_7082
7083,ml,dev_7083
7084,web,dev_7084
7085,web,dev_7085
7086,ml,dev_7086
7087,web,dev_7087
7088,ml,dev_7088
7089,ml,dev_7089
7090,web,dev_7090
7091,ml,dev_7091
7092,web,dev_7092
7093,web,dev_7093
7094,ml,dev_7094
7095,web,dev_7095
7096,web,dev_7096
7097,web,dev_7097
7098,web,dev_7098
7099,ml,dev_7099
7100,web,dev_7100
7101,ml,dev_7101
7102,ml,dev_7102
7103,ml,dev_7103
7104,web,dev_7104
7105,web,dev_7105
7106,ml,dev_7106
7107,ml,dev_7107
7108,web,dev_7108
7109,ml,dev_7109
7110,web,dev_7110
7111,ml,dev_7111
7112,web,dev_7112
7113,web,dev_7113
7114,web,dev_7114
7115,ml,dev_7115
7116,ml,dev_7116
7117,web,dev_7117
7118,ml,dev_7118
7119,ml,dev_7119
7120,ml,dev_7120
7121,web,dev_7121
7122,web,dev_7122
7123,ml,dev_7123
7124,web,dev_7124
7125,web,dev_7125
7126,web,dev_7126
7127,web,dev_7127
7128,ml,dev_7128
7129,web,dev_7129
7130,ml,dev_7130
7131,web,dev_7131
7132,ml,dev_7132
7133,ml,dev_7133
7134,ml,dev_7134
7135,web,dev_7135
7136,web,dev_7136
7137,ml,dev_7137
7138,web,dev_7138
7139,ml,dev_7139
7140,ml,dev_7140
7141,web,dev_7141
7142,web,dev_7142
7143,web,dev_7143
7144,web,dev_7144
7145,web,dev_7145
7146,web,dev_7146
7147,ml,dev_7147
7148,ml,dev_7148
7149,ml,dev_7149
7150,ml,dev_7150
7151,web,dev_7151
7152,ml,dev_7152
7153,ml,dev_7153
7154,ml,dev_7154
7155,ml,dev_7155
7156,ml,dev_7156
7157,web,dev_7157
7158,web,dev_7158
7159,web,dev_7159
7160,web,dev_7160
7161,web,dev_7161
7162,web,dev_7162
7163,ml,dev_7163
7164,web,dev_7164
7165,ml,dev_7165
7166,web,dev_7166
7167,ml,dev_7167
7168,web,dev_7168
7169,ml,dev_7169
7170,web,dev_7170
7171,web,dev_7171
7172,web,dev_7172
7173,web,dev_7173
7174,web,dev_7174
7175,ml,dev_7175
7176,ml,dev_7176
7177,ml,dev_7177
7178,web,dev_7178
7179,ml,dev_7179
7180,ml,dev_7180
7181,ml,dev_7181
7182,web,dev_7182
7183,ml,dev_7183
7184,web,dev_7184
7185,web,dev_7185
7186,ml,dev_7186
7187,web,dev_7187
7188,web,dev_7188
7189,ml,dev_7189
7190,web,dev_7190
7191,web,dev_7191
7192,web,dev_7192
7193,web,dev_7193
7194,web,dev_7194
7195,ml,dev_7195
7196,ml,dev_7196
7197,web,dev_7197
7198,web,dev_7198
7199,web,dev_7199
7200,ml,dev_7200
7201,web,dev_7201
7202,web,dev_7202
7203,ml,dev_7203
7204,web,dev_7204
7205,web,dev_7205
7206,web,dev_7206
7207,ml,dev_7207
7208,web,dev_7208
7209,ml,dev_7209
7210,web,dev_7210
7211,web,dev_7211
7212,web,dev_7212
7213,web,dev_7213
7214,web,dev_7214
7215,ml,dev_7215
7216,web,dev_7216
7217,web,dev_7217
7218,ml,dev_7218
7219,web,dev_7219
7220,web,dev_7220
7221,web,dev_7221
7222,web,dev_7222
7223,web,dev_7223
7224,ml,dev_7224
7225,web,dev_7225
7226,ml,dev_7226
7227,web,dev_7227
7228,ml,dev_7228
7229,ml,dev_7229
7230,web,dev_7230
7231,ml,dev_7231
7232,ml,dev_7232
7233,ml,dev_7233
7234,web,dev_7234
7235,web,dev_7235
7236,ml,dev_7236
7237,web,dev_7237
7238,ml,dev_7238
7239,web,dev_7239
7240,ml,dev_7240
7241,web,dev_7241
7242,ml,dev_7242
7243,web,dev_7243
7244,ml,dev_7244
7245,web,dev_7245
7246,ml,dev_7246
7247,ml,dev_7247
7248,web,dev_7248
7249,web,dev_7249
7250,ml,dev_7250
7251,ml,dev_7251
7252,ml,dev_7252
7253,web,dev_7253
7254,web,dev_7254
7255,ml,dev_7255
7256,ml,dev_7256
7257,web,dev_7257
7258,web,dev_7258
7259,web,dev_7259
7260,ml,dev_7260
7261,web,dev_7261
7262,web,dev_7262
7263,web,dev_7263
7264,web,dev_7264
7265,web,dev_7265
7266,ml,dev_7266
7267,ml,dev_7267
7268,web,dev_7268
7269,web,dev_7269
7270,web,dev_7270
7271,web,dev_7271
7272,ml,dev_7272
7273,ml,dev_7273
7274,web,dev_7274
7275,ml,dev_7275
7276,ml,dev_7276
7277,ml,dev_7277
7278,ml,dev_7278
7279,ml,dev_7279
7280,web,dev_7280
7281,web,dev_7281
7282,ml,dev_7282
7283,web,dev_7283
7284,ml,dev_7284
7285,web,dev_7285
7286,web,dev_7286
7287,web,dev_7287
7288,ml,dev_7288
7289,web,dev_7289
7290,web,dev_7290
7291,web,dev_7291
7292,ml,dev_7292
7293,web,dev_7293
7294,web,dev_7294
7295,web,dev_7295
7296,ml,dev_7296
7297,web,dev_7297
7298,web,dev_7298
7299,ml,dev_7299
7300,web,dev_7300
7301,ml,dev_7301
7302,web,dev_7302
7303,web,dev_7303
7304,ml,dev_7304
7305,ml,dev_7305
7306,ml,dev_7306
7307,ml,dev_7307
7308,ml,dev_7308
7309,web,dev_7309
7310,web,dev_7310
7311,web,dev_7311
7312,web,dev_7312
7313,web,dev_7313
7314,web,dev_7314
7315,ml,dev_7315
7316,web,dev_7316
7317,web,dev_7317
7318,ml,dev_7318
7319,ml,dev_7319
7320,ml,dev_7320
7321,web,dev_7321
7322,ml,dev_7322
7323,web,dev_7323
7324,web,dev_7324
7325,ml,dev_7325
7326,web,dev_7326
7327,web,dev_7327
7328,web,dev_7328
7329,web,dev_7329
7330,web,dev_7330
7331,web,dev_7331
7332,web,dev_7332
7333,ml,dev_7333
7334,ml,dev_7334
7335,web,dev_7335
7336,ml,dev_7336
7337,ml,dev_7337
7338,web,dev_7338
7339,ml,dev_7339
7340,web,dev_7340
7341,ml,dev_7341
7342,ml,dev_7342
7343,ml,dev_7343
7344,web,dev_7344
7345,ml,dev_7345
7346,ml,dev_7346
7347,ml,dev_7347
7348,web,dev_7348
7349,ml,dev_7349
7350,ml,dev_7350
7351,ml,dev_7351
7352,ml,dev_7352
7353,web,dev_7353
7354,web,dev_7354
7355,ml,dev_7355
7356,ml,dev_7356
7357,ml,dev_7357
7358,web,dev_7358
7359,ml,dev_7359
7360,ml,dev_7360
7361,ml,dev_7361
7362,web,dev_7362
7363,web,dev_7363
7364,web,dev_7364
7365,web,dev_7365
7366,web,dev_7366
7367,web,dev_7367
7368,web,dev_7368
7369,web,dev_7369
7370,web,dev_7370
7371,web,dev_7371
7372,ml,dev_7372
7373,ml,dev_7373
7374,ml,dev_7374
7375,ml,dev_7375
7376,web,dev_7376
7377,ml,dev_7377
7378,ml,dev_7378
7379,ml,dev_7379
7380,web,dev_7380
7381,web,dev_7381
7382,ml,dev_7382
7383,ml,dev_7383
7384,ml,dev_7384
7385,ml,dev_7385
7386,web,dev_7386
7387,ml,dev_7387
7388,ml,dev_7388
7389,web,dev_7389
7390,ml,dev_7390
7391,web,dev_7391
7392,ml,dev_7392
7393,ml,dev_7393
7394,ml,dev_7394
7395,ml,dev_7395
7396,web,dev_7396
7397,ml,dev_7397
7398,ml,dev_7398
7399,web,dev_7399
7400,ml,dev_7400
7401,ml,dev_7401
7402,ml,dev_7402
7403,ml,dev_7403
7404,web,dev_7404
7405,web,dev_7405
7406,web,dev_7406
7407,ml,dev_7407
7408,web,dev_7408
7409,web,dev_7409
7410,ml,dev_7410
7411,ml,dev_7411
7412,web,dev_7412
7413,ml,dev_7413
7414,web,dev_7414
7415,web,dev_7415
7416,web,dev_7416
7417,web,dev_7417
7418,web,dev_7418
7419,web,dev_7419
7420,web,dev_7420
7421,ml,dev_7421
7422,web,dev_7422
7423,ml,dev_7423
7424,web,dev_7424
7425,ml,dev_7425
7426,ml,dev_7426
7427,ml,dev_7427
7428,web,dev_7428
7429,web,dev_7429
7430,ml,dev_7430
7431,ml,dev_7431
7432,ml,dev_7432
7433,web,dev_7433
7434,ml,dev_7434
7435,web,dev_7435
7436,web,dev_7436
7437,web,dev_7437
7438,web,dev_7438
7439,ml,dev_7439
7440,ml,dev_7440
7441,ml,dev_7441
7442,ml,dev_7442
7443,ml,dev_7443
7444,web,dev_7444
7445,ml,dev_7445
7446,ml,dev_7446
7447,web,dev_7447
7448,ml,dev_7448
7449,ml,dev_7449
7450,ml,dev_7450
7451,web,dev_7451
7452,web,dev_7452
7453,ml,dev_7453
7454,web,dev_7454
7455,web,dev_7455
7456,web,dev_7456
7457,web,dev_7457
7458,web,dev_7458
7459,web,dev_7459
7460,ml,dev_7460
7461,ml,dev_7461
7462,web,dev_7462
7463,web,dev_7463
7464,ml,dev_7464
7465,ml,dev_7465
7466,ml,dev_7466
7467,web,dev_7467
7468,ml,dev_7468
7469,ml,dev_7469
7470,web,dev_7470
7471,web,dev_7471
7472,ml,dev_7472
7473,web,dev_7473
7474,web,dev_7474
7475,web,dev_7475
7476,ml,dev_7476
7477,ml,dev_7477
7478,web,dev_7478
7479,web,dev_7479
7480,web,dev_7480
7481,web,dev_7481
7482,web,dev_7482
7483,ml,dev_7483
7484,web,dev_7484
7485,web,dev_7485
7486,ml,dev_7486
7487,ml,dev_7487
7488,ml,dev_7488
7489,ml,dev_7489
7490,ml,dev_7490
7491,ml,dev_7491
7492,ml,dev_7492
7493,web,dev_7493
7494,ml,dev_7494
7495,web,dev_7495
7496,web,dev_7496
7497,web,dev_7497
7498,web,dev_7498
7499,web,dev_7499
7500,ml,dev_7500
7501,web,dev_7501
7502,ml,dev_7502
7503,web,dev_7503
7504,web,dev_7504
7505,web,dev_7505
7506,ml,dev_7506
7507,ml,dev_7507
7508,web,dev_7508
7509,ml,dev_7509
7510,ml,dev_7510
7511,web,dev_7511
7512,ml,dev_7512
7513,ml,dev_7513
7514,web,dev_7514
7515,ml,dev_7515
7516,ml,dev_7516
7517,web,dev_7517
7518,web,dev_7518
7519,ml,dev_7519
7520,ml,dev_7520
7521,ml,dev_7521
7522,ml,dev_7522
7523,web,dev_7523
7524,ml,dev_7524
7525,ml,dev_7525
7526,ml,dev_7526
7527,web,dev_7527
7528,ml,dev_7528
7529,ml,dev_7529
7530,ml,dev_7530
7531,web,dev_7531
7532,ml,dev_7532
7533,web,dev_7533
7534,web,dev_7534
7535,ml,dev_7535
7536,web,dev_7536
7537,ml,dev_7537
7538,web,dev_7538
7539,ml,dev_7539
7540,ml,dev_7540
7541,ml,dev_7541
7542,web,dev_7542
7543,web,dev_7543
7544,web,dev_7544
7545,web,dev_7545
7546,ml,dev_7546
7547,web,dev_7547
7548,ml,dev_7548
7549,ml,dev_7549
7550,ml,dev_7550
7551,ml,dev_7551
7552,ml,dev_7552
7553,web,dev_7553
7554,web,dev_7554
7555,web,dev_7555
7556,ml,dev_7556
7557,web,dev_7557
7558,web,dev_7558
7559,web,dev_7559
7560,web,dev_7560
7561,ml,dev_7561
7562,ml,dev_7562
7563,web,dev_7563
7564,ml,dev_7564
7565,ml,dev_7565
7566,web,dev_7566
7567,ml,dev_7567
7568,web,dev_7568
7569,ml,dev_7569
7570,web,dev_7570
7571,ml,dev_7571
7572,web,dev_7572
7573,web,dev_7573
7574,web,dev_7574
7575,web,dev_7575
7576,web,dev_7576
7577,ml,dev_7577
7578,web,dev_7578
7579,ml,dev_7579
7580,ml,dev_7580
7581,ml,dev_7581
7582,ml,dev_7582
7583,web,dev_7583
7584,ml,dev_7584
7585,web,dev_7585
7586,ml,dev_7586
7587,web,dev_7587
7588,web,dev_7588
7589,ml,dev_7589
7590,web,dev_7590
7591,web,dev_7591
7592,web,dev_7592
7593,ml,dev_7593
7594,ml,dev_7594
7595,web,dev_7595
7596,web,dev_7596
7597,ml,dev_7597
7598,web,dev_7598
7599,web,dev_7599
7600,ml,dev_7600
7601,ml,dev_7601
7602,web,dev_7602
7603,web,dev_7603
7604,web,dev_7604
7605,web,dev_7605
7606,ml,dev_7606
7607,web,dev_7607
7608,ml,dev_7608
7609,web,dev_7609
7610,ml,dev_7610
7611,ml,dev_7611
7612,ml,dev_7612
7613,web,dev_7613
7614,web,dev_7614
7615,ml,dev_7615
7616,web,dev_7616
7617,ml,dev_7617
7618,web,dev_7618
7619,ml,dev_7619
7620,web,dev_7620
7621,web,dev_7621
7622,ml,dev_7622
7623,web,dev_7623
7624,ml,dev_7624
7625,ml,dev_7625
7626,web,dev_7626
7627,web,dev_7627
7628,web,dev_7628
7629,web,dev_7629
7630,web,dev_7630
7631,web,dev_7631
7632,ml,dev_7632
7633,ml,dev_7633
7634,ml,dev_7634
7635,web,dev_7635
7636,web,dev_7636
7637,web,dev_7637
7638,web,dev_7638
7639,ml,dev_7639
7640,ml,dev_7640
7641,web,dev_7641
7642,ml,dev_7642
7643,web,dev_7643
7644,ml,dev_7644
7645,ml,dev_7645
7646,ml,dev_7646
7647,web,dev_7647
7648,ml,dev_7648
7649,ml,dev_7649
7650,ml,dev_7650
7651,web,dev_7651
7652,web,dev_7652
7653,ml,dev_7653
7654,web,dev_7654
7655,web,dev_7655
7656,ml,dev_7656
7657,ml,dev_7657
7658,web,dev_7658
7659,ml,dev_7659
7660,web,dev_7660
7661,web,dev_7661
7662,ml,dev_7662
7663,web,dev_7663
7664,web,dev_7664
7665,web,dev_7665
7666,web,dev_7666
7667,ml,dev_7667
7668,ml,dev_7668
7669,web,dev_7669
7670,ml,dev_7670
7671,ml,dev_7671
7672,web,dev_7672
7673,ml,dev_7673
7674,web,dev_7674
7675,web,dev_7675
7676,ml,dev_7676
7677,web,dev_7677
7678,web,dev_7678
7679,web,dev_7679
7680,ml,dev_7680
7681,ml,dev_7681
7682,web,dev_7682
7683,ml,dev_7683
7684,ml,dev_7684
7685,ml,dev_7685
7686,web,dev_7686
7687,ml,dev_7687
7688,ml,dev_7688
7689,web,dev_7689
7690,ml,dev_7690
7691,ml,dev_7691
7692,ml,dev_7692
7693,ml,dev_7693
7694,ml,dev_7694
7695,web,dev_7695
7696,web,dev_7696
7697,web,dev_7697
7698,ml,dev_7698
7699,web,dev_7699
7700,web,dev_7700
7701,ml,dev_7701
7702,web,dev_7702
7703,ml,dev_7703
7704,web,dev_7704
7705,ml,dev_7705
7706,web,dev_7706
7707,ml,dev_7707
7708,web,dev_7708
7709,ml,dev_7709
7710,web,dev_7710
7711,web,dev_7711
7712,web,dev_7712
7713,web,dev_7713
7714,web,dev_7714
7715,web,dev_7715
7716,ml,dev_7716
7717,ml,dev_7717
7718,ml,dev_7718
7719,web,dev_7719
7720,web,dev_7720
7721,ml,dev_7721
7722,ml,dev_7722
7723,ml,dev_7723
7724,web,dev_7724
7725,web,dev_7725
7726,ml,dev_7726
7727,web,dev_7727
7728,web,dev_7728
7729,ml,dev_7729
7730,web,dev_7730
7731,web,dev_7731
7732,web,dev_7732
7733,web,dev_7733
7734,web,dev_7734
7735,ml,dev_7735
7736,web,dev_7736
7737,ml,dev_7737
7738,web,dev_7738
7739,ml,dev_7739
7740,ml,dev_7740
7741,web,dev_7741
7742,web,dev_7742
7743,web,dev_7743
7744,web,dev_7744
7745,web,dev_7745
7746,web,dev_7746
7747,web,dev_7747
7748,web,dev_7748
7749,web,dev_7749
7750,web,dev_7750
7751,ml,dev_7751
7752,web,dev_7752
7753,ml,dev_7753
7754,web,dev_7754
7755,ml,dev_7755
7756,web,dev_7756
7757,web,dev_7757
7758,ml,dev_7758
7759,ml,dev_7759
7760,ml,dev_7760
7761,ml,dev_7761
7762,web,dev_7762
7763,web,dev_7763
7764,web,dev_7764
7765,ml,dev_7765
7766,web,dev_7766
7767,ml,dev_7767
7768,web,dev_7768
7769,web,dev_7769
7770,ml,dev_7770
7771,web,dev_7771
7772,ml,dev_7772
7773,web,dev_7773
7774,ml,dev_7774
7775,web,dev_7775
7776,ml,dev_7776
7777,web,dev_7777
7778,web,dev_7778
7779,ml,dev_7779
7780,ml,dev_7780
7781,web,dev_7781
7782,ml,dev_7782
7783,ml,dev_7783
7784,ml,dev_7784
7785,ml,dev_7785
7786,web,dev_7786
7787,ml,dev_7787
7788,web,dev_7788
7789,web,dev_7789
7790,web,dev_7790
7791,ml,dev_7791
7792,ml,dev_7792
7793,ml,dev_7793
7794,web,dev_7794
7795,ml,dev_7795
7796,web,dev_7796
7797,web,dev_7797
7798,ml,dev_7798
7799,web,dev_7799
7800,ml,dev_7800
7801,ml,dev_7801
7802,web,dev_7802
7803,ml,dev_7803
7804,ml,dev_7804
7805,ml,dev_7805
7806,ml,dev_7806
7807,ml,dev_7807
7808,web,dev_7808
7809,ml,dev_7809
7810,web,dev_7810
7811,ml,dev_7811
7812,ml,dev_7812
7813,ml,dev_7813
7814,web,dev_7814
7815,web,dev_7815
7816,ml,dev_7816
7817,ml,dev_7817
7818,web,dev_7818
7819,ml,dev_7819
7820,web,dev_7820
7821,web,dev_7821
7822,ml,dev_7822
7823,ml,dev_7823
7824,web,dev_7824
7825,web,dev_7825
7826,web,dev_7826
7827,ml,dev_7827
7828,web,dev_7828
7829,web,dev_7829
7830,web,dev_7830
7831,ml,dev_7831
7832,ml,dev_7832
7833,web,dev_7833
7834,web,dev_7834
7835,ml,dev_7835
7836,web,dev_7836
7837,ml,dev_7837
7838,ml,dev_7838
7839,web,dev_7839
7840,ml,dev_7840
7841,ml,dev_7841
7842,web,dev_7842
7843,ml,dev_7843
7844,web,dev_7844
7845,web,dev_7845
7846,ml,dev_7846
7847,web,dev_7847
7848,ml,dev_7848
7849,web,dev_7849
7850,web,dev_7850
7851,ml,dev_7851
7852,ml,dev_7852
7853,ml,dev_7853
7854,ml,dev_7854
7855,web,dev_7855
7856,ml,dev_7856
7857,web,dev_7857
7858,ml,dev_7858
7859,web,dev_7859
7860,ml,dev_7860
7861,ml,dev_7861
7862,web,dev_7862
7863,web,dev_7863
7864,web,dev_7864
7865,ml,dev_7865
7866,web,dev_7866
7867,ml,dev_7867
7868,web,dev_7868
7869,ml,dev_7869
7870,ml,dev_7870
7871,web,dev_7871
7872,web,dev_7872
7873,web,dev_7873
7874,ml,dev_7874
7875,ml,dev_7875
7876,web,dev_7876
7877,web,dev_7877
7878,web,dev_7878
7879,ml,dev_7879
7880,web,dev_7880
7881,web,dev_7881
7882,web,dev_7882
7883,ml,dev_7883
7884,ml,dev_7884
7885,web,dev_7885
7886,ml,dev_7886
7887,ml,dev_7887
7888,ml,dev_7888
7889,web,dev_7889
7890,ml,dev_7890
7891,web,dev_7891
7892,web,dev_7892
7893,web,dev_7893
7894,web,dev_7894
7895,web,dev_7895
7896,ml,dev_7896
7897,ml,dev_7897
7898,web,dev_7898
7899,ml,dev_7899
7900,ml,dev_7900
7901,web,dev_7901
7902,ml,dev_7902
7903,ml,dev_7903
7904,ml,dev_7904
7905,web,dev_7905
7906,web,dev_7906
7907,ml,dev_7907
7908,web,dev_7908
7909,web,dev_7909
7910,ml,dev_7910
7911,ml,dev_7911
7912,ml,dev_7912
7913,web,dev_7913
7914,ml,dev_7914
7915,ml,dev_7915
7916,ml,dev_7916
7917,web,dev_7917
7918,web,dev_7918
7919,ml,dev_7919
7920,ml,dev_7920
7921,ml,dev_7921
7922,ml,dev_7922
7923,ml,dev_7923
7924,ml,dev_7924
7925,web,dev_7925
7926,web,dev_7926
7927,web,dev_7927
7928,web,dev_7928
7929,web,dev_7929
7930,ml,dev_7930
7931,ml,dev_7931
7932,ml,dev_7932
7933,web,dev_7933
7934,web,dev_7934
7935,web,dev_7935
7936,ml,dev_7936
7937,web,dev_7937
7938,web,dev_7938
7939,web,dev_7939
7940,web,dev_7940
7941,web,dev_7941
7942,web,dev_7942
7943,ml,dev_7943
7944,ml,dev_7944
7945,ml,dev_7945
7946,web,dev_7946
7947,web,dev_7947
7948,web,dev_7948
7949,web,dev_7949
7950,ml,dev_7950
7951,ml,dev_7951
7952,ml,dev_7952
7953,web,dev_7953
7954,web,dev_7954
7955,web,dev_7955
7956,ml,dev_7956
7957,ml,dev_7957
7958,ml,dev_7958
7959,web,dev_7959
7960,ml,dev_7960
7961,web,dev_7961
7962,ml,dev_7962
7963,ml,dev_7963
7964,web,dev_7964
7965,ml,dev_7965
7966,ml,dev_7966
7967,web,dev_7967
7968,ml,dev_7968
7969,web,dev_7969
7970,ml,dev_7970
7971,ml,dev_7971
7972,web,dev_7972
7973,ml,dev_7973
7974,ml,dev_7974
7975,web,dev_7975
7976,web,dev_7976
7977,ml,dev_7977
7978,ml,dev_7978
7979,ml,dev_7979
7980,web,dev_7980
7981,ml,dev_7981
7982,ml,dev_7982
7983,web,dev_7983
7984,ml,dev_7984
7985,web,dev_7985
7986,ml,dev_7986
7987,web,dev_7987
7988,web,dev_7988
7989,ml,dev_7989
7990,ml,dev_7990
7991,web,dev_7991
7992,web,dev_7992
7993,ml,dev_7993
7994,web,dev_7994
7995,ml,dev_7995
7996,ml,dev_7996
7997,web,dev_7997
7998,web,dev_7998
7999,ml,dev_7999
8000,web,dev_8000
8001,ml,dev_8001
8002,web,dev_8002
8003,web,dev_8003
8004,ml,dev_8004
8005,ml,dev_8005
8006,web,dev_8006
8007,web,dev_8007
8008,ml,dev_8008
8009,ml,dev_8009
8010,ml,dev_8010
8011,web,dev_8011
8012,ml,dev_8012
8013,ml,dev_8013
8014,web,dev_8014
8015,web,dev_8015
8016,ml,dev_8016
8017,web,dev_8017
8018,web,dev_8018
8019,ml,dev_8019
8020,web,dev_8020
8021,web,dev_8021
8022,ml,dev_8022
8023,web,dev_8023
8024,ml,dev_8024
8025,ml,dev_8025
8026,ml,dev_8026
8027,ml,dev_8027
8028,web,dev_8028
8029,ml,dev_8029
8030,ml,dev_8030
8031,web,dev_8031
8032,web,dev_8032
8033,ml,dev_8033
8034,ml,dev_8034
8035,ml,dev_8035
8036,ml,dev_8036
8037,web,dev_8037
8038,ml,dev_8038
8039,ml,dev_8039
8040,ml,dev_8040
8041,ml,dev_8041
8042,web,dev_8042
8043,ml,dev_8043
8044,ml,dev_8044
8045,web,dev_8045
8046,ml,dev_8046
8047,ml,dev_8047
8048,ml,dev_8048
8049,ml,dev_8049
8050,ml,dev_8050
8051,web,dev_8051
8052,ml,dev_8052
8053,ml,dev_8053
8054,web,dev_8054
8055,web,dev_8055
8056,web,dev_8056
8057,web,dev_8057
8058,ml,dev_8058
8059,ml,dev_8059
8060,web,dev_8060
8061,web,dev_8061
8062,ml,dev_8062
8063,ml,dev_8063
8064,web,dev_8064
8065,web,dev_8065
8066,ml,dev_8066
8067,web,dev_8067
8068,web,dev_8068
8069,web,dev_8069
8070,web,dev_8070
8071,web,dev_8071
8072,ml,dev_8072
8073,ml,dev_8073
8074,ml,dev_8074
8075,ml,dev_8075
8076,ml,dev_8076
8077,web,dev_8077
8078,web,dev_8078
8079,web,dev_8079
8080,web,dev_8080
8081,web,dev_8081
8082,ml,dev_8082
8083,ml,dev_8083
8084,web,dev_8084
8085,ml,dev_8085
8086,web,dev_8086
8087,web,dev_8087
8088,ml,dev_8088
8089,ml,dev_8089
8090,ml,dev_8090
8091,web,dev_8091
8092,web,dev_8092
8093,ml,dev_8093
8094,web,dev_8094
8095,web,dev_8095
8096,ml,dev_8096
8097,ml,dev_8097
8098,web,dev_8098
8099,web,dev_8099
8100,ml,dev_8100
8101,ml,dev_8101
8102,web,dev_8102
8103,web,dev_8103
8104,ml,dev_8104
8105,ml,dev_8105
8106,web,dev_8106
8107,ml,dev_8107
8108,ml,dev_8108
8109,ml,dev_8109
8110,web,dev_8110
8111,web,dev_8111
8112,ml,dev_8112
8113,ml,dev_8113
8114,ml,dev_8114
8115,web,dev_8115
8116,web,dev_8116
8117,web,dev_8117
8118,web,dev_8118
8119,web,dev_8119
8120,web,dev_8120
8121,web,dev_8121
8122,ml,dev_8122
8123,web,dev_8123
8124,ml,dev_8124
8125,web,dev_8125
8126,web,dev_8126
8127,ml,dev_8127
8128,web,dev_8128
8129,ml,dev_8129
8130,web,dev_8130
8131,ml,dev_8131
8132,web,dev_8132
8133,web,dev_8133
8134,ml,dev_8134
8135,web,dev_8135
8136,web,dev_8136
8137,ml,dev_8137
8138,ml,dev_8138
8139,ml,dev_8139
8140,web,dev_8140
8141,ml,dev_8141
8142,web,dev_8142
8143,web,dev_8143
8144,ml,dev_8144
8145,web,dev_8145
8146,web,dev_8146
8147,web,dev_8147
8148,web,dev_8148
8149,web,dev_8149
8150,ml,dev_8150
8151,ml,dev_8151
8152,web,dev_8152
8153,ml,dev_8153
8154,ml,dev_8154
8155,web,dev_8155
8156,web,dev_8156
8157,web,dev_8157
8158,web,dev_8158
8159,ml,dev_8159
8160,web,dev_8160
8161,ml,dev_8161
8162,ml,dev_8162
8163,ml,dev_8163
8164,ml,dev_8164
8165,web,dev_8165
8166,ml,dev_8166
8167,ml,dev_8167
8168,web,dev_8168
8169,web,dev_8169
8170,ml,dev_8170
8171,ml,dev_8171
8172,web,dev_8172
8173,web,dev_8173
8174,web,dev_8174
8175,ml,dev_8175
8176,web,dev_8176
8177,ml,dev_8177
8178,web,dev_8178
8179,ml,dev_8179
8180,ml,dev_8180
8181,ml,dev_8181
8182,ml,dev_8182
8183,ml,dev_8183
8184,web,dev_8184
8185,web,dev_8185
8186,web,dev_8186
8187,web,dev_8187
8188,web,dev_8188
8189,ml,dev_8189
8190,web,dev_8190
8191,ml,dev_8191
8192,ml,dev_8192
8193,ml,dev_8193
8194,ml,dev_8194
8195,ml,dev_8195
8196,web,dev_8196
8197,web,dev_8197
8198,web,dev_8198
8199,web,dev_8199
8200,web,dev_8200
8201,web,dev_8201
8202,web,dev_8202
8203,ml,dev_8203
8204,ml,dev_8204
8205,ml,dev_8205
8206,ml,dev_8206
8207,web,dev_8207
8208,ml,dev_8208
8209,web,dev_8209
8210,web,dev_8210
8211,ml,dev_8211
8212,ml,dev_8212
8213,ml,dev_8213
8214,web,dev_8214
8215,web,dev_8215
8216,ml,dev_8216
8217,ml,dev_8217
8218,web,dev_8218
8219,ml,dev_8219
8220,ml,dev_8220
8221,ml,dev_8221
8222,ml,dev_8222
8223,ml,dev_8223
8224,web,dev_8224
8225,web,dev_8225
8226,ml,dev_8226
8227,ml,dev_8227
8228,web,dev_8228
8229,ml,dev_8229
8230,web,dev_8230
8231,ml,dev_8231
8232,ml,dev_8232
8233,web,dev_8233
8234,web,dev_8234
8235,web,dev_8235
8236,ml,dev_8236
8237,ml,dev_8237
8238,ml,dev_8238
8239,web,dev_8239
8240,web,dev_8240
8241,ml,dev_8241
8242,web,dev_8242
8243,ml,dev_8243
8244,ml,dev_8244
8245,ml,dev_8245
8246,ml,dev_8246
8247,web,dev_8247
8248,web,dev_8248
8249,web,dev_8249
8250,ml,dev_8250
8251,ml,dev_8251
8252,ml,dev_8252
8253,ml,dev_8253
8254,web,dev_8254
8255,ml,dev_8255
8256,ml,dev_8256
8257,ml,dev_8257
8258,ml,dev_8258
8259,ml,dev_8259
8260,web,dev_8260
8261,ml,dev_8261
8262,ml,dev_8262
8263,ml,dev_8263
8264,ml,dev_8264
8265,ml,dev_8265
8266,web,dev_8266
8267,web,dev_8267
8268,ml,dev_8268
8269,ml,dev_8269
8270,ml,dev_8270
8271,web,dev_8271
8272,ml,dev_8272
8273,ml,dev_8273
8274,ml,dev_8274
8275,web,dev_8275
8276,ml,dev_8276
8277,web,dev_8277
8278,ml,dev_8278
8279,ml,dev_8279
8280,web,dev_8280
8281,ml,dev_8281
8282,ml,dev_8282
8283,web,dev_8283
8284,web,dev_8284
8285,ml,dev_8285
8286,web,dev_8286
8287,web,dev_8287
8288,web,dev_8288
8289,web,dev_8289
8290,ml,dev_8290
8291,ml,dev_8291
8292,ml,dev_8292
8293,web,dev_8293
8294,web,dev_8294
8295,ml,dev_8295
8296,ml,dev_8296
8297,ml,dev_8297
8298,web,dev_8298
8299,web,dev_8299
8300,web,dev_8300
8301,web,dev_8301
8302,web,dev_8302
8303,web,dev_8303
8304,web,dev_8304
8305,web,dev_8305
8306,ml,dev_8306
8307,web,dev_8307
8308,ml,dev_8308
8309,ml,dev_8309
8310,ml,dev_8310
8311,ml,dev_8311
8312,web,dev_8312
8313,ml,dev_8313
8314,ml,dev_8314
8315,ml,dev_8315
8316,web,dev_8316
8317,ml,dev_8317
8318,web,dev_8318
8319,web,dev_8319
8320,ml,dev_8320
8321,ml,dev_8321
8322,web,dev_8322
8323,web,dev_8323
8324,ml,dev_8324
8325,web,dev_8325
8326,ml,dev_8326
8327,web,dev_8327
8328,ml,dev_8328
8329,web,dev_8329
8330,ml,dev_8330
8331,ml,dev_8331
8332,ml,dev_8332
8333,web,dev_8333
8334,web,dev_8334
8335,ml,dev_8335
8336,ml,dev_8336
8337,web,dev_8337
8338,ml,dev_8338
8339,web,dev_8339
8340,ml,dev_8340
8341,ml,dev_8341
8342,web,dev_8342
8343,web,dev_8343
8344,ml,dev_8344
8345,web,dev_8345
8346,ml,dev_8346
8347,web,dev_8347
8348,web,dev_8348
8349,web,dev_8349
8350,ml,dev_8350
8351,ml,dev_8351
8352,ml,dev_8352
8353,web,dev_8353
8354,web,dev_8354
8355,ml,dev_8355
8356,web,dev_8356
8357,ml,dev_8357
8358,ml,dev_8358
8359,web,dev_8359
8360,web,dev_8360
8361,web,dev_8361
8362,web,dev_8362
8363,web,dev_8363
8364,web,dev_8364
8365,web,dev_8365
8366,web,dev_8366
8367,ml,dev_8367
8368,ml,dev_8368
8369,ml,dev_8369
8370,ml,dev_8370
8371,ml,dev_8371
8372,ml,dev_8372
8373,web,dev_8373
8374,web,dev_8374
8375,web,dev_8375
8376,ml,dev_8376
8377,ml,dev_8377
8378,ml,dev_8378
8379,web,dev_8379
8380,ml,dev_8380
8381,web,dev_8381
8382,ml,dev_8382
8383,web,dev_8383
8384,web,dev_8384
8385,ml,dev_8385
8386,ml,dev_8386
8387,ml,dev_8387
8388,ml,dev_8388
8389,ml,dev_8389
8390,web,dev_8390
8391,web,dev_8391
8392,ml,dev_8392
8393,ml,dev_8393
8394,ml,dev_8394
8395,ml,dev_8395
8396,ml,dev_8396
8397,ml,dev_8397
8398,web,dev_8398
8399,web,dev_8399
8400,ml,dev_8400
8401,ml,dev_8401
8402,web,dev_8402
8403,web,dev_8403
8404,ml,dev_8404
8405,ml,dev_8405
8406,web,dev_8406
8407,web,dev_8407
8408,ml,dev_8408
8409,ml,dev_8409
8410,ml,dev_8410
8411,web,dev_8411
8412,ml,dev_8412
8413,ml,dev_8413
8414,ml,dev_8414
8415,ml,dev_8415
8416,ml,dev_8416
8417,ml,dev_8417
8418,ml,dev_8418
8419,ml,dev_8419
8420,ml,dev_8420
8421,web,dev_8421
8422,web,dev_8422
8423,web,dev_8423
8424,web,dev_8424
8425,ml,dev_8425
8426,web,dev_8426
8427,ml,dev_8427
8428,ml,dev_8428
8429,web,dev_8429
8430,web,dev_8430
8431,ml,dev_8431
8432,web,dev_8432
8433,web,dev_8433
8434,web,dev_8434
8435,web,dev_8435
8436,ml,dev_8436
8437,ml,dev_8437
8438,ml,dev_8438
8439,ml,dev_8439
8440,web,dev_8440
8441,web,dev_8441
8442,web,dev_8442
8443,web,dev_8443
8444,web,dev_8444
8445,web,dev_8445
8446,web,dev_8446
8447,ml,dev_8447
8448,ml,dev_8448
8449,web,dev_8449
8450,ml,dev_8450
8451,web,dev_8451
8452,web,dev_8452
8453,web,dev_8453
8454,web,dev_8454
8455,ml,dev_8455
8456,ml,dev_8456
8457,web,dev_8457
8458,web,dev_8458
8459,web,dev_8459
8460,ml,dev_8460
8461,web,dev_8461
8462,ml,dev_8462
8463,web,dev_8463
8464,web,dev_8464
8465,web,dev_8465
8466,ml,dev_8466
8467,ml,dev_8467
8468,ml,dev_8468
8469,web,dev_8469
8470,ml,dev_8470
8471,ml,dev_8471
8472,web,dev_8472
8473,web,dev_8473
8474,web,dev_8474
8475,web,dev_8475
8476,web,dev_8476
8477,ml,dev_8477
8478,web,dev_8478
8479,ml,dev_8479
8480,ml,dev_8480
8481,ml,dev_8481
8482,ml,dev_8482
8483,web,dev_8483
8484,ml,dev_8484
8485,web,dev_8485
8486,ml,dev_8486
8487,web,dev_8487
8488,web,dev_8488
8489,web,dev_8489
8490,ml,dev_8490
8491,ml,dev_8491
8492,web,dev_8492
8493,web,dev_8493
8494,ml,dev_8494
8495,web,dev_8495
8496,ml,dev_8496
8497,ml,dev_8497
8498,web,dev_8498
8499,ml,dev_8499
8500,web,dev_8500
8501,ml,dev_8501
8502,web,dev_8502
8503,ml,dev_8503
8504,ml,dev_8504
8505,ml,dev_8505
8506,web,dev_8506
8507,ml,dev_8507
8508,web,dev_8508
8509,ml,dev_8509
8510,web,dev_8510
8511,web,dev_8511
8512,ml,dev_8512
8513,ml,dev_8513
8514,ml,dev_8514
8515,web,dev_8515
8516,ml,dev_8516
8517,ml,dev_8517
8518,web,dev_8518
8519,ml,dev_8519
8520,web,dev_8520
8521,ml,dev_8521
8522,web,dev_8522
8523,ml,dev_8523
8524,ml,dev_8524
8525,web,dev_8525
8526,web,dev_8526
8527,ml,dev_8527
8528,ml,dev_8528
8529,ml,dev_8529
8530,ml,dev_8530
8531,ml,dev_8531
8532,web,dev_8532
8533,ml,dev_8533
8534,ml,dev_8534
8535,web,dev_8535
8536,web,dev_8536
8537,web,dev_8537
8538,ml,dev_8538
8539,web,dev_8539
8540,ml,dev_8540
8541,web,dev_8541
8542,ml,dev_8542
8543,web,dev_8543
8544,ml,dev_8544
8545,ml,dev_8545
8546,web,dev_8546
8547,web,dev_8547
8548,web,dev_8548
8549,web,dev_8549
8550,ml,dev_8550
8551,web,dev_8551
8552,ml,dev_8552
8553,ml,dev_8553
8554,web,dev_8554
8555,ml,dev_8555
8556,web,dev_8556
8557,ml,dev_8557
8558,ml,dev_8558
8559,ml,dev_8559
8560,web,dev_8560
8561,ml,dev_8561
8562,web,dev_8562
8563,ml,dev_8563
8564,web,dev_8564
8565,web,dev_8565
8566,web,dev_8566
8567,ml,dev_8567
8568,ml,dev_8568
8569,ml,dev_8569
8570,web,dev_8570
8571,web,dev_8571
8572,ml,dev_8572
8573,ml,dev_8573
8574,ml,dev_8574
8575,ml,dev_8575
8576,web,dev_8576
8577,web,dev_8577
8578,web,dev_8578
8579,ml,dev_8579
8580,web,dev_8580
8581,web,dev_8581
8582,web,dev_8582
8583,ml,dev_8583
8584,web,dev_8584
8585,ml,dev_8585
8586,ml,dev_8586
8587,ml,dev_8587
8588,ml,dev_8588
8589,web,dev_8589
8590,web,dev_8590
8591,web,dev_8591
8592,ml,dev_8592
8593,web,dev_8593
8594,ml,dev_8594
8595,web,dev_8595
8596,web,dev_8596
8597,ml,dev_8597
8598,web,dev_8598
8599,ml,dev_8599
8600,web,dev_8600
8601,ml,dev_8601
8602,web,dev_8602
8603,web,dev_8603
8604,ml,dev_8604
8605,web,dev_8605
8606,ml,dev_8606
8607,ml,dev_8607
8608,web,dev_8608
8609,web,dev_8609
8610,ml,dev_8610
8611,web,dev_8611
8612,ml,dev_8612
8613,web,dev_8613
8614,web,dev_8614
8615,ml,dev_8615
8616,ml,dev_8616
8617,ml,dev_8617
8618,ml,dev_8618
8619,web,dev_8619
8620,ml,dev_8620
8621,web,dev_8621
8622,web,dev_8622
8623,ml,dev_8623
8624,web,dev_8624
8625,web,dev_8625
8626,ml,dev_8626
8627,ml,dev_8627
8628,web,dev_8628
8629,web,dev_8629
8630,ml,dev_8630
8631,web,dev_8631
8632,ml,dev_8632
8633,ml,dev_8633
8634,web,dev_8634
8635,web,dev_8635
8636,ml,dev_8636
8637,ml,dev_8637
8638,ml,dev_8638
8639,ml,dev_8639
8640,web,dev_8640
8641,ml,dev_8641
8642,web,dev_8642
8643,web,dev_8643
8644,web,dev_8644
8645,ml,dev_8645
8646,ml,dev_8646
8647,web,dev_8647
8648,ml,dev_8648
8649,ml,dev_8649
8650,ml,dev_8650
8651,web,dev_8651
8652,web,dev_8652
8653,web,dev_8653
8654,ml,dev_8654
8655,web,dev_8655
8656,ml,dev_8656
8657,web,dev_8657
8658,web,dev_8658
8659,web,dev_8659
8660,web,dev_8660
8661,ml,dev_8661
8662,web,dev_8662
8663,ml,dev_8663
8664,ml,dev_8664
8665,web,dev_8665
8666,web,dev_8666
8667,ml,dev_8667
8668,ml,dev_8668
8669,ml,dev_8669
8670,web,dev_8670
8671,web,dev_8671
8672,web,dev_8672
8673,ml,dev_8673
8674,web,dev_8674
8675,ml,dev_8675
8676,web,dev_8676
8677,ml,dev_8677
8678,ml,dev_8678
8679,web,dev_8679
8680,ml,dev_8680
8681,web,dev_8681
8682,web,dev_8682
8683,web,dev_8683
8684,web,dev_8684
8685,ml,dev_8685
8686,ml,dev_8686
8687,ml,dev_8687
8688,ml,dev_8688
8689,web,dev_8689
8690,ml,dev_8690
8691,web,dev_8691
8692,web,dev_8692
8693,ml,dev_8693
8694,web,dev_8694
8695,ml,dev_8695
8696,ml,dev_8696
8697,web,dev_8697
8698,ml,dev_8698
8699,ml,dev_8699
8700,web,dev_8700
8701,web,dev_8701
8702,web,dev_8702
8703,ml,dev_8703
8704,web,dev_8704
8705,ml,dev_8705
8706,web,dev_8706
8707,web,dev_8707
8708,ml,dev_8708
8709,ml,dev_8709
8710,ml,dev_8710
8711,web,dev_8711
8712,ml,dev_8712
8713,web,dev_8713
8714,ml,dev_8714
8715,ml,dev_8715
8716,ml,dev_8716
8717,ml,dev_8717
8718,web,dev_8718
8719,web,dev_8719
8720,ml,dev_8720
8721,ml,dev_8721
8722,ml,dev_8722
8723,web,dev_8723
8724,web,dev_8724
8725,ml,dev_8725
8726,ml,dev_8726
8727,ml,dev_8727
8728,web,dev_8728
8729,ml,dev_8729
8730,ml,dev_8730
8731,ml,dev_8731
8732,ml,dev_8732
8733,ml,dev_8733
8734,web,dev_8734
8735,ml,dev_8735
8736,web,dev_8736
8737,web,dev_8737
8738,ml,dev_8738
8739,web,dev_8739
8740,web,dev_8740
8741,web,dev_8741
8742,web,dev_8742
8743,ml,dev_8743
8744,ml,dev_8744
8745,ml,dev_8745
8746,ml,dev_8746
8747,ml,dev_8747
8748,ml,dev_8748
8749,ml,dev_8749
8750,ml,dev_8750
8751,ml,dev_8751
8752,ml,dev_8752
8753,web,dev_8753
8754,web,dev_8754
8755,web,dev_8755
8756,web,dev_8756
8757,ml,dev_8757
8758,ml,dev_8758
8759,ml,dev_8759
8760,ml,dev_8760
8761,web,dev_8761
8762,web,dev_8762
8763,ml,dev_8763
8764,web,dev_8764
8765,ml,dev_8765
8766,web,dev_8766
8767,web,dev_8767
8768,web,dev_8768
8769,ml,dev_8769
8770,ml,dev_8770
8771,ml,dev_8771
8772,web,dev_8772
8773,ml,dev_8773
8774,ml,dev_8774
8775,web,dev_8775
8776,web,dev_8776
8777,ml,dev_8777
8778,web,dev_8778
8779,ml,dev_8779
8780,web,dev_8780
8781,ml,dev_8781
8782,web,dev_8782
8783,ml,dev_8783
8784,web,dev_8784
8785,web,dev_8785
8786,ml,dev_8786
8787,web,dev_8787
8788,web,dev_8788
8789,ml,dev_8789
8790,ml,dev_8790
8791,web,dev_8791
8792,web,dev_8792
8793,ml,dev_8793
8794,ml,dev_8794
8795,ml,dev_8795
8796,web,dev_8796
8797,web,dev_8797
8798,web,dev_8798
8799,web,dev_8799
8800,ml,dev_8800
8801,ml,dev_8801
8802,ml,dev_8802
8803,web,dev_8803
8804,ml,dev_8804
8805,web,dev_8805
8806,ml,dev_8806
8807,web,dev_8807
8808,web,dev_8808
8809,ml,dev_8809
8810,web,dev_8810
8811,web,dev_8811
8812,web,dev_8812
8813,ml,dev_8813
8814,ml,dev_8814
8815,web,dev_8815
8816,web,dev_8816
8817,web,dev_8817
8818,ml,dev_8818
8819,ml,dev_8819
8820,web,dev_8820
8821,web,dev_8821
8822,ml,dev_8822
8823,web,dev_8823
8824,ml,dev_8824
8825,web,dev_8825
8826,web,dev_8826
8827,web,dev_8827
8828,web,dev_8828
8829,web,dev_8829
8830,ml,dev_8830
8831,web,dev_8831
8832,ml,dev_8832
8833,ml,dev_8833
8834,ml,dev_8834
8835,web,dev_8835
8836,web,dev_8836
8837,ml,dev_8837
8838,web,dev_8838
8839,web,dev_8839
8840,web,dev_8840
8841,ml,dev_8841
8842,web,dev_8842
8843,web,dev_8843
8844,web,dev_8844
8845,web,dev_8845
8846,ml,dev_8846
8847,ml,dev_8847
8848,web,dev_8848
8849,web,dev_8849
8850,ml,dev_8850
8851,web,dev_8851
8852,ml,dev_8852
8853,web,dev_8853
8854,ml,dev_8854
8855,web,dev_8855
8856,web,dev_8856
8857,ml,dev_8857
8858,web,dev_8858
8859,web,dev_8859
8860,web,dev_8860
8861,ml,dev_8861
8862,ml,dev_8862
8863,web,dev_8863
8864,web,dev_8864
8865,ml,dev_8865
8866,ml,dev_8866
8867,ml,dev_8867
8868,ml,dev_8868
8869,web,dev_8869
8870,web,dev_8870
8871,web,dev_8871
8872,ml,dev_8872
8873,ml,dev_8873
8874,ml,dev_8874
8875,web,dev_8875
8876,ml,dev_8876
8877,web,dev_8877
8878,web,dev_8878
8879,web,dev_8879
8880,web,dev_8880
8881,web,dev_8881
8882,ml,dev_8882
8883,ml,dev_8883
8884,web,dev_8884
8885,ml,dev_8885
8886,ml,dev_8886
8887,ml,dev_8887
8888,ml,dev_8888
8889,ml,dev_8889
8890,ml,dev_8890
8891,ml,dev_8891
8892,web,dev_8892
8893,web,dev_8893
8894,web,dev_8894
8895,ml,dev_8895
8896,ml,dev_8896
8897,web,dev_8897
8898,web,dev_8898
8899,ml,dev_8899
8900,web,dev_8900
8901,ml,dev_8901
8902,ml,dev_8902
8903,web,dev_8903
8904,web,dev_8904
8905,ml,dev_8905
8906,ml,dev_8906
8907,ml,dev_8907
8908,web,dev_8908
8909,web,dev_8909
8910,web,dev_8910
8911,ml,dev_8911
8912,web,dev_8912
8913,ml,dev_8913
8914,web,dev_8914
8915,web,dev_8915
8916,web,dev_8916
8917,web,dev_8917
8918,web,dev_8918
8919,ml,dev_8919
8920,ml,dev_8920
8921,ml,dev_8921
8922,ml,dev_8922
8923,ml,dev_8923
8924,web,dev_8924
8925,ml,dev_8925
8926,web,dev_8926
8927,web,dev_8927
8928,web,dev_8928
8929,web,dev_8929
8930,web,dev_8930
8931,ml,dev_8931
8932,ml,dev_8932
8933,ml,dev_8933
8934,ml,dev_8934
8935,web,dev_8935
8936,web,dev_8936
8937,ml,dev_8937
8938,web,dev_8938
8939,ml,dev_8939
8940,ml,dev_8940
8941,web,dev_8941
8942,web,dev_8942
8943,ml,dev_8943
8944,ml,dev_8944
8945,ml,dev_8945
8946,web,dev_8946
8947,web,dev_8947
8948,ml,dev_8948
8949,web,dev_8949
8950,web,dev_8950
8951,ml,dev_8951
8952,web,dev_8952
8953,web,dev_8953
8954,web,dev_8954
8955,web,dev_8955
8956,web,dev_8956
8957,web,dev_8957
8958,web,dev_8958
8959,ml,dev_8959
8960,web,dev_8960
8961,ml,dev_8961
8962,ml,dev_8962
8963,web,dev_8963
8964,web,dev_8964
8965,web,dev_8965
8966,ml,dev_8966
8967,web,dev_8967
8968,ml,dev_8968
8969,ml,dev_8969
8970,ml,dev_8970
8971,ml,dev_8971
8972,web,dev_8972
8973,web,dev_8973
8974,web,dev_8974
8975,web,dev_8975
8976,ml,dev_8976
8977,ml,dev_8977
8978,ml,dev_8978
8979,ml,dev_8979
8980,web,dev_8980
8981,web,dev_8981
8982,ml,dev_8982
8983,web,dev_8983
8984,ml,dev_8984
8985,web,dev_8985
8986,web,dev_8986
8987,web,dev_8987
8988,web,dev_8988
8989,ml,dev_8989
8990,web,dev_8990
8991,web,dev_8991
8992,ml,dev_8992
8993,web,dev_8993
8994,web,dev_8994
8995,web,dev_8995
8996,ml,dev_8996
8997,ml,dev_8997
8998,ml,dev_8998
8999,ml,dev_8999
9000,ml,dev_9000
9001,ml,dev_9001
9002,ml,dev_9002
9003,web,dev_9003
9004,ml,dev_9004
9005,web,dev_9005
9006,web,dev_9006
9007,ml,dev_9007
9008,web,dev_9008
9009,web,dev_9009
9010,web,dev_9010
9011,web,dev_9011
9012,ml,dev_9012
9013,ml,dev_9013
9014,ml,dev_9014
9015,web,dev_9015
9016,web,dev_9016
9017,ml,dev_9017
9018,web,dev_9018
9019,ml,dev_9019
9020,ml,dev_9020
9021,ml,dev_9021
9022,web,dev_9022
9023,web,dev_9023
9024,web,dev_9024
9025,web,dev_9025
9026,ml,dev_9026
9027,web,dev_9027
9028,ml,dev_9028
9029,web,dev_9029
9030,web,dev_9030
9031,web,dev_9031
9032,ml,dev_9032
9033,web,dev_9033
9034,web,dev_9034
9035,web,dev_9035
9036,ml,dev_9036
9037,ml,dev_9037
9038,web,dev_9038
9039,web,dev_9039
9040,web,dev_9040
9041,ml,dev_9041
9042,web,dev_9042
9043,web,dev_9043
9044,web,dev_9044
9045,web,dev_9045
9046,ml,dev_9046
9047,ml,dev_9047
9048,ml,dev_9048
9049,web,dev_9049
9050,web,dev_9050
9051,web,dev_9051
9052,web,dev_9052
9053,web,dev_9053
9054,web,dev_9054
9055,ml,dev_9055
9056,ml,dev_9056
9057,ml,dev_9057
9058,web,dev_9058
9059,web,dev_9059
9060,web,dev_9060
9061,ml,dev_9061
9062,web,dev_9062
9063,web,dev_9063
9064,web,dev_9064
9065,web,dev_9065
9066,ml,dev_9066
9067,web,dev_9067
9068,ml,dev_9068
9069,ml,dev_9069
9070,ml,dev_9070
9071,web,dev_9071
9072,web,dev_9072
9073,ml,dev_9073
9074,ml,dev_9074
9075,ml,dev_9075
9076,web,dev_9076
9077,web,dev_9077
9078,ml,dev_9078
9079,ml,dev_9079
9080,web,dev_9080
9081,web,dev_9081
9082,ml,dev_9082
9083,web,dev_9083
9084,web,dev_9084
9085,web,dev_9085
9086,web,dev_9086
9087,ml,dev_9087
9088,web,dev_9088
9089,ml,dev_9089
9090,ml,dev_9090
9091,ml,dev_9091
9092,web,dev_9092
9093,ml,dev_9093
9094,web,dev_9094
9095,ml,dev_9095
9096,ml,dev_9096
9097,web,dev_9097
9098,web,dev_9098
9099,ml,dev_9099
9100,ml,dev_9100
9101,web,dev_9101
9102,web,dev_9102
9103,web,dev_9103
9104,ml,dev_9104
9105,ml,dev_9105
9106,ml,dev_9106
9107,web,dev_9107
9108,ml,dev_9108
9109,web,dev_9109
9110,web,dev_9110
9111,ml,dev_9111
9112,web,dev_9112
9113,ml,dev_9113
9114,ml,dev_9114
9115,ml,dev_9115
9116,web,dev_9116
9117,ml,dev_9117
9118,ml,dev_9118
9119,web,dev_9119
9120,web,dev_9120
9121,web,dev_9121
9122,ml,dev_9122
9123,ml,dev_9123
9124,ml,dev_9124
9125,web,dev_9125
9126,ml,dev_9126
9127,web,dev_9127
9128,ml,dev_9128
9129,web,dev_9129
9130,web,dev_9130
9131,web,dev_9131
9132,web,dev_9132
9133,web,dev_9133
9134,web,dev_9134
9135,web,dev_9135
9136,ml,dev_9136
9137,ml,dev_9137
9138,web,dev_9138
9139,web,dev_9139
9140,web,dev_9140
9141,web,dev_9141
9142,ml,dev_9142
9143,web,dev_9143
9144,web,dev_9144
9145,web,dev_9145
9146,web,dev_9146
9147,ml,dev_9147
9148,ml,dev_9148
9149,ml,dev_9149
9150,ml,dev_9150
9151,ml,dev_9151
9152,web,dev_9152
9153,web,dev_9153
9154,ml,dev_9154
9155,web,dev_9155
9156,web,dev_9156
9157,web,dev_9157
9158,ml,dev_9158
9159,ml,dev_9159
9160,web,dev_9160
9161,web,dev_9161
9162,ml,dev_9162
9163,web,dev_9163
9164,ml,dev_9164
9165,web,dev_9165
9166,web,dev_9166
9167,ml,dev_9167
9168,ml,dev_9168
9169,ml,dev_9169
9170,web,dev_9170
9171,web,dev_9171
9172,ml,dev_9172
9173,web,dev_9173
9174,ml,dev_9174
9175,web,dev_9175
9176,web,dev_9176
9177,web,dev_9177
9178,ml,dev_9178
9179,web,dev_9179
9180,web,dev_9180
9181,web,dev_9181
9182,ml,dev_9182
9183,web,dev_9183
9184,web,dev_9184
9185,web,dev_9185
9186,web,dev_9186
9187,web,dev_9187
9188,ml,dev_9188
9189,web,dev_9189
9190,ml,dev_9190
9191,web,dev_9191
9192,ml,dev_9192
9193,web,dev_9193
9194,web,dev_9194
9195,ml,dev_9195
9196,web,dev_9196
9197,web,dev_9197
9198,ml,dev_9198
9199,ml,dev_9199
9200,web,dev_9200
9201,web,dev_9201
9202,ml,dev_9202
9203,ml,dev_9203
9204,ml,dev_9204
9205,web,dev_9205
9206,web,dev_9206
9207,ml,dev_9207
9208,web,dev_9208
9209,ml,dev_9209
9210,ml,dev_9210
9211,web,dev_9211
9212,ml,dev_9212
9213,ml,dev_9213
9214,ml,dev_9214
9215,web,dev_9215
9216,web,dev_9216
9217,ml,dev_9217
9218,web,dev_9218
9219,ml,dev_9219
9220,ml,dev_9220
9221,web,dev_9221
9222,ml,dev_9222
9223,web,dev_9223
9224,ml,dev_9224
9225,web,dev_9225
9226,web,dev_9226
9227,ml,dev_9227
9228,web,dev_9228
9229,web,dev_9229
9230,ml,dev_9230
9231,web,dev_9231
9232,ml,dev_9232
9233,ml,dev_9233
9234,ml,dev_9234
9235,web,dev_9235
9236,ml,dev_9236
9237,ml,dev_9237
9238,ml,dev_9238
9239,web,dev_9239
9240,web,dev_9240
9241,ml,dev_9241
9242,ml,dev_9242
9243,ml,dev_9243
9244,ml,dev_9244
9245,ml,dev_9245
9246,web,dev_9246
9247,ml,dev_9247
9248,ml,dev_9248
9249,web,dev_9249
9250,ml,dev_9250
9251,ml,dev_9251
9252,ml,dev_9252
9253,web,dev_9253
9254,ml,dev_9254
9255,web,dev_9255
9256,ml,dev_9256
9257,web,dev_9257
9258,web,dev_9258
9259,ml,dev_9259
9260,web,dev_9260
9261,ml,dev_9261
9262,ml,dev_9262
9263,ml,dev_9263
9264,ml,dev_9264
9265,ml,dev_9265
9266,web,dev_9266
9267,web,dev_9267
9268,ml,dev_9268
9269,ml,dev_9269
9270,ml,dev_9270
9271,web,dev_9271
9272,web,dev_9272
9273,ml,dev_9273
9274,web,dev_9274
9275,web,dev_9275
9276,ml,dev_9276
9277,ml,dev_9277
9278,web,dev_9278
9279,web,dev_9279
9280,ml,dev_9280
9281,ml,dev_9281
9282,ml,dev_9282
9283,ml,dev_9283
9284,ml,dev_9284
9285,web,dev_9285
9286,ml,dev_9286
9287,ml,dev_9287
9288,ml,dev_9288
9289,web,dev_9289
9290,ml,dev_9290
9291,web,dev_9291
9292,web,dev_9292
9293,web,dev_9293
9294,web,dev_9294
9295,web,dev_9295
9296,ml,dev_9296
9297,ml,dev_9297
9298,web,dev_9298
9299,web,dev_9299
9300,web,dev_9300
9301,ml,dev_9301
9302,ml,dev_9302
9303,web,dev_9303
9304,web,dev_9304
9305,ml,dev_9305
9306,web,dev_9306
9307,ml,dev_9307
9308,ml,dev_9308
9309,web,dev_9309
9310,web,dev_9310
9311,web,dev_9311
9312,web,dev_9312
9313,web,dev_9313
9314,ml,dev_9314
9315,web,dev_9315
9316,ml,dev_9316
9317,ml,dev_9317
9318,ml,dev_9318
9319,web,dev_9319
9320,web,dev_9320
9321,web,dev_9321
9322,web,dev_9322
9323,ml,dev_9323
9324,ml,dev_9324
9325,ml,dev_9325
9326,web,dev_9326
9327,web,dev_9327
9328,ml,dev_9328
9329,web,dev_9329
9330,web,dev_9330
9331,web,dev_9331
9332,web,dev_9332
9333,ml,dev_9333
9334,ml,dev_9334
9335,web,dev_9335
9336,ml,dev_9336
9337,ml,dev_9337
9338,web,dev_9338
9339,ml,dev_9339
9340,web,dev_9340
9341,ml,dev_9341
9342,ml,dev_9342
9343,web,dev_9343
9344,web,dev_9344
9345,ml,dev_9345
9346,ml,dev_9346
9347,ml,dev_9347
9348,web,dev_9348
9349,ml,dev_9349
9350,web,dev_9350
9351,web,dev_9351
9352,web,dev_9352
9353,ml,dev_9353
9354,web,dev_9354
9355,web,dev_9355
9356,ml,dev_9356
9357,web,dev_9357
9358,ml,dev_9358
9359,web,dev_9359
9360,web,dev_9360
9361,ml,dev_9361
9362,ml,dev_9362
9363,ml,dev_9363
9364,ml,dev_9364
9365,web,dev_9365
9366,ml,dev_9366
9367,web,dev_9367
9368,web,dev_9368
9369,web,dev_9369
9370,web,dev_9370
9371,ml,dev_9371
9372,ml,dev_9372
9373,web,dev_9373
9374,ml,dev_9374
9375,web,dev_9375
9376,ml,dev_9376
9377,ml,dev_9377
9378,web,dev_9378
9379,ml,dev_9379
9380,web,dev_9380
9381,web,dev_9381
9382,ml,dev_9382
9383,web,dev_9383
9384,web,dev_9384
9385,ml,dev_9385
9386,web,dev_9386
9387,web,dev_9387
9388,ml,dev_9388
9389,ml,dev_9389
9390,web,dev_9390
9391,ml,dev_9391
9392,web,dev_9392
9393,ml,dev_9393
9394,ml,dev_9394
9395,ml,dev_9395
9396,ml,dev_9396
9397,web,dev_9397
9398,ml,dev_9398
9399,ml,dev_9399
9400,web,dev_9400
9401,ml,dev_9401
9402,ml,dev_9402
9403,web,dev_9403
9404,ml,dev_9404
9405,ml,dev_9405
9406,web,dev_9406
9407,ml,dev_9407
9408,ml,dev_9408
9409,web,dev_9409
9410,web,dev_9410
9411,web,dev_9411
9412,ml,dev_9412
9413,web,dev_9413
9414,web,dev_9414
9415,web,dev_9415
9416,web,dev_9416
9417,ml,dev_9417
9418,web,dev_9418
9419,web,dev_9419
9420,web,dev_9420
9421,ml,dev_9421
9422,ml,dev_9422
9423,ml,dev_9423
9424,web,dev_9424
9425,ml,dev_9425
9426,ml,dev_9426
9427,web,dev_9427
9428,ml,dev_9428
9429,web,dev_9429
9430,web,dev_9430
9431,web,dev_9431
9432,ml,dev_9432
9433,web,dev_9433
9434,ml,dev_9434
9435,ml,dev_9435
9436,ml,dev_9436
9437,ml,dev_9437
9438,web,dev_9438
9439,ml,dev_9439
9440,ml,dev_9440
9441,ml,dev_9441
9442,ml,dev_9442
9443,ml,dev_9443
9444,web,dev_9444
9445,web,dev_9445
9446,web,dev_9446
9447,ml,dev_9447
9448,ml,dev_9448
9449,web,dev_9449
9450,ml,dev_9450
9451,web,dev_9451
9452,web,dev_9452
9453,ml,dev_9453
9454,web,dev_9454
9455,web,dev_9455
9456,ml,dev_9456
9457,ml,dev_9457
9458,web,dev_9458
9459,web,dev_9459
9460,web,dev_9460
9461,web,dev_9461
9462,ml,dev_9462
9463,ml,dev_9463
9464,ml,dev_9464
9465,ml,dev_9465
9466,web,dev_9466
9467,ml,dev_9467
9468,web,dev_9468
9469,web,dev_9469
9470,web,dev_9470
9471,ml,dev_9471
9472,web,dev_9472
9473,web,dev_9473
9474,web,dev_9474
9475,ml,dev_9475
9476,ml,dev_9476
9477,ml,dev_9477
9478,ml,dev_9478
9479,ml,dev_9479
9480,web,dev_9480
9481,ml,dev_9481
9482,ml,dev_9482
9483,web,dev_9483
9484,ml,dev_9484
9485,ml,dev_9485
9486,web,dev_9486
9487,web,dev_9487
9488,ml,dev_9488
9489,web,dev_9489
9490,ml,dev_9490
9491,ml,dev_9491
9492,web,dev_9492
9493,web,dev_9493
9494,ml,dev_9494
9495,ml,dev_9495
9496,ml,dev_9496
9497,web,dev_9497
9498,web,dev_9498
9499,web,dev_9499
9500,web,dev_9500
9501,ml,dev_9501
9502,web,dev_9502
9503,ml,dev_9503
9504,web,dev_9504
9505,ml,dev_9505
9506,web,dev_9506
9507,web,dev_9507
9508,ml,dev_9508
9509,ml,dev_9509
9510,ml,dev_9510
9511,ml,dev_9511
9512,web,dev_9512
9513,web,dev_9513
9514,web,dev_9514
9515,ml,dev_9515
9516,web,dev_9516
9517,ml,dev_9517
9518,web,dev_9518
9519,web,dev_9519
9520,ml,dev_9520
9521,ml,dev_9521
9522,ml,dev_9522
9523,ml,dev_9523
9524,web,dev_9524
9525,ml,dev_9525
9526,web,dev_9526
9527,ml,dev_9527
9528,ml,dev_9528
9529,ml,dev_9529
9530,web,dev_9530
9531,web,dev_9531
9532,web,dev_9532
9533,web,dev_9533
9534,ml,dev_9534
9535,ml,dev_9535
9536,web,dev_9536
9537,web,dev_9537
9538,ml,dev_9538
9539,web,dev_9539
9540,ml,dev_9540
9541,web,dev_9541
9542,ml,dev_9542
9543,ml,dev_9543
9544,web,dev_9544
9545,ml,dev_9545
9546,web,dev_9546
9547,ml,dev_9547
9548,web,dev_9548
9549,web,dev_9549
9550,web,dev_9550
9551,web,dev_9551
9552,web,dev_9552
9553,ml,dev_9553
9554,ml,dev_9554
9555,web,dev_9555
9556,web,dev_9556
9557,web,dev_9557
9558,ml,dev_9558
9559,web,dev_9559
9560,web,dev_9560
9561,web,dev_9561
9562,ml,dev_9562
9563,ml,dev_9563
9564,ml,dev_9564
9565,web,dev_9565
9566,web,dev_9566
9567,web,dev_9567
9568,ml,dev_9568
9569,ml,dev_9569
9570,ml,dev_9570
9571,web,dev_9571
9572,ml,dev_9572
9573,web,dev_9573
9574,web,dev_9574
9575,web,dev_9575
9576,ml,dev_9576
9577,web,dev_9577
9578,ml,dev_9578
9579,web,dev_9579
9580,web,dev_9580
9581,web,dev_9581
9582,ml,dev_9582
9583,web,dev_9583
9584,web,dev_9584
9585,ml,dev_9585
9586,ml,dev_9586
9587,ml,dev_9587
9588,ml,dev_9588
9589,web,dev_9589
9590,web,dev_9590
9591,ml,dev_9591
9592,ml,dev_9592
9593,ml,dev_9593
9594,ml,dev_9594
9595,ml,dev_9595
9596,web,dev_9596
9597,ml,dev_9597
9598,ml,dev_9598
9599,ml,dev_9599
9600,web,dev_9600
9601,ml,dev_9601
9602,ml,dev_9602
9603,ml,dev_9603
9604,web,dev_9604
9605,ml,dev_9605
9606,web,dev_9606
9607,ml,dev_9607
9608,ml,dev_9608
9609,web,dev_9609
9610,ml,dev_9610
9611,ml,dev_9611
9612,web,dev_9612
9613,web,dev_9613
9614,ml,dev_9614
9615,ml,dev_9615
9616,ml,dev_9616
9617,web,dev_9617
9618,web,dev_9618
9619,ml,dev_9619
9620,web,dev_9620
9621,ml,dev_9621
9622,ml,dev_9622
9623,web,dev_9623
9624,ml,dev_9624
9625,web,dev_9625
9626,ml,dev_9626
9627,web,dev_9627
9628,ml,dev_9628
9629,web,dev_9629
9630,web,dev_9630
9631,ml,dev_9631
9632,ml,dev_9632
9633,web,dev_9633
9634,ml,dev_9634
9635,ml,dev_9635
9636,web,dev_9636
9637,web,dev_9637
9638,ml,dev_9638
9639,ml,dev_9639
9640,web,dev_9640
9641,web,dev_9641
9642,ml,dev_9642
9643,web,dev_9643
9644,ml,dev_9644
9645,ml,dev_9645
9646,ml,dev_9646
9647,web,dev_9647
9648,web,dev_9648
9649,ml,dev_9649
9650,ml,dev_9650
9651,ml,dev_9651
9652,web,dev_9652
9653,web,dev_9653
9654,web,dev_9654
9655,ml,dev_9655
9656,ml,dev_9656
9657,ml,dev_9657
9658,web,dev_9658
9659,web,dev_9659
9660,web,dev_9660
9661,ml,dev_9661
9662,web,dev_9662
9663,web,dev_9663
9664,ml,dev_9664
9665,ml,dev_9665
9666,ml,dev_9666
9667,ml,dev_9667
9668,web,dev_9668
9669,ml,dev_9669
9670,web,dev_9670
9671,web,dev_9671
9672,web,dev_9672
9673,web,dev_9673
9674,ml,dev_9674
9675,web,dev_9675
9676,ml,dev_9676
9677,web,dev_9677
9678,ml,dev_9678
9679,web,dev_9679
9680,ml,dev_9680
9681,web,dev_9681
9682,web,dev_9682
9683,web,dev_9683
9684,ml,dev_9684
9685,web,dev_9685
9686,ml,dev_9686
9687,web,dev_9687
9688,ml,dev_9688
9689,web,dev_9689
9690,ml,dev_9690
9691,web,dev_9691
9692,ml,dev_9692
9693,ml,dev_9693
9694,ml,dev_9694
9695,web,dev_9695
9696,web,dev_9696
9697,web,dev_9697
9698,ml,dev_9698
9699,ml,dev_9699
9700,ml,dev_9700
9701,web,dev_9701
9702,web,dev_9702
9703,web,dev_9703
9704,web,dev_9704
9705,ml,dev_9705
9706,web,dev_9706
9707,web,dev_9707
9708,web,dev_9708
9709,ml,dev_9709
9710,ml,dev_9710
9711,web,dev_9711
9712,web,dev_9712
9713,web,dev_9713
9714,ml,dev_9714
9715,ml,dev_9715
9716,web,dev_9716
9717,ml,dev_9717
9718,web,dev_9718
9719,ml,dev_9719
9720,ml,dev_9720
9721,web,dev_9721
9722,ml,dev_9722
9723,web,dev_9723
9724,ml,dev_9724
9725,web,dev_9725
9726,web,dev_9726
9727,ml,dev_9727
9728,ml,dev_9728
9729,ml,dev_9729
9730,web,dev_9730
9731,web,dev_9731
9732,web,dev_9732
9733,web,dev_9733
9734,web,dev_9734
9735,web,dev_9735
9736,web,dev_9736
9737,web,dev_9737
9738,web,dev_9738
9739,ml,dev_9739
9740,web,dev_9740
9741,ml,dev_9741
9742,ml,dev_9742
9743,ml,dev_9743
9744,web,dev_9744
9745,web,dev_9745
9746,ml,dev_9746
9747,web,dev_9747
9748,ml,dev_9748
9749,ml,dev_9749
9750,web,dev_9750
9751,web,dev_9751
9752,web,dev_9752
9753,web,dev_9753
9754,web,dev_9754
9755,web,dev_9755
9756,ml,dev_9756
9757,web,dev_9757
9758,ml,dev_9758
9759,web,dev_9759
9760,ml,dev_9760
9761,ml,dev_9761
9762,ml,dev_9762
9763,ml,dev_9763
9764,ml,dev_9764
9765,web,dev_9765
9766,web,dev_9766
9767,web,dev_9767
9768,web,dev_9768
9769,web,dev_9769
9770,web,dev_9770
9771,ml,dev_9771
9772,web,dev_9772
9773,web,dev_9773
9774,web,dev_9774
9775,ml,dev_9775
9776,ml,dev_9776
9777,ml,dev_9777
9778,web,dev_9778
9779,web,dev_9779
9780,ml,dev_9780
9781,web,dev_9781
9782,web,dev_9782
9783,web,dev_9783
9784,ml,dev_9784
9785,ml,dev_9785
9786,web,dev_9786
9787,web,dev_9787
9788,ml,dev_9788
9789,ml,dev_9789
9790,ml,dev_9790
9791,ml,dev_9791
9792,ml,dev_9792
9793,ml,dev_9793
9794,web,dev_9794
9795,ml,dev_9795
9796,ml,dev_9796
9797,web,dev_9797
9798,web,dev_9798
9799,web,dev_9799
9800,web,dev_9800
9801,web,dev_9801
9802,ml,dev_9802
9803,ml,dev_9803
9804,web,dev_9804
9805,ml,dev_9805
9806,ml,dev_9806
9807,ml,dev_9807
9808,web,dev_9808
9809,ml,dev_9809
9810,web,dev_9810
9811,ml,dev_9811
9812,ml,dev_9812
9813,web,dev_9813
9814,web,dev_9814
9815,web,dev_9815
9816,ml,dev_9816
9817,web,dev_9817
9818,web,dev_9818
9819,web,dev_9819
9820,ml,dev_9820
9821,web,dev_9821
9822,ml,dev_9822
9823,ml,dev_9823
9824,web,dev_9824
9825,web,dev_9825
9826,web,dev_9826
9827,ml,dev_9827
9828,ml,dev_9828
9829,web,dev_9829
9830,web,dev_9830
9831,web,dev_9831
9832,ml,dev_9832
9833,web,dev_9833
9834,web,dev_9834
9835,ml,dev_9835
9836,ml,dev_9836
9837,web,dev_9837
9838,web,dev_9838
9839,web,dev_9839
9840,web,dev_9840
9841,web,dev_9841
9842,ml,dev_9842
9843,ml,dev_9843
9844,web,dev_9844
9845,ml,dev_9845
9846,ml,dev_9846
9847,web,dev_9847
9848,ml,dev_9848
9849,ml,dev_9849
9850,web,dev_9850
9851,web,dev_9851
9852,ml,dev_9852
9853,ml,dev_9853
9854,ml,dev_9854
9855,web,dev_9855
9856,ml,dev_9856
9857,ml,dev_9857
9858,web,dev_9858
9859,web,dev_9859
9860,ml,dev_9860
9861,ml,dev_9861
9862,ml,dev_9862
9863,ml,dev_9863
9864,ml,dev_9864
9865,ml,dev_9865
9866,ml,dev_9866
9867,ml,dev_9867
9868,ml,dev_9868
9869,web,dev_9869
9870,ml,dev_9870
9871,web,dev_9871
9872,ml,dev_9872
9873,ml,dev_9873
9874,ml,dev_9874
9875,web,dev_9875
9876,ml,dev_9876
9877,ml,dev_9877
9878,ml,dev_9878
9879,ml,dev_9879
9880,web,dev_9880
9881,ml,dev_9881
9882,web,dev_9882
9883,ml,dev_9883
9884,web,dev_9884
9885,ml,dev_9885
9886,web,dev_9886
9887,web,dev_9887
9888,web,dev_9888
9889,ml,dev_9889
9890,ml,dev_9890
9891,ml,dev_9891
9892,web,dev_9892
9893,ml,dev_9893
9894,web,dev_9894
9895,web,dev_9895
9896,web,dev_9896
9897,web,dev_9897
9898,web,dev_9898
9899,web,dev_9899
9900,web,dev_9900
9901,ml,dev_9901
9902,ml,dev_9902
9903,ml,dev_9903
9904,web,dev_9904
9905,ml,dev_9905
9906,web,dev_9906
9907,ml,dev_9907
9908,ml,dev_9908
9909,ml,dev_9909
9910,ml,dev_9910
9911,ml,dev_9911
9912,ml,dev_9912
9913,ml,dev_9913
9914,web,dev_9914
9915,ml,dev_9915
9916,ml,dev_9916
9917,web,dev_9917
9918,web,dev_9918
9919,web,dev_9919
9920,web,dev_9920
9921,web,dev_9921
9922,ml,dev_9922
9923,web,dev_9923
9924,web,dev_9924
9925,ml,dev_9925
9926,ml,dev_9926
9927,web,dev_9927
9928,web,dev_9928
9929,web,dev_9929
9930,ml,dev_9930
9931,ml,dev_9931
9932,web,dev_9932
9933,web,dev_9933
9934,web,dev_9934
9935,web,dev_9935
9936,web,dev_9936
9937,web,dev_9937
9938,ml,dev_9938
9939,ml,dev_9939
9940,ml,dev_9940
9941,web,dev_9941
9942,web,dev_9942
9943,ml,dev_9943
9944,ml,dev_9944
9945,web,dev_9945
9946,web,dev_9946
9947,ml,dev_9947
9948,ml,dev_9948
9949,web,dev_9949
9950,ml,dev_9950
9951,ml,dev_9951
9952,ml,dev_9952
9953,ml,dev_9953
9954,ml,dev_9954
9955,web,dev_9955
9956,ml,dev_9956
9957,web,dev_9957
9958,ml,dev_9958
9959,ml,dev_9959
9960,ml,dev_9960
9961,web,dev_9961
9962,ml,dev_9962
9963,web,dev_9963
9964,web,dev_9964
9965,ml,dev_9965
9966,web,dev_9966
9967,ml,dev_9967
9968,ml,dev_9968
9969,ml,dev_9969
9970,ml,dev_9970
9971,web,dev_9971
9972,ml,dev_9972
9973,web,dev_9973
9974,web,dev_9974
9975,web,dev_9975
9976,ml,dev_9976
9977,web,dev_9977
9978,web,dev_9978
9979,web,dev_9979
9980,web,dev_9980
9981,ml,dev_9981
9982,ml,dev_9982
9983,web,dev_9983
9984,web,dev_9984
9985,ml,dev_9985
9986,ml,dev_9986
9987,ml,dev_9987
9988,ml,dev_9988
9989,web,dev_9989
9990,web,dev_9990
9991,ml,dev_9991
9992,ml,dev_9992
9993,ml,dev_9993
9994,web,dev_9994
9995,web,dev_9995
9996,web,dev_9996
9997,web,dev_9997
9998,web,dev_9998
9999,web,dev_9999
10000,web,dev_10000
10001,web,dev_10001
10002,web,dev_10002
10003,ml,dev_10003
10004,ml,dev_10004
10005,web,dev_10005
10006,web,dev_10006
10007,ml,dev_10007
10008,web,dev_10008
10009,ml,dev_10009
10010,ml,dev_10010
10011,ml,dev_10011
10012,ml,dev_10012
10013,ml,dev_10013
10014,web,dev_10014
10015,ml,dev_10015
10016,web,dev_10016
10017,web,dev_10017
10018,ml,dev_10018
10019,web,dev_10019
10020,ml,dev_10020
10021,ml,dev_10021
10022,web,dev_10022
10023,web,dev_10023
10024,ml,dev_10024
10025,web,dev_10025
10026,ml,dev_10026
10027,ml,dev_10027
10028,ml,dev_10028
10029,ml,dev_10029
10030,ml,dev_10030
10031,web,dev_10031
10032,ml,dev_10032
10033,web,dev_10033
10034,ml,dev_10034
10035,ml,dev_10035
10036,ml,dev_10036
10037,ml,dev_10037
10038,web,dev_10038
10039,web,dev_10039
10040,web,dev_10040
10041,web,dev_10041
10042,ml,dev_10042
10043,web,dev_10043
10044,web,dev_10044
10045,ml,dev_10045
10046,web,dev_10046
10047,web,dev_10047
10048,web,dev_10048
10049,ml,dev_10049
10050,web,dev_10050
10051,web,dev_10051
10052,web,dev_10052
10053,ml,dev_10053
10054,web,dev_10054
10055,web,dev_10055
10056,web,dev_10056
10057,ml,dev_10057
10058,ml,dev_10058
10059,web,dev_10059
10060,web,dev_10060
10061,web,dev_10061
10062,web,dev_10062
10063,ml,dev_10063
10064,web,dev_10064
10065,web,dev_10065
10066,ml,dev_10066
10067,web,dev_10067
10068,ml,dev_10068
10069,ml,dev_10069
10070,web,dev_10070
10071,ml,dev_10071
10072,ml,dev_10072
10073,web,dev_10073
10074,web,dev_10074
10075,ml,dev_10075
10076,ml,dev_10076
10077,web,dev_10077
10078,web,dev_10078
10079,ml,dev_10079
10080,web,dev_10080
10081,web,dev_10081
10082,web,dev_10082
10083,ml,dev_10083
10084,ml,dev_10084
10085,ml,dev_10085
10086,ml,dev_10086
10087,ml,dev_10087
10088,web,dev_10088
10089,web,dev_10089
10090,web,dev_10090
10091,web,dev_10091
10092,web,dev_10092
10093,web,dev_10093
10094,ml,dev_10094
10095,web,dev_10095
10096,ml,dev_10096
10097,web,dev_10097
10098,ml,dev_10098
10099,web,dev_10099
10100,ml,dev_10100
10101,ml,dev_10101
10102,web,dev_10102
10103,ml,dev_10103
10104,ml,dev_10104
10105,ml,dev_10105
10106,ml,dev_10106
10107,ml,dev_10107
10108,web,dev_10108
10109,web,dev_10109
10110,web,dev_10110
10111,web,dev_10111
10112,ml,dev_10112
10113,web,dev_10113
10114,ml,dev_10114
10115,web,dev_10115
10116,ml,dev_10116
10117,web,dev_10117
10118,ml,dev_10118
10119,web,dev_10119
10120,web,dev_10120
10121,ml,dev_10121
10122,web,dev_10122
10123,ml,dev_10123
10124,ml,dev_10124
10125,ml,dev_10125
10126,ml,dev_10126
10127,web,dev_10127
10128,web,dev_10128
10129,ml,dev_10129
10130,web,dev_10130
10131,ml,dev_10131
10132,web,dev_10132
10133,ml,dev_10133
10134,ml,dev_10134
10135,web,dev_10135
10136,ml,dev_10136
10137,web,dev_10137
10138,web,dev_10138
10139,web,dev_10139
10140,ml,dev_10140
10141,web,dev_10141
10142,ml,dev_10142
10143,web,dev_10143
10144,ml,dev_10144
10145,web,dev_10145
10146,web,dev_10146
10147,ml,dev_10147
10148,web,dev_10148
10149,web,dev_10149
10150,web,dev_10150
10151,ml,dev_10151
10152,ml,dev_10152
10153,ml,dev_10153
10154,web,dev_10154
10155,ml,dev_10155
10156,web,dev_10156
10157,web,dev_10157
10158,web,dev_10158
10159,web,dev_10159
10160,ml,dev_10160
10161,ml,dev_10161
10162,ml,dev_10162
10163,ml,dev_10163
10164,ml,dev_10164
10165,web,dev_10165
10166,ml,dev_10166
10167,web,dev_10167
10168,ml,dev_10168
10169,web,dev_10169
10170,web,dev_10170
10171,web,dev_10171
10172,ml,dev_10172
10173,ml,dev_10173
10174,ml,dev_10174
10175,web,dev_10175
10176,ml,dev_10176
10177,ml,dev_10177
10178,ml,dev_10178
10179,web,dev_10179
10180,ml,dev_10180
10181,ml,dev_10181
10182,web,dev_10182
10183,ml,dev_10183
10184,ml,dev_10184
10185,web,dev_10185
10186,web,dev_10186
10187,web,dev_10187
10188,web,dev_10188
10189,ml,dev_10189
10190,web,dev_10190
10191,ml,dev_10191
10192,ml,dev_10192
10193,web,dev_10193
10194,ml,dev_10194
10195,ml,dev_10195
10196,ml,dev_10196
10197,web,dev_10197
10198,ml,dev_10198
10199,ml,dev_10199
10200,web,dev_10200
10201,web,dev_10201
10202,web,dev_10202
10203,web,dev_10203
10204,ml,dev_10204
10205,web,dev_10205
10206,ml,dev_10206
10207,ml,dev_10207
10208,ml,dev_10208
10209,ml,dev_10209
10210,web,dev_10210
10211,ml,dev_10211
10212,web,dev_10212
10213,ml,dev_10213
10214,web,dev_10214
10215,web,dev_10215
10216,web,dev_10216
10217,web,dev_10217
10218,web,dev_10218
10219,web,dev_10219
10220,ml,dev_10220
10221,web,dev_10221
10222,ml,dev_10222
10223,web,dev_10223
10224,web,dev_10224
10225,ml,dev_10225
10226,web,dev_10226
10227,ml,dev_10227
10228,ml,dev_10228
10229,ml,dev_10229
10230,ml,dev_10230
10231,ml,dev_10231
10232,ml,dev_10232
10233,ml,dev_10233
10234,web,dev_10234
10235,ml,dev_10235
10236,ml,dev_10236
10237,ml,dev_10237
10238,ml,dev_10238
10239,web,dev_10239
10240,ml,dev_10240
10241,web,dev_10241
10242,ml,dev_10242
10243,ml,dev_10243
10244,web,dev_10244
10245,web,dev_10245
10246,web,dev_10246
10247,ml,dev_10247
10248,web,dev_10248
10249,web,dev_10249
10250,web,dev_10250
10251,web,dev_10251
10252,web,dev_10252
10253,ml,dev_10253
10254,ml,dev_10254
10255,web,dev_10255
10256,web,dev_10256
10257,web,dev_10257
10258,web,dev_10258
10259,web,dev_10259
10260,web,dev_10260
10261,web,dev_10261
10262,ml,dev_10262
10263,ml,dev_10263
10264,ml,dev_10264
10265,ml,dev_10265
10266,web,dev_10266
10267,ml,dev_10267
10268,web,dev_10268
10269,web,dev_10269
10270,web,dev_10270
10271,web,dev_10271
10272,ml,dev_10272
10273,web,dev_10273
10274,ml,dev_10274
10275,ml,dev_10275
10276,web,dev_10276
10277,ml,dev_10277
10278,ml,dev_10278
10279,web,dev_10279
10280,web,dev_10280
10281,web,dev_10281
10282,ml,dev_10282
10283,web,dev_10283
10284,ml,dev_10284
10285,web,dev_10285
10286,web,dev_10286
10287,web,dev_10287
10288,web,dev_10288
10289,ml,dev_10289
10290,ml,dev_10290
10291,ml,dev_10291
10292,web,dev_10292
10293,web,dev_10293
10294,web,dev_10294
10295,web,dev_10295
10296,web,dev_10296
10297,web,dev_10297
10298,ml,dev_10298
10299,ml,dev_10299
10300,web,dev_10300
10301,web,dev_10301
10302,ml,dev_10302
10303,web,dev_10303
10304,ml,dev_10304
10305,ml,dev_10305
10306,web,dev_10306
10307,ml,dev_10307
10308,ml,dev_10308
10309,ml,dev_10309
10310,web,dev_10310
10311,web,dev_10311
10312,ml,dev_10312
10313,ml,dev_10313
10314,ml,dev_10314
10315,ml,dev_10315
10316,ml,dev_10316
10317,web,dev_10317
10318,web,dev_10318
10319,web,dev_10319
10320,web,dev_10320
10321,web,dev_10321
10322,web,dev_10322
10323,ml,dev_10323
10324,ml,dev_10324
10325,web,dev_10325
10326,web,dev_10326
10327,ml,dev_10327
10328,web,dev_10328
10329,web,dev_10329
10330,web,dev_10330
10331,web,dev_10331
10332,ml,dev_10332
10333,web,dev_10333
10334,web,dev_10334
10335,ml,dev_10335
10336,ml,dev_10336
10337,web,dev_10337
10338,web,dev_10338
10339,ml,dev_10339
10340,ml,dev_10340
10341,web,dev_10341
10342,ml,dev_10342
10343,ml,dev_10343
10344,web,dev_10344
10345,ml,dev_10345
10346,ml,dev_10346
10347,web,dev_10347
10348,ml,dev_10348
10349,ml,dev_10349
10350,ml,dev_10350
10351,web,dev_10351
10352,web,dev_10352
10353,web,dev_10353
10354,web,dev_10354
10355,web,dev_10355
10356,ml,dev_10356
10357,ml,dev_10357
10358,ml,dev_10358
10359,web,dev_10359
10360,ml,dev_10360
10361,ml,dev_10361
10362,web,dev_10362
10363,web,dev_10363
10364,ml,dev_10364
10365,ml,dev_10365
10366,ml,dev_10366
10367,ml,dev_10367
10368,ml,dev_10368
10369,web,dev_10369
10370,ml,dev_10370
10371,ml,dev_10371
10372,ml,dev_10372
10373,web,dev_10373
10374,ml,dev_10374
10375,web,dev_10375
10376,ml,dev_10376
10377,ml,dev_10377
10378,web,dev_10378
10379,web,dev_10379
10380,web,dev_10380
10381,ml,dev_10381
10382,ml,dev_10382
10383,ml,dev_10383
10384,ml,dev_10384
10385,ml,dev_10385
10386,web,dev_10386
10387,web,dev_10387
10388,ml,dev_10388
10389,web,dev_10389
10390,ml,dev_10390
10391,ml,dev_10391
10392,web,dev_10392
10393,web,dev_10393
10394,web,dev_10394
10395,ml,dev_10395
10396,ml,dev_10396
10397,ml,dev_10397
10398,ml,dev_10398
10399,ml,dev_10399
10400,ml,dev_10400
10401,ml,dev_10401
10402,web,dev_10402
10403,web,dev_10403
10404,web,dev_10404
10405,web,dev_10405
10406,ml,dev_10406
10407,ml,dev_10407
10408,web,dev_10408
10409,ml,dev_10409
10410,web,dev_10410
10411,web,dev_10411
10412,web,dev_10412
10413,web,dev_10413
10414,ml,dev_10414
10415,web,dev_10415
10416,ml,dev_10416
10417,ml,dev_10417
10418,web,dev_10418
10419,web,dev_10419
10420,web,dev_10420
10421,web,dev_10421
10422,web,dev_10422
10423,ml,dev_10423
10424,web,dev_10424
10425,web,dev_10425
10426,ml,dev_10426
10427,ml,dev_10427
10428,web,dev_10428
10429,web,dev_10429
10430,ml,dev_10430
10431,ml,dev_10431
10432,ml,dev_10432
10433,web,dev_10433
10434,web,dev_10434
10435,ml,dev_10435
10436,web,dev_10436
10437,web,dev_10437
10438,ml,dev_10438
10439,ml,dev_10439
10440,ml,dev_10440
10441,web,dev_10441
10442,web,dev_10442
10443,web,dev_10443
10444,web,dev_10444
10445,ml,dev_10445
10446,ml,dev_10446
10447,ml,dev_10447
10448,ml,dev_10448
10449,ml,dev_10449
10450,web,dev_10450
10451,ml,dev_10451
10452,ml,dev_10452
10453,web,dev_10453
10454,web,dev_10454
10455,web,dev_10455
10456,ml,dev_10456
10457,web,dev_10457
10458,web,dev_10458
10459,ml,dev_10459
10460,ml,dev_10460
10461,ml,dev_10461
10462,ml,dev_10462
10463,ml,dev_10463
10464,web,dev_10464
10465,ml,dev_10465
10466,web,dev_10466
10467,ml,dev_10467
10468,ml,dev_10468
10469,web,dev_10469
10470,web,dev_10470
10471,web,dev_10471
10472,web,dev_10472
10473,ml,dev_10473
10474,ml,dev_10474
10475,ml,dev_10475
10476,web,dev_10476
10477,web,dev_10477
10478,ml,dev_10478
10479,web,dev_10479
10480,ml,dev_10480
10481,ml,dev_10481
10482,web,dev_10482
10483,ml,dev_10483
10484,web,dev_10484
10485,web,dev_10485
10486,web,dev_10486
10487,ml,dev_10487
10488,ml,dev_10488
10489,web,dev_10489
10490,web,dev_10490
10491,ml,dev_10491
10492,ml,dev_10492
10493,ml,dev_10493
10494,web,dev_10494
10495,ml,dev_10495
10496,web,dev_10496
10497,web,dev_10497
10498,ml,dev_10498
10499,ml,dev_10499
10500,ml,dev_10500
10501,ml,dev_10501
10502,ml,dev_10502
10503,web,dev_10503
10504,ml,dev_10504
10505,ml,dev_10505
10506,ml,dev_10506
10507,web,dev_10507
10508,ml,dev_10508
10509,web,dev_10509
10510,ml,dev_10510
10511,web,dev_10511
10512,web,dev_10512
10513,web,dev_10513
10514,web,dev_10514
10515,web,dev_10515
10516,ml,dev_10516
10517,web,dev_10517
10518,web,dev_10518
10519,ml,dev_10519
10520,web,dev_10520
10521,ml,dev_10521
10522,web,dev_10522
10523,ml,dev_10523
10524,ml,dev_10524
10525,web,dev_10525
10526,web,dev_10526
10527,web,dev_10527
10528,ml,dev_10528
10529,web,dev_10529
10530,ml,dev_10530
10531,ml,dev_10531
10532,ml,dev_10532
10533,web,dev_10533
10534,ml,dev_10534
10535,ml,dev_10535
10536,ml,dev_10536
10537,web,dev_10537
10538,web,dev_10538
10539,web,dev_10539
10540,web,dev_10540
10541,ml,dev_10541
10542,web,dev_10542
10543,web,dev_10543
10544,web,dev_10544
10545,web,dev_10545
10546,ml,dev_10546
10547,ml,dev_10547
10548,web,dev_10548
10549,ml,dev_10549
10550,ml,dev_10550
10551,web,dev_10551
10552,web,dev_10552
10553,web,dev_10553
10554,web,dev_10554
10555,ml,dev_10555
10556,ml,dev_10556
10557,ml,dev_10557
10558,web,dev_10558
10559,ml,dev_10559
10560,web,dev_10560
10561,ml,dev_10561
10562,web,dev_10562
10563,web,dev_10563
10564,ml,dev_10564
10565,ml,dev_10565
10566,web,dev_10566
10567,ml,dev_10567
10568,web,dev_10568
10569,ml,dev_10569
10570,web,dev_10570
10571,web,dev_10571
10572,ml,dev_10572
10573,web,dev_10573
10574,web,dev_10574
10575,web,dev_10575
10576,ml,dev_10576
10577,web,dev_10577
10578,web,dev_10578
10579,ml,dev_10579
10580,ml,dev_10580
10581,web,dev_10581
10582,web,dev_10582
10583,ml,dev_10583
10584,ml,dev_10584
10585,ml,dev_10585
10586,web,dev_10586
10587,ml,dev_10587
10588,ml,dev_10588
10589,web,dev_10589
10590,ml,dev_10590
10591,ml,dev_10591
10592,ml,dev_10592
10593,ml,dev_10593
10594,web,dev_10594
10595,ml,dev_10595
10596,ml,dev_10596
10597,web,dev_10597
10598,ml,dev_10598
10599,web,dev_10599
10600,ml,dev_10600
10601,ml,dev_10601
10602,ml,dev_10602
10603,web,dev_10603
10604,ml,dev_10604
10605,ml,dev_10605
10606,web,dev_10606
10607,ml,dev_10607
10608,ml,dev_10608
10609,web,dev_10609
10610,web,dev_10610
10611,ml,dev_10611
10612,ml,dev_10612
10613,web,dev_10613
10614,web,dev_10614
10615,ml,dev_10615
10616,web,dev_10616
10617,web,dev_10617
10618,web,dev_10618
10619,ml,dev_10619
10620,web,dev_10620
10621,web,dev_10621
10622,web,dev_10622
10623,web,dev_10623
10624,web,dev_10624
10625,web,dev_10625
10626,web,dev_10626
10627,web,dev_10627
10628,web,dev_10628
10629,ml,dev_10629
10630,web,dev_10630
10631,web,dev_10631
10632,web,dev_10632
10633,web,dev_10633
10634,ml,dev_10634
10635,web,dev_10635
10636,web,dev_10636
10637,ml,dev_10637
10638,ml,dev_10638
10639,web,dev_10639
10640,ml,dev_10640
10641,ml,dev_10641
10642,ml,dev_10642
10643,ml,dev_10643
10644,web,dev_10644
10645,ml,dev_10645
10646,ml,dev_10646
10647,ml,dev_10647
10648,ml,dev_10648
10649,web,dev_10649
10650,web,dev_10650
10651,web,dev_10651
10652,web,dev_10652
10653,web,dev_10653
10654,ml,dev_10654
10655,ml,dev_10655
10656,ml,dev_10656
10657,ml,dev_10657
10658,web,dev_10658
10659,web,dev_10659
10660,web,dev_10660
10661,ml,dev_10661
10662,web,dev_10662
10663,ml,dev_10663
10664,ml,dev_10664
10665,ml,dev_10665
10666,ml,dev_10666
10667,web,dev_10667
10668,web,dev_10668
10669,web,dev_10669
10670,web,dev_10670
10671,ml,dev_10671
10672,ml,dev_10672
10673,ml,dev_10673
10674,web,dev_10674
10675,ml,dev_10675
10676,ml,dev_10676
10677,web,dev_10677
10678,ml,dev_10678
10679,web,dev_10679
10680,web,dev_10680
10681,web,dev_10681
10682,ml,dev_10682
10683,web,dev_10683
10684,web,dev_10684
10685,ml,dev_10685
10686,ml,dev_10686
10687,ml,dev_10687
10688,web,dev_10688
10689,ml,dev_10689
10690,web,dev_10690
10691,web,dev_10691
10692,web,dev_10692
10693,web,dev_10693
10694,web,dev_10694
10695,web,dev_10695
10696,ml,dev_10696
10697,web,dev_10697
10698,ml,dev_10698
10699,ml,dev_10699
10700,ml,dev_10700
10701,ml,dev_10701
10702,ml,dev_10702
10703,web,dev_10703
10704,web,dev_10704
10705,web,dev_10705
10706,web,dev_10706
10707,web,dev_10707
10708,ml,dev_10708
10709,web,dev_10709
10710,web,dev_10710
10711,web,dev_10711
10712,web,dev_10712
10713,ml,dev_10713
10714,web,dev_10714
10715,web,dev_10715
10716,ml,dev_10716
10717,web,dev_10717
10718,ml,dev_10718
10719,ml,dev_10719
10720,web,dev_10720
10721,web,dev_10721
10722,ml,dev_10722
10723,ml,dev_10723
10724,web,dev_10724
10725,ml,dev_10725
10726,ml,dev_10726
10727,web,dev_10727
10728,web,dev_10728
10729,ml,dev_10729
10730,ml,dev_10730
10731,web,dev_10731
10732,web,dev_10732
10733,web,dev_10733
10734,web,dev_10734
10735,web,dev_10735
10736,web,dev_10736
10737,web,dev_10737
10738,web,dev_10738
10739,web,dev_10739
10740,web,dev_10740
10741,ml,dev_10741
10742,ml,dev_10742
10743,web,dev_10743
10744,ml,dev_10744
10745,web,dev_10745
10746,ml,dev_10746
10747,ml,dev_10747
10748,ml,dev_10748
10749,ml,dev_10749
10750,web,dev_10750
10751,ml,dev_10751
10752,ml,dev_10752
10753,web,dev_10753
10754,ml,dev_10754
10755,web,dev_10755
10756,web,dev_10756
10757,web,dev_10757
10758,web,dev_10758
10759,ml,dev_10759
10760,ml,dev_10760
10761,ml,dev_10761
10762,ml,dev_10762
10763,web,dev_10763
10764,web,dev_10764
10765,ml,dev_10765
10766,web,dev_10766
10767,web,dev_10767
10768,ml,dev_10768
10769,web,dev_10769
10770,ml,dev_10770
10771,ml,dev_10771
10772,web,dev_10772
10773,ml,dev_10773
10774,ml,dev_10774
10775,web,dev_10775
10776,ml,dev_10776
10777,ml,dev_10777
10778,web,dev_10778
10779,ml,dev_10779
10780,ml,dev_10780
10781,ml,dev_10781
10782,ml,dev_10782
10783,ml,dev_10783
10784,ml,dev_10784
10785,web,dev_10785
10786,web,dev_10786
10787,ml,dev_10787
10788,web,dev_10788
10789,ml,dev_10789
10790,ml,dev_10790
10791,web,dev_10791
10792,web,dev_10792
10793,ml,dev_10793
10794,web,dev_10794
10795,web,dev_10795
10796,web,dev_10796
10797,web,dev_10797
10798,web,dev_10798
10799,web,dev_10799
10800,web,dev_10800
10801,ml,dev_10801
10802,ml,dev_10802
10803,web,dev_10803
10804,ml,dev_10804
10805,ml,dev_10805
10806,ml,dev_10806
10807,ml,dev_10807
10808,ml,dev_10808
10809,ml,dev_10809
10810,web,dev_10810
10811,ml,dev_10811
10812,web,dev_10812
10813,web,dev_10813
10814,web,dev_10814
10815,web,dev_10815
10816,web,dev_10816
10817,web,dev_10817
10818,ml,dev_10818
10819,web,dev_10819
10820,web,dev_10820
10821,ml,dev_10821
10822,web,dev_10822
10823,web,dev_10823
10824,ml,dev_10824
10825,ml,dev_10825
10826,ml,dev_10826
10827,web,dev_10827
10828,ml,dev_10828
10829,web,dev_10829
10830,ml,dev_10830
10831,ml,dev_10831
10832,web,dev_10832
10833,ml,dev_10833
10834,web,dev_10834
10835,ml,dev_10835
10836,web,dev_10836
10837,ml,dev_10837
10838,ml,dev_10838
10839,web,dev_10839
10840,ml,dev_10840
10841,web,dev_10841
10842,web,dev_10842
10843,ml,dev_10843
10844,web,dev_10844
10845,ml,dev_10845
10846,web,dev_10846
10847,web,dev_10847
10848,ml,dev_10848
10849,web,dev_10849
10850,web,dev_10850
10851,web,dev_10851
10852,web,dev_10852
10853,web,dev_10853
10854,web,dev_10854
10855,ml,dev_10855
10856,ml,dev_10856
10857,web,dev_10857
10858,ml,dev_10858
10859,ml,dev_10859
10860,ml,dev_10860
10861,ml,dev_10861
10862,ml,dev_10862
10863,ml,dev_10863
10864,web,dev_10864
10865,ml,dev_10865
10866,web,dev_10866
10867,ml,dev_10867
10868,ml,dev_10868
10869,web,dev_10869
10870,ml,dev_10870
10871,ml,dev_10871
10872,web,dev_10872
10873,web,dev_10873
10874,ml,dev_10874
10875,web,dev_10875
10876,ml,dev_10876
10877,web,dev_10877
10878,ml,dev_10878
10879,web,dev_10879
10880,web,dev_10880
10881,ml,dev_10881
10882,ml,dev_10882
10883,web,dev_10883
10884,ml,dev_10884
10885,ml,dev_10885
10886,web,dev_10886
10887,ml,dev_10887
10888,web,dev_10888
10889,web,dev_10889
10890,ml,dev_10890
10891,ml,dev_10891
10892,ml,dev_10892
10893,web,dev_10893
10894,web,dev_10894
10895,ml,dev_10895
10896,ml,dev_10896
10897,web,dev_10897
10898,ml,dev_10898
10899,web,dev_10899
10900,ml,dev_10900
10901,ml,dev_10901
10902,ml,dev_10902
10903,web,dev_10903
10904,web,dev_10904
10905,ml,dev_10905
10906,web,dev_10906
10907,web,dev_10907
10908,ml,dev_10908
10909,web,dev_10909
10910,web,dev_10910
10911,ml,dev_10911
10912,ml,dev_10912
10913,ml,dev_10913
10914,web,dev_10914
10915,ml,dev_10915
10916,ml,dev_10916
10917,web,dev_10917
10918,web,dev_10918
10919,web,dev_10919
10920,web,dev_10920
10921,ml,dev_10921
10922,ml,dev_10922
10923,web,dev_10923
10924,web,dev_10924
10925,web,dev_10925
10926,ml,dev_10926
10927,ml,dev_10927
10928,ml,dev_10928
10929,ml,dev_10929
10930,web,dev_10930
10931,ml,dev_10931
10932,ml,dev_10932
10933,ml,dev_10933
10934,web,dev_10934
10935,web,dev_10935
10936,ml,dev_10936
10937,ml,dev_10937
10938,web,dev_10938
10939,ml,dev_10939
10940,ml,dev_10940
10941,ml,dev_10941
10942,web,dev_10942
10943,ml,dev_10943
10944,web,dev_10944
10945,ml,dev_10945
10946,web,dev_10946
10947,web,dev_10947
10948,ml,dev_10948
10949,ml,dev_10949
10950,web,dev_10950
10951,web,dev_10951
10952,ml,dev_10952
10953,web,dev_10953
10954,web,dev_10954
10955,ml,dev_10955
10956,web,dev_10956
10957,web,dev_10957
10958,web,dev_10958
10959,web,dev_10959
10960,ml,dev_10960
10961,ml,dev_10961
10962,ml,dev_10962
10963,web,dev_10963
10964,web,dev_10964
10965,ml,dev_10965
10966,web,dev_10966
10967,ml,dev_10967
10968,ml,dev_10968
10969,web,dev_10969
10970,web,dev_10970
10971,web,dev_10971
10972,ml,dev_10972
10973,web,dev_10973
10974,ml,dev_10974
10975,web,dev_10975
10976,web,dev_10976
10977,web,dev_10977
10978,ml,dev_10978
10979,web,dev_10979
10980,web,dev_10980
10981,web,dev_10981
10982,ml,dev_10982
10983,ml,dev_10983
10984,ml,dev_10984
10985,ml,dev_10985
10986,ml,dev_10986
10987,web,dev_10987
10988,ml,dev_10988
10989,web,dev_10989
10990,ml,dev_10990
10991,web,dev_10991
10992,ml,dev_10992
10993,web,dev_10993
10994,ml,dev_10994
10995,ml,dev_10995
10996,web,dev_10996
10997,web,dev_10997
10998,web,dev_10998
10999,ml,dev_10999
11000,ml,dev_11000
11001,ml,dev_11001
11002,web,dev_11002
11003,web,dev_11003
11004,ml,dev_11004
11005,ml,dev_11005
11006,ml,dev_11006
11007,web,dev_11007
11008,ml,dev_11008
11009,web,dev_11009
11010,ml,dev_11010
11011,web,dev_11011
11012,web,dev_11012
11013,ml,dev_11013
11014,ml,dev_11014
11015,ml,dev_11015
11016,ml,dev_11016
11017,ml,dev_11017
11018,web,dev_11018
11019,web,dev_11019
11020,web,dev_11020
11021,ml,dev_11021
11022,web,dev_11022
11023,ml,dev_11023
11024,web,dev_11024
11025,ml,dev_11025
11026,ml,dev_11026
11027,web,dev_11027
11028,web,dev_11028
11029,ml,dev_11029
11030,ml,dev_11030
11031,ml,dev_11031
11032,web,dev_11032
11033,ml,dev_11033
11034,web,dev_11034
11035,web,dev_11035
11036,ml,dev_11036
11037,ml,dev_11037
11038,ml,dev_11038
11039,ml,dev_11039
11040,ml,dev_11040
11041,ml,dev_11041
11042,ml,dev_11042
11043,web,dev_11043
11044,web,dev_11044
11045,ml,dev_11045
11046,web,dev_11046
11047,ml,dev_11047
11048,ml,dev_11048
11049,web,dev_11049
11050,ml,dev_11050
11051,ml,dev_11051
11052,ml,dev_11052
11053,web,dev_11053
11054,web,dev_11054
11055,ml,dev_11055
11056,ml,dev_11056
11057,web,dev_11057
11058,web,dev_11058
11059,ml,dev_11059
11060,web,dev_11060
11061,web,dev_11061
11062,ml,dev_11062
11063,ml,dev_11063
11064,ml,dev_11064
11065,ml,dev_11065
11066,ml,dev_11066
11067,web,dev_11067
11068,web,dev_11068
11069,web,dev_11069
11070,web,dev_11070
11071,ml,dev_11071
11072,ml,dev_11072
11073,web,dev_11073
11074,ml,dev_11074
11075,ml,dev_11075
11076,ml,dev_11076
11077,ml,dev_11077
11078,ml,dev_11078
11079,web,dev_11079
11080,ml,dev_11080
11081,web,dev_11081
11082,ml,dev_11082
11083,web,dev_11083
11084,web,dev_11084
11085,web,dev_11085
11086,ml,dev_11086
11087,ml,dev_11087
11088,ml,dev_11088
11089,web,dev_11089
11090,web,dev_11090
11091,ml,dev_11091
11092,ml,dev_11092
11093,web,dev_11093
11094,ml,dev_11094
11095,web,dev_11095
11096,web,dev_11096
11097,ml,dev_11097
11098,ml,dev_11098
11099,web,dev_11099
11100,ml,dev_11100
11101,web,dev_11101
11102,ml,dev_11102
11103,ml,dev_11103
11104,ml,dev_11104
11105,web,dev_11105
11106,web,dev_11106
11107,ml,dev_11107
11108,ml,dev_11108
11109,ml,dev_11109
11110,web,dev_11110
11111,web,dev_11111
11112,ml,dev_11112
11113,web,dev_11113
11114,ml,dev_11114
11115,web,dev_11115
11116,ml,dev_11116
11117,web,dev_11117
11118,ml,dev_11118
11119,web,dev_11119
11120,web,dev_11120
11121,ml,dev_11121
11122,ml,dev_11122
11123,web,dev_11123
11124,ml,dev_11124
11125,ml,dev_11125
11126,ml,dev_11126
11127,ml,dev_11127
11128,ml,dev_11128
11129,web,dev_11129
11130,web,dev_11130
11131,web,dev_11131
11132,ml,dev_11132
11133,web,dev_11133
11134,ml,dev_11134
11135,ml,dev_11135
11136,web,dev_11136
11137,ml,dev_11137
11138,ml,dev_11138
11139,ml,dev_11139
11140,ml,dev_11140
11141,web,dev_11141
11142,web,dev_11142
11143,ml,dev_11143
11144,ml,dev_11144
11145,ml,dev_11145
11146,web,dev_11146
11147,ml,dev_11147
11148,web,dev_11148
11149,ml,dev_11149
11150,web,dev_11150
11151,web,dev_11151
11152,ml,dev_11152
11153,ml,dev_11153
11154,ml,dev_11154
11155,web,dev_11155
11156,web,dev_11156
11157,web,dev_11157
11158,ml,dev_11158
11159,web,dev_11159
11160,web,dev_11160
11161,ml,dev_11161
11162,ml,dev_11162
11163,web,dev_11163
11164,web,dev_11164
11165,web,dev_11165
11166,web,dev_11166
11167,web,dev_11167
11168,web,dev_11168
11169,web,dev_11169
11170,web,dev_11170
11171,web,dev_11171
11172,web,dev_11172
11173,ml,dev_11173
11174,ml,dev_11174
11175,ml,dev_11175
11176,web,dev_11176
11177,ml,dev_11177
11178,web,dev_11178
11179,ml,dev_11179
11180,web,dev_11180
11181,web,dev_11181
11182,web,dev_11182
11183,ml,dev_11183
11184,ml,dev_11184
11185,web,dev_11185
11186,ml,dev_11186
11187,ml,dev_11187
11188,ml,dev_11188
11189,web,dev_11189
11190,web,dev_11190
11191,ml,dev_11191
11192,ml,dev_11192
11193,ml,dev_11193
11194,ml,dev_11194
11195,web,dev_11195
11196,ml,dev_11196
11197,web,dev_11197
11198,web,dev_11198
11199,ml,dev_11199
11200,ml,dev_11200
11201,ml,dev_11201
11202,web,dev_11202
11203,ml,dev_11203
11204,web,dev_11204
11205,ml,dev_11205
11206,web,dev_11206
11207,ml,dev_11207
11208,ml,dev_11208
11209,web,dev_11209
11210,ml,dev_11210
11211,web,dev_11211
11212,ml,dev_11212
11213,ml,dev_11213
11214,web,dev_11214
11215,web,dev_11215
11216,web,dev_11216
11217,web,dev_11217
11218,ml,dev_11218
11219,ml,dev_11219
11220,web,dev_11220
11221,web,dev_11221
11222,ml,dev_11222
11223,web,dev_11223
11224,web,dev_11224
11225,web,dev_11225
11226,web,dev_11226
11227,web,dev_11227
11228,ml,dev_11228
11229,ml,dev_11229
11230,web,dev_11230
11231,web,dev_11231
11232,ml,dev_11232
11233,ml,dev_11233
11234,web,dev_11234
11235,ml,dev_11235
11236,web,dev_11236
11237,web,dev_11237
11238,ml,dev_11238
11239,web,dev_11239
11240,ml,dev_11240
11241,ml,dev_11241
11242,web,dev_11242
11243,ml,dev_11243
11244,ml,dev_11244
11245,web,dev_11245
11246,web,dev_11246
11247,ml,dev_11247
11248,ml,dev_11248
11249,ml,dev_11249
11250,ml,dev_11250
11251,ml,dev_11251
11252,ml,dev_11252
11253,ml,dev_11253
11254,ml,dev_11254
11255,web,dev_11255
11256,ml,dev_11256
11257,web,dev_11257
11258,ml,dev_11258
11259,web,dev_11259
11260,web,dev_11260
11261,web,dev_11261
11262,ml,dev_11262
11263,web,dev_11263
11264,web,dev_11264
11265,ml,dev_11265
11266,ml,dev_11266
11267,web,dev_11267
11268,web,dev_11268
11269,ml,dev_11269
11270,web,dev_11270
11271,web,dev_11271
11272,web,dev_11272
11273,ml,dev_11273
11274,ml,dev_11274
11275,ml,dev_11275
11276,ml,dev_11276
11277,web,dev_11277
11278,ml,dev_11278
11279,ml,dev_11279
11280,web,dev_11280
11281,ml,dev_11281
11282,ml,dev_11282
11283,web,dev_11283
11284,web,dev_11284
11285,web,dev_11285
11286,ml,dev_11286
11287,ml,dev_11287
11288,web,dev_11288
11289,web,dev_11289
11290,web,dev_11290
11291,web,dev_11291
11292,web,dev_11292
11293,web,dev_11293
11294,web,dev_11294
11295,web,dev_11295
11296,web,dev_11296
11297,web,dev_11297
11298,ml,dev_11298
11299,web,dev_11299
11300,ml,dev_11300
11301,ml,dev_11301
11302,web,dev_11302
11303,web,dev_11303
11304,web,dev_11304
11305,ml,dev_11305
11306,web,dev_11306
11307,web,dev_11307
11308,web,dev_11308
11309,ml,dev_11309
11310,web,dev_11310
11311,ml,dev_11311
11312,ml,dev_11312
11313,web,dev_11313
11314,web,dev_11314
11315,web,dev_11315
11316,ml,dev_11316
11317,ml,dev_11317
11318,web,dev_11318
11319,ml,dev_11319
11320,ml,dev_11320
11321,web,dev_11321
11322,web,dev_11322
11323,web,dev_11323
11324,web,dev_11324
11325,ml,dev_11325
11326,ml,dev_11326
11327,ml,dev_11327
11328,ml,dev_11328
11329,web,dev_11329
11330,ml,dev_11330
11331,ml,dev_11331
11332,web,dev_11332
11333,ml,dev_11333
11334,ml,dev_11334
11335,ml,dev_11335
11336,ml,dev_11336
11337,ml,dev_11337
11338,web,dev_11338
11339,ml,dev_11339
11340,ml,dev_11340
11341,ml,dev_11341
11342,web,dev_11342
11343,ml,dev_11343
11344,web,dev_11344
11345,ml,dev_11345
11346,ml,dev_11346
11347,web,dev_11347
11348,ml,dev_11348
11349,web,dev_11349
11350,web,dev_11350
11351,ml,dev_11351
11352,ml,dev_11352
11353,web,dev_11353
11354,web,dev_11354
11355,ml,dev_11355
11356,web,dev_11356
11357,ml,dev_11357
11358,web,dev_11358
11359,ml,dev_11359
11360,ml,dev_11360
11361,web,dev_11361
11362,web,dev_11362
11363,web,dev_11363
11364,ml,dev_11364
11365,web,dev_11365
11366,web,dev_11366
11367,web,dev_11367
11368,ml,dev_11368
11369,ml,dev_11369
11370,web,dev_11370
11371,web,dev_11371
11372,web,dev_11372
11373,web,dev_11373
11374,ml,dev_11374
11375,ml,dev_11375
11376,ml,dev_11376
11377,ml,dev_11377
11378,ml,dev_11378
11379,web,dev_11379
11380,web,dev_11380
11381,ml,dev_11381
11382,ml,dev_11382
11383,web,dev_11383
11384,ml,dev_11384
11385,web,dev_11385
11386,ml,dev_11386
11387,web,dev_11387
11388,web,dev_11388
11389,ml,dev_11389
11390,web,dev_11390
11391,web,dev_11391
11392,ml,dev_11392
11393,ml,dev_11393
11394,web,dev_11394
11395,web,dev_11395
11396,web,dev_11396
11397,web,dev_11397
11398,ml,dev_11398
11399,ml,dev_11399
11400,web,dev_11400
11401,ml,dev_11401
11402,ml,dev_11402
11403,web,dev_11403
11404,web,dev_11404
11405,web,dev_11405
11406,web,dev_11406
11407,web,dev_11407
11408,ml,dev_11408
11409,ml,dev_11409
11410,web,dev_11410
11411,web,dev_11411
11412,web,dev_11412
11413,ml,dev_11413
11414,ml,dev_11414
11415,ml,dev_11415
11416,web,dev_11416
11417,ml,dev_11417
11418,web,dev_11418
11419,ml,dev_11419
11420,web,dev_11420
11421,ml,dev_11421
11422,ml,dev_11422
11423,web,dev_11423
11424,web,dev_11424
11425,web,dev_11425
11426,web,dev_11426
11427,ml,dev_11427
11428,web,dev_11428
11429,web,dev_11429
11430,ml,dev_11430
11431,ml,dev_11431
11432,web,dev_11432
11433,ml,dev_11433
11434,ml,dev_11434
11435,ml,dev_11435
11436,ml,dev_11436
11437,ml,dev_11437
11438,web,dev_11438
11439,ml,dev_11439
11440,web,dev_11440
11441,web,dev_11441
11442,ml,dev_11442
11443,ml,dev_11443
11444,ml,dev_11444
11445,web,dev_11445
11446,ml,dev_11446
11447,web,dev_11447
11448,ml,dev_11448
11449,ml,dev_11449
11450,web,dev_11450
11451,ml,dev_11451
11452,ml,dev_11452
11453,ml,dev_11453
11454,web,dev_11454
11455,web,dev_11455
11456,ml,dev_11456
11457,ml,dev_11457
11458,ml,dev_11458
11459,web,dev_11459
11460,ml,dev_11460
11461,ml,dev_11461
11462,web,dev_11462
11463,web,dev_11463
11464,ml,dev_11464
11465,web,dev_11465
11466,web,dev_11466
11467,ml,dev_11467
11468,ml,dev_11468
11469,ml,dev_11469
11470,ml,dev_11470
11471,web,dev_11471
11472,web,dev_11472
11473,web,dev_11473
11474,ml,dev_11474
11475,web,dev_11475
11476,ml,dev_11476
11477,web,dev_11477
11478,web,dev_11478
11479,web,dev_11479
11480,ml,dev_11480
11481,web,dev_11481
11482,web,dev_11482
11483,ml,dev_11483
11484,ml,dev_11484
11485,web,dev_11485
11486,web,dev_11486
11487,web,dev_11487
11488,web,dev_11488
11489,web,dev_11489
11490,web,dev_11490
11491,ml,dev_11491
11492,web,dev_11492
11493,web,dev_11493
11494,web,dev_11494
11495,web,dev_11495
11496,web,dev_11496
11497,ml,dev_11497
11498,web,dev_11498
11499,ml,dev_11499
11500,ml,dev_11500
11501,web,dev_11501
11502,web,dev_11502
11503,web,dev_11503
11504,web,dev_11504
11505,web,dev_11505
11506,web,dev_11506
11507,web,dev_11507
11508,web,dev_11508
11509,web,dev_11509
11510,ml,dev_11510
11511,web,dev_11511
11512,web,dev_11512
11513,web,dev_11513
11514,web,dev_11514
11515,ml,dev_11515
11516,ml,dev_11516
11517,web,dev_11517
11518,ml,dev_11518
11519,ml,dev_11519
11520,ml,dev_11520
11521,web,dev_11521
11522,ml,dev_11522
11523,ml,dev_11523
11524,ml,dev_11524
11525,web,dev_11525
11526,ml,dev_11526
11527,ml,dev_11527
11528,web,dev_11528
11529,web,dev_11529
11530,web,dev_11530
11531,ml,dev_11531
11532,ml,dev_11532
11533,web,dev_11533
11534,ml,dev_11534
11535,web,dev_11535
11536,ml,dev_11536
11537,web,dev_11537
11538,web,dev_11538
11539,web,dev_11539
11540,web,dev_11540
11541,ml,dev_11541
11542,ml,dev_11542
11543,ml,dev_11543
11544,ml,dev_11544
11545,ml,dev_11545
11546,ml,dev_11546
11547,web,dev_11547
11548,ml,dev_11548
11549,ml,dev_11549
11550,ml,dev_11550
11551,web,dev_11551
11552,web,dev_11552
11553,ml,dev_11553
11554,web,dev_11554
11555,ml,dev_11555
11556,web,dev_11556
11557,ml,dev_11557
11558,web,dev_11558
11559,ml,dev_11559
11560,web,dev_11560
11561,web,dev_11561
11562,web,dev_11562
11563,ml,dev_11563
11564,ml,dev_11564
11565,ml,dev_11565
11566,web,dev_11566
11567,web,dev_11567
11568,web,dev_11568
11569,ml,dev_11569
11570,web,dev_11570
11571,web,dev_11571
11572,ml,dev_11572
11573,ml,dev_11573
11574,web,dev_11574
11575,web,dev_11575
11576,ml,dev_11576
11577,ml,dev_11577
11578,web,dev_11578
11579,ml,dev_11579
11580,ml,dev_11580
11581,web,dev_11581
11582,web,dev_11582
11583,web,dev_11583
11584,ml,dev_11584
11585,ml,dev_11585
11586,ml,dev_11586
11587,web,dev_11587
11588,ml,dev_11588
11589,web,dev_11589
11590,ml,dev_11590
11591,web,dev_11591
11592,ml,dev_11592
11593,ml,dev_11593
11594,web,dev_11594
11595,ml,dev_11595
11596,web,dev_11596
11597,ml,dev_11597
11598,web,dev_11598
11599,web,dev_11599
11600,web,dev_11600
11601,web,dev_11601
11602,web,dev_11602
11603,ml,dev_11603
11604,ml,dev_11604
11605,ml,dev_11605
11606,web,dev_11606
11607,ml,dev_11607
11608,web,dev_11608
11609,ml,dev_11609
11610,ml,dev_11610
11611,ml,dev_11611
11612,web,dev_11612
11613,web,dev_11613
11614,ml,dev_11614
11615,web,dev_11615
11616,ml,dev_11616
11617,ml,dev_11617
11618,ml,dev_11618
11619,web,dev_11619
11620,web,dev_11620
11621,web,dev_11621
11622,ml,dev_11622
11623,web,dev_11623
11624,ml,dev_11624
11625,web,dev_11625
11626,web,dev_11626
11627,ml,dev_11627
11628,web,dev_11628
11629,web,dev_11629
11630,ml,dev_11630
11631,ml,dev_11631
11632,web,dev_11632
11633,web,dev_11633
11634,ml,dev_11634
11635,ml,dev_11635
11636,ml,dev_11636
11637,ml,dev_11637
11638,web,dev_11638
11639,ml,dev_11639
11640,web,dev_11640
11641,web,dev_11641
11642,ml,dev_11642
11643,ml,dev_11643
11644,web,dev_11644
11645,web,dev_11645
11646,ml,dev_11646
11647,web,dev_11647
11648,ml,dev_11648
11649,ml,dev_11649
11650,web,dev_11650
11651,ml,dev_11651
11652,ml,dev_11652
11653,web,dev_11653
11654,web,dev_11654
11655,web,dev_11655
11656,web,dev_11656
11657,web,dev_11657
11658,web,dev_11658
11659,web,dev_11659
11660,web,dev_11660
11661,web,dev_11661
11662,ml,dev_11662
11663,web,dev_11663
11664,web,dev_11664
11665,web,dev_11665
11666,ml,dev_11666
11667,ml,dev_11667
11668,web,dev_11668
11669,web,dev_11669
11670,web,dev_11670
11671,ml,dev_11671
11672,ml,dev_11672
11673,ml,dev_11673
11674,ml,dev_11674
11675,web,dev_11675
11676,web,dev_11676
11677,web,dev_11677
11678,ml,dev_11678
11679,web,dev_11679
11680,ml,dev_11680
11681,ml,dev_11681
11682,ml,dev_11682
11683,web,dev_11683
11684,web,dev_11684
11685,web,dev_11685
11686,ml,dev_11686
11687,web,dev_11687
11688,ml,dev_11688
11689,web,dev_11689
11690,web,dev_11690
11691,ml,dev_11691
11692,web,dev_11692
11693,web,dev_11693
11694,ml,dev_11694
11695,ml,dev_11695
11696,web,dev_11696
11697,web,dev_11697
11698,web,dev_11698
11699,web,dev_11699
11700,web,dev_11700
11701,ml,dev_11701
11702,web,dev_11702
11703,ml,dev_11703
11704,ml,dev_11704
11705,web,dev_11705
11706,web,dev_11706
11707,ml,dev_11707
11708,ml,dev_11708
11709,web,dev_11709
11710,web,dev_11710
11711,web,dev_11711
11712,web,dev_11712
11713,web,dev_11713
11714,web,dev_11714
11715,ml,dev_11715
11716,web,dev_11716
11717,web,dev_11717
11718,ml,dev_11718
11719,ml,dev_11719
11720,ml,dev_11720
11721,web,dev_11721
11722,ml,dev_11722
11723,web,dev_11723
11724,ml,dev_11724
11725,ml,dev_11725
11726,ml,dev_11726
11727,web,dev_11727
11728,web,dev_11728
11729,web,dev_11729
11730,ml,dev_11730
11731,ml,dev_11731
11732,web,dev_11732
11733,ml,dev_11733
11734,ml,dev_11734
11735,web,dev_11735
11736,ml,dev_11736
11737,ml,dev_11737
11738,ml,dev_11738
11739,web,dev_11739
11740,web,dev_11740
11741,web,dev_11741
11742,ml,dev_11742
11743,ml,dev_11743
11744,ml,dev_11744
11745,ml,dev_11745
11746,ml,dev_11746
11747,web,dev_11747
11748,web,dev_11748
11749,ml,dev_11749
11750,ml,dev_11750
11751,web,dev_11751
11752,ml,dev_11752
11753,web,dev_11753
11754,web,dev_11754
11755,ml,dev_11755
11756,ml,dev_11756
11757,ml,dev_11757
11758,web,dev_11758
11759,web,dev_11759
11760,web,dev_11760
11761,web,dev_11761
11762,web,dev_11762
11763,web,dev_11763
11764,ml,dev_11764
11765,ml,dev_11765
11766,ml,dev_11766
11767,web,dev_11767
11768,ml,dev_11768
11769,web,dev_11769
11770,web,dev_11770
11771,web,dev_11771
11772,ml,dev_11772
11773,web,dev_11773
11774,ml,dev_11774
11775,web,dev_11775
11776,web,dev_11776
11777,web,dev_11777
11778,ml,dev_11778
11779,ml,dev_11779
11780,web,dev_11780
11781,ml,dev_11781
11782,ml,dev_11782
11783,web,dev_11783
11784,web,dev_11784
11785,web,dev_11785
11786,ml,dev_11786
11787,ml,dev_11787
11788,web,dev_11788
11789,ml,dev_11789
11790,ml,dev_11790
11791,web,dev_11791
11792,web,dev_11792
11793,ml,dev_11793
11794,web,dev_11794
11795,web,dev_11795
11796,web,dev_11796
11797,ml,dev_11797
11798,ml,dev_11798
11799,web,dev_11799
11800,ml,dev_11800
11801,web,dev_11801
11802,ml,dev_11802
11803,web,dev_11803
11804,web,dev_11804
11805,web,dev_11805
11806,web,dev_11806
11807,ml,dev_11807
11808,web,dev_11808
11809,web,dev_11809
11810,ml,dev_11810
11811,ml,dev_11811
11812,web,dev_11812
11813,web,dev_11813
11814,ml,dev_11814
11815,web,dev_11815
11816,web,dev_11816
11817,web,dev_11817
11818,web,dev_11818
11819,ml,dev_11819
11820,ml,dev_11820
11821,ml,dev_11821
11822,web,dev_11822
11823,ml,dev_11823
11824,web,dev_11824
11825,ml,dev_11825
11826,web,dev_11826
11827,web,dev_11827
11828,web,dev_11828
11829,web,dev_11829
11830,web,dev_11830
11831,web,dev_11831
11832,web,dev_11832
11833,ml,dev_11833
11834,ml,dev_11834
11835,ml,dev_11835
11836,ml,dev_11836
11837,ml,dev_11837
11838,web,dev_11838
11839,web,dev_11839
11840,web,dev_11840
11841,web,dev_11841
11842,web,dev_11842
11843,web,dev_11843
11844,web,dev_11844
11845,ml,dev_11845
11846,web,dev_11846
11847,web,dev_11847
11848,ml,dev_11848
11849,ml,dev_11849
11850,web,dev_11850
11851,web,dev_11851
11852,web,dev_11852
11853,ml,dev_11853
11854,ml,dev_11854
11855,ml,dev_11855
11856,ml,dev_11856
11857,web,dev_11857
11858,web,dev_11858
11859,web,dev_11859
11860,ml,dev_11860
11861,web,dev_11861
11862,ml,dev_11862
11863,ml,dev_11863
11864,web,dev_11864
11865,web,dev_11865
11866,ml,dev_11866
11867,web,dev_11867
11868,ml,dev_11868
11869,ml,dev_11869
11870,web,dev_11870
11871,ml,dev_11871
11872,web,dev_11872
11873,ml,dev_11873
11874,web,dev_11874
11875,ml,dev_11875
11876,web,dev_11876
11877,ml,dev_11877
11878,web,dev_11878
11879,web,dev_11879
11880,ml,dev_11880
11881,web,dev_11881
11882,web,dev_11882
11883,ml,dev_11883
11884,web,dev_11884
11885,ml,dev_11885
11886,ml,dev_11886
11887,web,dev_11887
11888,ml,dev_11888
11889,web,dev_11889
11890,web,dev_11890
11891,web,dev_11891
11892,ml,dev_11892
11893,web,dev_11893
11894,ml,dev_11894
11895,web,dev_11895
11896,ml,dev_11896
11897,ml,dev_11897
11898,web,dev_11898
11899,web,dev_11899
11900,web,dev_11900
11901,ml,dev_11901
11902,web,dev_11902
11903,ml,dev_11903
11904,ml,dev_11904
11905,web,dev_11905
11906,web,dev_11906
11907,ml,dev_11907
11908,web,dev_11908
11909,ml,dev_11909
11910,ml,dev_11910
11911,ml,dev_11911
11912,web,dev_11912
11913,ml,dev_11913
11914,web,dev_11914
11915,ml,dev_11915
11916,ml,dev_11916
11917,ml,dev_11917
11918,ml,dev_11918
11919,web,dev_11919
11920,web,dev_11920
11921,ml,dev_11921
11922,web,dev_11922
11923,ml,dev_11923
11924,ml,dev_11924
11925,ml,dev_11925
11926,web,dev_11926
11927,web,dev_11927
11928,ml,dev_11928
11929,web,dev_11929
11930,web,dev_11930
11931,web,dev_11931
11932,ml,dev_11932
11933,ml,dev_11933
11934,web,dev_11934
11935,web,dev_11935
11936,web,dev_11936
11937,ml,dev_11937
11938,web,dev_11938
11939,web,dev_11939
11940,ml,dev_11940
11941,web,dev_11941
11942,web,dev_11942
11943,ml,dev_11943
11944,ml,dev_11944
11945,web,dev_11945
11946,web,dev_11946
11947,ml,dev_11947
11948,ml,dev_11948
11949,web,dev_11949
11950,web,dev_11950
11951,web,dev_11951
11952,web,dev_11952
11953,web,dev_11953
11954,web,dev_11954
11955,web,dev_11955
11956,web,dev_11956
11957,web,dev_11957
11958,web,dev_11958
11959,ml,dev_11959
11960,ml,dev_11960
11961,ml,dev_11961
11962,ml,dev_11962
11963,web,dev_11963
11964,ml,dev_11964
11965,web,dev_11965
11966,web,dev_11966
11967,ml,dev_11967
11968,ml,dev_11968
11969,ml,dev_11969
11970,web,dev_11970
11971,web,dev_11971
11972,web,dev_11972
11973,web,dev_11973
11974,web,dev_11974
11975,web,dev_11975
11976,web,dev_11976
11977,ml,dev_11977
11978,web,dev_11978
11979,ml,dev_11979
11980,ml,dev_11980
11981,ml,dev_11981
11982,ml,dev_11982
11983,web,dev_11983
11984,ml,dev_11984
11985,web,dev_11985
11986,web,dev_11986
11987,web,dev_11987
11988,web,dev_11988
11989,web,dev_11989
11990,web,dev_11990
11991,ml,dev_11991
11992,web,dev_11992
11993,web,dev_11993
11994,ml,dev_11994
11995,ml,dev_11995
11996,web,dev_11996
11997,ml,dev_11997
11998,ml,dev_11998
11999,web,dev_11999
12000,ml,dev_12000
12001,web,dev_12001
12002,ml,dev_12002
12003,ml,dev_12003
12004,web,dev_12004
12005,ml,dev_12005
12006,ml,dev_12006
12007,ml,dev_12007
12008,web,dev_12008
12009,web,dev_12009
12010,web,dev_12010
12011,web,dev_12011
12012,web,dev_12012
12013,ml,dev_12013
12014,ml,dev_12014
12015,web,dev_12015
12016,ml,dev_12016
12017,ml,dev_12017
12018,web,dev_12018
12019,ml,dev_12019
12020,ml,dev_12020
12021,ml,dev_12021
12022,web,dev_12022
12023,ml,dev_12023
12024,ml,dev_12024
12025,ml,dev_12025
12026,ml,dev_12026
12027,ml,dev_12027
12028,web,dev_12028
12029,web,dev_12029
12030,web,dev_12030
12031,web,dev_12031
12032,ml,dev_12032
12033,web,dev_12033
12034,web,dev_12034
12035,ml,dev_12035
12036,ml,dev_12036
12037,ml,dev_12037
12038,web,dev_12038
12039,ml,dev_12039
12040,web,dev_12040
12041,web,dev_12041
12042,ml,dev_12042
12043,ml,dev_12043
12044,web,dev_12044
12045,web,dev_12045
12046,ml,dev_12046
12047,web,dev_12047
12048,ml,dev_12048
12049,ml,dev_12049
12050,web,dev_12050
12051,ml,dev_12051
12052,ml,dev_12052
12053,web,dev_12053
12054,web,dev_12054
12055,ml,dev_12055
12056,web,dev_12056
12057,ml,dev_12057
12058,web,dev_12058
12059,web,dev_12059
12060,web,dev_12060
12061,web,dev_12061
12062,ml,dev_12062
12063,web,dev_12063
12064,web,dev_12064
12065,web,dev_12065
12066,ml,dev_12066
12067,web,dev_12067
12068,ml,dev_12068
12069,web,dev_12069
12070,ml,dev_12070
12071,web,dev_12071
12072,web,dev_12072
12073,web,dev_12073
12074,ml,dev_12074
12075,web,dev_12075
12076,web,dev_12076
12077,web,dev_12077
12078,web,dev_12078
12079,ml,dev_12079
12080,web,dev_12080
12081,ml,dev_12081
12082,web,dev_12082
12083,ml,dev_12083
12084,ml,dev_12084
12085,web,dev_12085
12086,ml,dev_12086
12087,ml,dev_12087
12088,ml,dev_12088
12089,web,dev_12089
12090,ml,dev_12090
12091,ml,dev_12091
12092,web,dev_12092
12093,ml,dev_12093
12094,ml,dev_12094
12095,ml,dev_12095
12096,web,dev_12096
12097,ml,dev_12097
12098,ml,dev_12098
12099,ml,dev_12099
12100,web,dev_12100
12101,web,dev_12101
12102,ml,dev_12102
12103,web,dev_12103
12104,web,dev_12104
12105,ml,dev_12105
12106,web,dev_12106
12107,ml,dev_12107
12108,ml,dev_12108
12109,ml,dev_12109
12110,web,dev_12110
12111,ml,dev_12111
12112,web,dev_12112
12113,web,dev_12113
12114,ml,dev_12114
12115,web,dev_12115
12116,web,dev_12116
12117,web,dev_12117
12118,ml,dev_12118
12119,web,dev_12119
12120,ml,dev_12120
12121,ml,dev_12121
12122,ml,dev_12122
12123,web,dev_12123
12124,ml,dev_12124
12125,ml,dev_12125
12126,web,dev_12126
12127,ml,dev_12127
12128,ml,dev_12128
12129,ml,dev_12129
12130,web,dev_12130
12131,web,dev_12131
12132,ml,dev_12132
12133,ml,dev_12133
12134,ml,dev_12134
12135,ml,dev_12135
12136,ml,dev_12136
12137,web,dev_12137
12138,ml,dev_12138
12139,ml,dev_12139
12140,web,dev_12140
12141,ml,dev_12141
12142,ml,dev_12142
12143,web,dev_12143
12144,web,dev_12144
12145,web,dev_12145
12146,web,dev_12146
12147,ml,dev_12147
12148,web,dev_12148
12149,ml,dev_12149
12150,web,dev_12150
12151,ml,dev_12151
12152,ml,dev_12152
12153,ml,dev_12153
12154,web,dev_12154
12155,ml,dev_12155
12156,web,dev_12156
12157,web,dev_12157
12158,ml,dev_12158
12159,ml,dev_12159
12160,web,dev_12160
12161,ml,dev_12161
12162,ml,dev_12162
12163,web,dev_12163
12164,ml,dev_12164
12165,ml,dev_12165
12166,web,dev_12166
12167,web,dev_12167
12168,ml,dev_12168
12169,ml,dev_12169
12170,web,dev_12170
12171,web,dev_12171
12172,web,dev_12172
12173,web,dev_12173
12174,ml,dev_12174
12175,web,dev_12175
12176,web,dev_12176
12177,ml,dev_12177
12178,web,dev_12178
12179,web,dev_12179
12180,web,dev_12180
12181,web,dev_12181
12182,web,dev_12182
12183,web,dev_12183
12184,ml,dev_12184
12185,ml,dev_12185
12186,web,dev_12186
12187,web,dev_12187
12188,web,dev_12188
12189,web,dev_12189
12190,ml,dev_12190
12191,web,dev_12191
12192,web,dev_12192
12193,ml,dev_12193
12194,ml,dev_12194
12195,ml,dev_12195
12196,ml,dev_12196
12197,ml,dev_12197
12198,ml,dev_12198
12199,ml,dev_12199
12200,web,dev_12200
12201,web,dev_12201
12202,ml,dev_12202
12203,web,dev_12203
12204,web,dev_12204
12205,ml,dev_12205
12206,ml,dev_12206
12207,web,dev_12207
12208,ml,dev_12208
12209,ml,dev_12209
12210,web,dev_12210
12211,ml,dev_12211
12212,ml,dev_12212
12213,web,dev_12213
12214,ml,dev_12214
12215,web,dev_12215
12216,ml,dev_12216
12217,web,dev_12217
12218,web,dev_12218
12219,ml,dev_12219
12220,ml,dev_12220
12221,ml,dev_12221
12222,ml,dev_12222
12223,web,dev_12223
12224,ml,dev_12224
12225,web,dev_12225
12226,ml,dev_12226
12227,web,dev_12227
12228,ml,dev_12228
12229,web,dev_12229
12230,ml,dev_12230
12231,ml,dev_12231
12232,web,dev_12232
12233,web,dev_12233
12234,web,dev_12234
12235,ml,dev_12235
12236,ml,dev_12236
12237,ml,dev_12237
12238,web,dev_12238
12239,web,dev_12239
12240,web,dev_12240
12241,web,dev_12241
12242,web,dev_12242
12243,web,dev_12243
12244,web,dev_12244
12245,web,dev_12245
12246,ml,dev_12246
12247,web,dev_12247
12248,ml,dev_12248
12249,ml,dev_12249
12250,web,dev_12250
12251,ml,dev_12251
12252,web,dev_12252
12253,ml,dev_12253
12254,web,dev_12254
12255,ml,dev_12255
12256,web,dev_12256
12257,ml,dev_12257
12258,web,dev_12258
12259,ml,dev_12259
12260,ml,dev_12260
12261,web,dev_12261
12262,web,dev_12262
12263,ml,dev_12263
12264,web,dev_12264
12265,ml,dev_12265
12266,web,dev_12266
12267,web,dev_12267
12268,web,dev_12268
12269,ml,dev_12269
12270,ml,dev_12270
12271,ml,dev_12271
12272,ml,dev_12272
12273,web,dev_12273
12274,web,dev_12274
12275,web,dev_12275
12276,ml,dev_12276
12277,ml,dev_12277
12278,ml,dev_12278
12279,web,dev_12279
12280,ml,dev_12280
12281,ml,dev_12281
12282,ml,dev_12282
12283,web,dev_12283
12284,ml,dev_12284
12285,web,dev_12285
12286,ml,dev_12286
12287,web,dev_12287
12288,web,dev_12288
12289,web,dev_12289
12290,web,dev_12290
12291,ml,dev_12291
12292,ml,dev_12292
12293,web,dev_12293
12294,ml,dev_12294
12295,ml,dev_12295
12296,ml,dev_12296
12297,ml,dev_12297
12298,web,dev_12298
12299,web,dev_12299
12300,ml,dev_12300
12301,web,dev_12301
12302,web,dev_12302
12303,ml,dev_12303
12304,ml,dev_12304
12305,web,dev_12305
12306,ml,dev_12306
12307,ml,dev_12307
12308,ml,dev_12308
12309,ml,dev_12309
12310,ml,dev_12310
12311,ml,dev_12311
12312,web,dev_12312
12313,web,dev_12313
12314,web,dev_12314
12315,web,dev_12315
12316,ml,dev_12316
12317,ml,dev_12317
12318,web,dev_12318
12319,web,dev_12319
12320,ml,dev_12320
12321,web,dev_12321
12322,web,dev_12322
12323,ml,dev_12323
12324,web,dev_12324
12325,web,dev_12325
12326,web,dev_12326
12327,ml,dev_12327
12328,ml,dev_12328
12329,ml,dev_12329
12330,ml,dev_12330
12331,ml,dev_12331
12332,web,dev_12332
12333,ml,dev_12333
12334,web,dev_12334
12335,web,dev_12335
12336,web,dev_12336
12337,ml,dev_12337
12338,web,dev_12338
12339,web,dev_12339
12340,web,dev_12340
12341,web,dev_12341
12342,web,dev_12342
12343,web,dev_12343
12344,web,dev_12344
12345,web,dev_12345
12346,web,dev_12346
12347,ml,dev_12347
12348,web,dev_12348
12349,ml,dev_12349
12350,ml,dev_12350
12351,ml,dev_12351
12352,ml,dev_12352
12353,web,dev_12353
12354,web,dev_12354
12355,web,dev_12355
12356,web,dev_12356
12357,web,dev_12357
12358,ml,dev_12358
12359,ml,dev_12359
12360,web,dev_12360
12361,web,dev_12361
12362,ml,dev_12362
12363,ml,dev_12363
12364,web,dev_12364
12365,web,dev_12365
12366,ml,dev_12366
12367,ml,dev_12367
12368,web,dev_12368
12369,web,dev_12369
12370,ml,dev_12370
12371,web,dev_12371
12372,web,dev_12372
12373,ml,dev_12373
12374,web,dev_12374
12375,ml,dev_12375
12376,ml,dev_12376
12377,web,dev_12377
12378,web,dev_12378
12379,web,dev_12379
12380,ml,dev_12380
12381,web,dev_12381
12382,web,dev_12382
12383,web,dev_12383
12384,ml,dev_12384
12385,ml,dev_12385
12386,web,dev_12386
12387,web,dev_12387
12388,web,dev_12388
12389,web,dev_12389
12390,ml,dev_12390
12391,ml,dev_12391
12392,ml,dev_12392
12393,web,dev_12393
12394,ml,dev_12394
12395,web,dev_12395
12396,ml,dev_12396
12397,web,dev_12397
12398,ml,dev_12398
12399,ml,dev_12399
12400,web,dev_12400
12401,web,dev_12401
12402,web,dev_12402
12403,web,dev_12403
12404,ml,dev_12404
12405,ml,dev_12405
12406,web,dev_12406
12407,web,dev_12407
12408,ml,dev_12408
12409,ml,dev_12409
12410,web,dev_12410
12411,ml,dev_12411
12412,web,dev_12412
12413,ml,dev_12413
12414,ml,dev_12414
12415,web,dev_12415
12416,web,dev_12416
12417,web,dev_12417
12418,web,dev_12418
12419,web,dev_12419
12420,ml,dev_12420
12421,ml,dev_12421
12422,web,dev_12422
12423,ml,dev_12423
12424,ml,dev_12424
12425,ml,dev_12425
12426,ml,dev_12426
12427,web,dev_12427
12428,ml,dev_12428
12429,web,dev_12429
12430,web,dev_12430
12431,ml,dev_12431
12432,ml,dev_12432
12433,ml,dev_12433
12434,ml,dev_12434
12435,web,dev_12435
12436,web,dev_12436
12437,web,dev_12437
12438,ml,dev_12438
12439,ml,dev_12439
12440,web,dev_12440
12441,web,dev_12441
12442,ml,dev_12442
12443,web,dev_12443
12444,ml,dev_12444
12445,ml,dev_12445
12446,ml,dev_12446
12447,web,dev_12447
12448,ml,dev_12448
12449,web,dev_12449
12450,web,dev_12450
12451,ml,dev_12451
12452,ml,dev_12452
12453,web,dev_12453
12454,ml,dev_12454
12455,ml,dev_12455
12456,ml,dev_12456
12457,web,dev_12457
12458,ml,dev_12458
12459,web,dev_12459
12460,web,dev_12460
12461,web,dev_12461
12462,web,dev_12462
12463,ml,dev_12463
12464,ml,dev_12464
12465,web,dev_12465
12466,web,dev_12466
12467,ml,dev_12467
12468,web,dev_12468
12469,web,dev_12469
12470,ml,dev_12470
12471,web,dev_12471
12472,ml,dev_12472
12473,ml,dev_12473
12474,ml,dev_12474
12475,web,dev_12475
12476,ml,dev_12476
12477,web,dev_12477
12478,web,dev_12478
12479,web,dev_12479
12480,ml,dev_12480
12481,ml,dev_12481
12482,web,dev_12482
12483,ml,dev_12483
12484,ml,dev_12484
12485,ml,dev_12485
12486,ml,dev_12486
12487,ml,dev_12487
12488,ml,dev_12488
12489,ml,dev_12489
12490,ml,dev_12490
12491,web,dev_12491
12492,web,dev_12492
12493,ml,dev_12493
12494,ml,dev_12494
12495,web,dev_12495
12496,web,dev_12496
12497,ml,dev_12497
12498,web,dev_12498
12499,ml,dev_12499
12500,web,dev_12500
12501,ml,dev_12501
12502,web,dev_12502
12503,web,dev_12503
12504,ml,dev_12504
12505,web,dev_12505
12506,ml,dev_12506
12507,ml,dev_12507
12508,ml,dev_12508
12509,web,dev_12509
12510,web,dev_12510
12511,ml,dev_12511
12512,ml,dev_12512
12513,web,dev_12513
12514,web,dev_12514
12515,web,dev_12515
12516,web,dev_12516
12517,ml,dev_12517
12518,ml,dev_12518
12519,ml,dev_12519
12520,ml,dev_12520
12521,web,dev_12521
12522,ml,dev_12522
12523,web,dev_12523
12524,web,dev_12524
12525,ml,dev_12525
12526,ml,dev_12526
12527,web,dev_12527
12528,ml,dev_12528
12529,ml,dev_12529
12530,ml,dev_12530
12531,ml,dev_12531
12532,web,dev_12532
12533,ml,dev_12533
12534,ml,dev_12534
12535,ml,dev_12535
12536,web,dev_12536
12537,web,dev_12537
12538,ml,dev_12538
12539,web,dev_12539
12540,web,dev_12540
12541,ml,dev_12541
12542,web,dev_12542
12543,web,dev_12543
12544,web,dev_12544
12545,web,dev_12545
12546,web,dev_12546
12547,ml,dev_12547
12548,web,dev_12548
12549,ml,dev_12549
12550,web,dev_12550
12551,ml,dev_12551
12552,ml,dev_12552
12553,web,dev_12553
12554,ml,dev_12554
12555,web,dev_12555
12556,ml,dev_12556
12557,web,dev_12557
12558,web,dev_12558
12559,ml,dev_12559
12560,web,dev_12560
12561,web,dev_12561
12562,web,dev_12562
12563,web,dev_12563
12564,web,dev_12564
12565,web,dev_12565
12566,web,dev_12566
12567,ml,dev_12567
12568,web,dev_12568
12569,ml,dev_12569
12570,ml,dev_12570
12571,web,dev_12571
12572,ml,dev_12572
12573,web,dev_12573
12574,web,dev_12574
12575,web,dev_12575
12576,ml,dev_12576
12577,ml,dev_12577
12578,ml,dev_12578
12579,ml,dev_12579
12580,ml,dev_12580
12581,web,dev_12581
12582,ml,dev_12582
12583,ml,dev_12583
12584,ml,dev_12584
12585,web,dev_12585
12586,ml,dev_12586
12587,web,dev_12587
12588,web,dev_12588
12589,web,dev_12589
12590,ml,dev_12590
12591,web,dev_12591
12592,web,dev_12592
12593,web,dev_12593
12594,ml,dev_12594
12595,web,dev_12595
12596,ml,dev_12596
12597,web,dev_12597
12598,web,dev_12598
12599,web,dev_12599
12600,web,dev_12600
12601,web,dev_12601
12602,web,dev_12602
12603,ml,dev_12603
12604,ml,dev_12604
12605,ml,dev_12605
12606,ml,dev_12606
12607,web,dev_12607
12608,ml,dev_12608
12609,ml,dev_12609
12610,ml,dev_12610
12611,ml,dev_12611
12612,web,dev_12612
12613,ml,dev_12613
12614,ml,dev_12614
12615,ml,dev_12615
12616,ml,dev_12616
12617,ml,dev_12617
12618,ml,dev_12618
12619,web,dev_12619
12620,web,dev_12620
12621,ml,dev_12621
12622,ml,dev_12622
12623,ml,dev_12623
12624,ml,dev_12624
12625,ml,dev_12625
12626,web,dev_12626
12627,ml,dev_12627
12628,web,dev_12628
12629,ml,dev_12629
12630,web,dev_12630
12631,web,dev_12631
12632,ml,dev_12632
12633,ml,dev_12633
12634,web,dev_12634
12635,web,dev_12635
12636,web,dev_12636
12637,ml,dev_12637
12638,ml,dev_12638
12639,ml,dev_12639
12640,web,dev_12640
12641,web,dev_12641
12642,ml,dev_12642
12643,web,dev_12643
12644,ml,dev_12644
12645,web,dev_12645
12646,web,dev_12646
12647,ml,dev_12647
12648,web,dev_12648
12649,ml,dev_12649
12650,ml,dev_12650
12651,ml,dev_12651
12652,web,dev_12652
12653,web,dev_12653
12654,ml,dev_12654
12655,web,dev_12655
12656,ml,dev_12656
12657,ml,dev_12657
12658,web,dev_12658
12659,ml,dev_12659
12660,web,dev_12660
12661,ml,dev_12661
12662,ml,dev_12662
12663,web,dev_12663
12664,web,dev_12664
12665,ml,dev_12665
12666,web,dev_12666
12667,web,dev_12667
12668,ml,dev_12668
12669,ml,dev_12669
12670,web,dev_12670
12671,ml,dev_12671
12672,web,dev_12672
12673,ml,dev_12673
12674,web,dev_12674
12675,web,dev_12675
12676,ml,dev_12676
12677,web,dev_12677
12678,web,dev_12678
12679,web,dev_12679
12680,web,dev_12680
12681,ml,dev_12681
12682,web,dev_12682
12683,ml,dev_12683
12684,ml,dev_12684
12685,web,dev_12685
12686,web,dev_12686
12687,ml,dev_12687
12688,ml,dev_12688
12689,ml,dev_12689
12690,ml,dev_12690
12691,ml,dev_12691
12692,ml,dev_12692
12693,web,dev_12693
12694,web,dev_12694
12695,ml,dev_12695
12696,ml,dev_12696
12697,web,dev_12697
12698,web,dev_12698
12699,ml,dev_12699
12700,ml,dev_12700
12701,ml,dev_12701
12702,web,dev_12702
12703,web,dev_12703
12704,web,dev_12704
12705,web,dev_12705
12706,web,dev_12706
12707,ml,dev_12707
12708,ml,dev_12708
12709,ml,dev_12709
12710,ml,dev_12710
12711,ml,dev_12711
12712,ml,dev_12712
12713,web,dev_12713
12714,ml,dev_12714
12715,web,dev_12715
12716,web,dev_12716
12717,ml,dev_12717
12718,web,dev_12718
12719,web,dev_12719
12720,ml,dev_12720
12721,ml,dev_12721
12722,ml,dev_12722
12723,web,dev_12723
12724,web,dev_12724
12725,web,dev_12725
12726,web,dev_12726
12727,ml,dev_12727
12728,web,dev_12728
12729,ml,dev_12729
12730,ml,dev_12730
12731,web,dev_12731
12732,ml,dev_12732
12733,ml,dev_12733
12734,web,dev_12734
12735,ml,dev_12735
12736,ml,dev_12736
12737,ml,dev_12737
12738,web,dev_12738
12739,ml,dev_12739
12740,web,dev_12740
12741,web,dev_12741
12742,web,dev_12742
12743,ml,dev_12743
12744,web,dev_12744
12745,ml,dev_12745
12746,ml,dev_12746
12747,web,dev_12747
12748,web,dev_12748
12749,web,dev_12749
12750,ml,dev_12750
12751,web,dev_12751
12752,ml,dev_12752
12753,ml,dev_12753
12754,web,dev_12754
12755,ml,dev_12755
12756,web,dev_12756
12757,ml,dev_12757
12758,ml,dev_12758
12759,ml,dev_12759
12760,web,dev_12760
12761,ml,dev_12761
12762,ml,dev_12762
12763,web,dev_12763
12764,web,dev_12764
12765,ml,dev_12765
12766,ml,dev_12766
12767,ml,dev_12767
12768,web,dev_12768
12769,web,dev_12769
12770,web,dev_12770
12771,web,dev_12771
12772,web,dev_12772
12773,web,dev_12773
12774,web,dev_12774
12775,web,dev_12775
12776,ml,dev_12776
12777,web,dev_12777
12778,web,dev_12778
12779,ml,dev_12779
12780,ml,dev_12780
12781,web,dev_12781
12782,ml,dev_12782
12783,web,dev_12783
12784,ml,dev_12784
12785,ml,dev_12785
12786,web,dev_12786
12787,web,dev_12787
12788,web,dev_12788
12789,web,dev_12789
12790,ml,dev_12790
12791,ml,dev_12791
12792,web,dev_12792
12793,ml,dev_12793
12794,ml,dev_12794
12795,web,dev_12795
12796,web,dev_12796
12797,web,dev_12797
12798,web,dev_12798
12799,ml,dev_12799
12800,ml,dev_12800
12801,ml,dev_12801
12802,web,dev_12802
12803,ml,dev_12803
12804,web,dev_12804
12805,ml,dev_12805
12806,ml,dev_12806
12807,web,dev_12807
12808,ml,dev_12808
12809,ml,dev_12809
12810,web,dev_12810
12811,ml,dev_12811
12812,ml,dev_12812
12813,web,dev_12813
12814,web,dev_12814
12815,ml,dev_12815
12816,ml,dev_12816
12817,ml,dev_12817
12818,ml,dev_12818
12819,ml,dev_12819
12820,web,dev_12820
12821,ml,dev_12821
12822,web,dev_12822
12823,web,dev_12823
12824,ml,dev_12824
12825,ml,dev_12825
12826,ml,dev_12826
12827,web,dev_12827
12828,ml,dev_12828
12829,web,dev_12829
12830,ml,dev_12830
12831,web,dev_12831
12832,ml,dev_12832
12833,web,dev_12833
12834,web,dev_12834
12835,ml,dev_12835
12836,web,dev_12836
12837,ml,dev_12837
12838,web,dev_12838
12839,web,dev_12839
12840,ml,dev_12840
12841,ml,dev_12841
12842,web,dev_12842
12843,ml,dev_12843
12844,web,dev_12844
12845,web,dev_12845
12846,web,dev_12846
12847,web,dev_12847
12848,web,dev_12848
12849,web,dev_12849
12850,web,dev_12850
12851,web,dev_12851
12852,web,dev_12852
12853,ml,dev_12853
12854,ml,dev_12854
12855,web,dev_12855
12856,web,dev_12856
12857,web,dev_12857
12858,web,dev_12858
12859,ml,dev_12859
12860,ml,dev_12860
12861,web,dev_12861
12862,web,dev_12862
12863,ml,dev_12863
12864,web,dev_12864
12865,web,dev_12865
12866,web,dev_12866
12867,web,dev_12867
12868,ml,dev_12868
12869,ml,dev_12869
12870,web,dev_12870
12871,ml,dev_12871
12872,ml,dev_12872
12873,ml,dev_12873
12874,ml,dev_12874
12875,ml,dev_12875
12876,ml,dev_12876
12877,web,dev_12877
12878,ml,dev_12878
12879,web,dev_12879
12880,ml,dev_12880
12881,web,dev_12881
12882,ml,dev_12882
12883,web,dev_12883
12884,web,dev_12884
12885,ml,dev_12885
12886,ml,dev_12886
12887,web,dev_12887
12888,ml,dev_12888
12889,web,dev_12889
12890,web,dev_12890
12891,web,dev_12891
12892,web,dev_12892
12893,web,dev_12893
12894,ml,dev_12894
12895,web,dev_12895
12896,web,dev_12896
12897,ml,dev_12897
12898,web,dev_12898
12899,ml,dev_12899
12900,ml,dev_12900
12901,web,dev_12901
12902,ml,dev_12902
12903,ml,dev_12903
12904,web,dev_12904
12905,web,dev_12905
12906,web,dev_12906
12907,ml,dev_12907
12908,ml,dev_12908
12909,web,dev_12909
12910,ml,dev_12910
12911,web,dev_12911
12912,web,dev_12912
12913,web,dev_12913
12914,web,dev_12914
12915,web,dev_12915
12916,web,dev_12916
12917,ml,dev_12917
12918,web,dev_12918
12919,web,dev_12919
12920,ml,dev_12920
12921,ml,dev_12921
12922,ml,dev_12922
12923,ml,dev_12923
12924,ml,dev_12924
12925,ml,dev_12925
12926,web,dev_12926
12927,web,dev_12927
12928,web,dev_12928
12929,web,dev_12929
12930,web,dev_12930
12931,ml,dev_12931
12932,web,dev_12932
12933,ml,dev_12933
12934,web,dev_12934
12935,web,dev_12935
12936,ml,dev_12936
12937,ml,dev_12937
12938,ml,dev_12938
12939,web,dev_12939
12940,ml,dev_12940
12941,web,dev_12941
12942,ml,dev_12942
12943,ml,dev_12943
12944,ml,dev_12944
12945,ml,dev_12945
12946,web,dev_12946
12947,ml,dev_12947
12948,web,dev_12948
12949,web,dev_12949
12950,web,dev_12950
12951,ml,dev_12951
12952,web,dev_12952
12953,ml,dev_12953
12954,web,dev_12954
12955,web,dev_12955
12956,ml,dev_12956
12957,web,dev_12957
12958,ml,dev_12958
12959,ml,dev_12959
12960,web,dev_12960
12961,ml,dev_12961
12962,ml,dev_12962
12963,web,dev_12963
12964,web,dev_12964
12965,ml,dev_12965
12966,ml,dev_12966
12967,ml,dev_12967
12968,ml,dev_12968
12969,ml,dev_12969
12970,ml,dev_12970
12971,ml,dev_12971
12972,web,dev_12972
12973,web,dev_12973
12974,web,dev_12974
12975,ml,dev_12975
12976,web,dev_12976
12977,ml,dev_12977
12978,ml,dev_12978
12979,ml,dev_12979
12980,ml,dev_12980
12981,web,dev_12981
12982,ml,dev_12982
12983,ml,dev_12983
12984,web,dev_12984
12985,web,dev_12985
12986,web,dev_12986
12987,ml,dev_12987
12988,ml,dev_12988
12989,ml,dev_12989
12990,ml,dev_12990
12991,ml,dev_12991
12992,web,dev_12992
12993,ml,dev_12993
12994,ml,dev_12994
12995,ml,dev_12995
12996,web,dev_12996
12997,ml,dev_12997
12998,web,dev_12998
12999,ml,dev_12999
13000,web,dev_13000
13001,ml,dev_13001
13002,web,dev_13002
13003,web,dev_13003
13004,web,dev_13004
13005,ml,dev_13005
13006,ml,dev_13006
13007,web,dev_13007
13008,web,dev_13008
13009,web,dev_13009
13010,web,dev_13010
13011,ml,dev_13011
13012,web,dev_13012
13013,ml,dev_13013
13014,web,dev_13014
13015,ml,dev_13015
13016,web,dev_13016
13017,ml,dev_13017
13018,web,dev_13018
13019,web,dev_13019
13020,ml,dev_13020
13021,ml,dev_13021
13022,ml,dev_13022
13023,web,dev_13023
13024,web,dev_13024
13025,web,dev_13025
13026,web,dev_13026
13027,web,dev_13027
13028,web,dev_13028
13029,web,dev_13029
13030,web,dev_13030
13031,ml,dev_13031
13032,web,dev_13032
13033,web,dev_13033
13034,ml,dev_13034
13035,web,dev_13035
13036,ml,dev_13036
13037,web,dev_13037
13038,ml,dev_13038
13039,ml,dev_13039
13040,ml,dev_13040
13041,web,dev_13041
13042,ml,dev_13042
13043,web,dev_13043
13044,web,dev_13044
13045,web,dev_13045
13046,web,dev_13046
13047,ml,dev_13047
13048,web,dev_13048
13049,web,dev_13049
13050,ml,dev_13050
13051,web,dev_13051
13052,web,dev_13052
13053,web,dev_13053
13054,ml,dev_13054
13055,ml,dev_13055
13056,ml,dev_13056
13057,ml,dev_13057
13058,ml,dev_13058
13059,web,dev_13059
13060,ml,dev_13060
13061,web,dev_13061
13062,ml,dev_13062
13063,ml,dev_13063
13064,web,dev_13064
13065,ml,dev_13065
13066,ml,dev_13066
13067,web,dev_13067
13068,web,dev_13068
13069,ml,dev_13069
13070,ml,dev_13070
13071,web,dev_13071
13072,ml,dev_13072
13073,ml,dev_13073
13074,web,dev_13074
13075,web,dev_13075
13076,web,dev_13076
13077,web,dev_13077
13078,ml,dev_13078
13079,ml,dev_13079
13080,web,dev_13080
13081,web,dev_13081
13082,ml,dev_13082
13083,web,dev_13083
13084,ml,dev_13084
13085,ml,dev_13085
13086,web,dev_13086
13087,web,dev_13087
13088,web,dev_13088
13089,web,dev_13089
13090,web,dev_13090
13091,web,dev_13091
13092,ml,dev_13092
13093,ml,dev_13093
13094,ml,dev_13094
13095,web,dev_13095
13096,web,dev_13096
13097,ml,dev_13097
13098,web,dev_13098
13099,ml,dev_13099
13100,web,dev_13100
13101,ml,dev_13101
13102,ml,dev_13102
13103,web,dev_13103
13104,web,dev_13104
13105,ml,dev_13105
13106,web,dev_13106
13107,web,dev_13107
13108,web,dev_13108
13109,ml,dev_13109
13110,web,dev_13110
13111,ml,dev_13111
13112,ml,dev_13112
13113,web,dev_13113
13114,ml,dev_13114
13115,ml,dev_13115
13116,ml,dev_13116
13117,web,dev_13117
13118,web,dev_13118
13119,ml,dev_13119
13120,web,dev_13120
13121,web,dev_13121
13122,ml,dev_13122
13123,web,dev_13123
13124,ml,dev_13124
13125,ml,dev_13125
13126,web,dev_13126
13127,web,dev_13127
13128,ml,dev_13128
13129,web,dev_13129
13130,web,dev_13130
13131,ml,dev_13131
13132,ml,dev_13132
13133,web,dev_13133
13134,ml,dev_13134
13135,ml,dev_13135
13136,ml,dev_13136
13137,web,dev_13137
13138,web,dev_13138
13139,web,dev_13139
13140,web,dev_13140
13141,web,dev_13141
13142,web,dev_13142
13143,web,dev_13143
13144,ml,dev_13144
13145,ml,dev_13145
13146,ml,dev_13146
13147,ml,dev_13147
13148,ml,dev_13148
13149,ml,dev_13149
13150,web,dev_13150
13151,web,dev_13151
13152,ml,dev_13152
13153,ml,dev_13153
13154,ml,dev_13154
13155,ml,dev_13155
13156,ml,dev_13156
13157,ml,dev_13157
13158,web,dev_13158
13159,web,dev_13159
13160,web,dev_13160
13161,ml,dev_13161
13162,ml,dev_13162
13163,web,dev_13163
13164,web,dev_13164
13165,web,dev_13165
13166,ml,dev_13166
13167,web,dev_13167
13168,web,dev_13168
13169,web,dev_13169
13170,web,dev_13170
13171,ml,dev_13171
13172,web,dev_13172
13173,ml,dev_13173
13174,web,dev_13174
13175,web,dev_13175
13176,ml,dev_13176
13177,ml,dev_13177
13178,web,dev_13178
13179,web,dev_13179
13180,web,dev_13180
13181,web,dev_13181
13182,ml,dev_13182
13183,ml,dev_13183
13184,ml,dev_13184
13185,web,dev_13185
13186,ml,dev_13186
13187,ml,dev_13187
13188,ml,dev_13188
13189,web,dev_13189
13190,ml,dev_13190
13191,web,dev_13191
13192,ml,dev_13192
13193,ml,dev_13193
13194,ml,dev_13194
13195,web,dev_13195
13196,web,dev_13196
13197,ml,dev_13197
13198,web,dev_13198
13199,web,dev_13199
13200,ml,dev_13200
13201,web,dev_13201
13202,ml,dev_13202
13203,ml,dev_13203
13204,ml,dev_13204
13205,web,dev_13205
13206,ml,dev_13206
13207,ml,dev_13207
13208,ml,dev_13208
13209,web,dev_13209
13210,web,dev_13210
13211,ml,dev_13211
13212,web,dev_13212
13213,web,dev_13213
13214,ml,dev_13214
13215,ml,dev_13215
13216,web,dev_13216
13217,web,dev_13217
13218,ml,dev_13218
13219,ml,dev_13219
13220,ml,dev_13220
13221,ml,dev_13221
13222,ml,dev_13222
13223,ml,dev_13223
13224,ml,dev_13224
13225,web,dev_13225
13226,web,dev_13226
13227,ml,dev_13227
13228,web,dev_13228
13229,ml,dev_13229
13230,ml,dev_13230
13231,web,dev_13231
13232,web,dev_13232
13233,web,dev_13233
13234,web,dev_13234
13235,ml,dev_13235
13236,ml,dev_13236
13237,ml,dev_13237
13238,web,dev_13238
13239,web,dev_13239
13240,web,dev_13240
13241,ml,dev_13241
13242,web,dev_13242
13243,ml,dev_13243
13244,web,dev_13244
13245,ml,dev_13245
13246,web,dev_13246
13247,ml,dev_13247
13248,web,dev_13248
13249,ml,dev_13249
13250,ml,dev_13250
13251,web,dev_13251
13252,web,dev_13252
13253,ml,dev_13253
13254,ml,dev_13254
13255,ml,dev_13255
13256,ml,dev_13256
13257,ml,dev_13257
13258,ml,dev_13258
13259,web,dev_13259
13260,web,dev_13260
13261,web,dev_13261
13262,ml,dev_13262
13263,ml,dev_13263
13264,ml,dev_13264
13265,ml,dev_13265
13266,ml,dev_13266
13267,web,dev_13267
13268,ml,dev_13268
13269,ml,dev_13269
13270,web,dev_13270
13271,ml,dev_13271
13272,ml,dev_13272
13273,web,dev_13273
13274,ml,dev_13274
13275,ml,dev_13275
13276,web,dev_13276
13277,ml,dev_13277
13278,web,dev_13278
13279,ml,dev_13279
13280,web,dev_13280
13281,web,dev_13281
13282,web,dev_13282
13283,ml,dev_13283
13284,web,dev_13284
13285,web,dev_13285
13286,ml,dev_13286
13287,ml,dev_13287
13288,ml,dev_13288
13289,web,dev_13289
13290,ml,dev_13290
13291,web,dev_13291
13292,ml,dev_13292
13293,ml,dev_13293
13294,web,dev_13294
13295,ml,dev_13295
13296,ml,dev_13296
13297,web,dev_13297
13298,web,dev_13298
13299,ml,dev_13299
13300,web,dev_13300
13301,ml,dev_13301
13302,web,dev_13302
13303,ml,dev_13303
13304,ml,dev_13304
13305,ml,dev_13305
13306,web,dev_13306
13307,web,dev_13307
13308,ml,dev_13308
13309,ml,dev_13309
13310,web,dev_13310
13311,ml,dev_13311
13312,ml,dev_13312
13313,web,dev_13313
13314,ml,dev_13314
13315,ml,dev_13315
13316,ml,dev_13316
13317,ml,dev_13317
13318,web,dev_13318
13319,ml,dev_13319
13320,web,dev_13320
13321,ml,dev_13321
13322,ml,dev_13322
13323,web,dev_13323
13324,ml,dev_13324
13325,web,dev_13325
13326,web,dev_13326
13327,ml,dev_13327
13328,web,dev_13328
13329,ml,dev_13329
13330,web,dev_13330
13331,ml,dev_13331
13332,web,dev_13332
13333,web,dev_13333
13334,ml,dev_13334
13335,ml,dev_13335
13336,ml,dev_13336
13337,ml,dev_13337
13338,ml,dev_13338
13339,ml,dev_13339
13340,ml,dev_13340
13341,ml,dev_13341
13342,web,dev_13342
13343,ml,dev_13343
13344,ml,dev_13344
13345,web,dev_13345
13346,web,dev_13346
13347,web,dev_13347
13348,ml,dev_13348
13349,ml,dev_13349
13350,web,dev_13350
13351,web,dev_13351
13352,ml,dev_13352
13353,ml,dev_13353
13354,web,dev_13354
13355,ml,dev_13355
13356,web,dev_13356
13357,ml,dev_13357
13358,web,dev_13358
13359,ml,dev_13359
13360,ml,dev_13360
13361,ml,dev_13361
13362,ml,dev_13362
13363,ml,dev_13363
13364,web,dev_13364
13365,web,dev_13365
13366,ml,dev_13366
13367,web,dev_13367
13368,ml,dev_13368
13369,web,dev_13369
13370,ml,dev_13370
13371,ml,dev_13371
13372,ml,dev_13372
13373,ml,dev_13373
13374,ml,dev_13374
13375,web,dev_13375
13376,ml,dev_13376
13377,web,dev_13377
13378,web,dev_13378
13379,ml,dev_13379
13380,ml,dev_13380
13381,ml,dev_13381
13382,web,dev_13382
13383,ml,dev_13383
13384,ml,dev_13384
13385,web,dev_13385
13386,web,dev_13386
13387,web,dev_13387
13388,ml,dev_13388
13389,ml,dev_13389
13390,ml,dev_13390
13391,web,dev_13391
13392,ml,dev_13392
13393,web,dev_13393
13394,ml,dev_13394
13395,web,dev_13395
13396,web,dev_13396
13397,ml,dev_13397
13398,ml,dev_13398
13399,ml,dev_13399
13400,web,dev_13400
13401,ml,dev_13401
13402,web,dev_13402
13403,ml,dev_13403
13404,ml,dev_13404
13405,web,dev_13405
13406,web,dev_13406
13407,web,dev_13407
13408,web,dev_13408
13409,web,dev_13409
13410,ml,dev_13410
13411,web,dev_13411
13412,ml,dev_13412
13413,ml,dev_13413
13414,ml,dev_13414
13415,web,dev_13415
13416,ml,dev_13416
13417,ml,dev_13417
13418,web,dev_13418
13419,ml,dev_13419
13420,web,dev_13420
13421,ml,dev_13421
13422,web,dev_13422
13423,web,dev_13423
13424,web,dev_13424
13425,ml,dev_13425
13426,ml,dev_13426
13427,web,dev_13427
13428,web,dev_13428
13429,web,dev_13429
13430,ml,dev_13430
13431,ml,dev_13431
13432,ml,dev_13432
13433,ml,dev_13433
13434,web,dev_13434
13435,web,dev_13435
13436,ml,dev_13436
13437,web,dev_13437
13438,web,dev_13438
13439,web,dev_13439
13440,ml,dev_13440
13441,web,dev_13441
13442,web,dev_13442
13443,ml,dev_13443
13444,ml,dev_13444
13445,web,dev_13445
13446,web,dev_13446
13447,ml,dev_13447
13448,ml,dev_13448
13449,web,dev_13449
13450,web,dev_13450
13451,web,dev_13451
13452,ml,dev_13452
13453,ml,dev_13453
13454,web,dev_13454
13455,ml,dev_13455
13456,ml,dev_13456
13457,ml,dev_13457
13458,ml,dev_13458
13459,web,dev_13459
13460,ml,dev_13460
13461,ml,dev_13461
13462,ml,dev_13462
13463,ml,dev_13463
13464,ml,dev_13464
13465,web,dev_13465
13466,web,dev_13466
13467,ml,dev_13467
13468,ml,dev_13468
13469,ml,dev_13469
13470,ml,dev_13470
13471,ml,dev_13471
13472,ml,dev_13472
13473,web,dev_13473
13474,ml,dev_13474
13475,web,dev_13475
13476,web,dev_13476
13477,ml,dev_13477
13478,ml,dev_13478
13479,web,dev_13479
13480,ml,dev_13480
13481,ml,dev_13481
13482,ml,dev_13482
13483,web,dev_13483
13484,web,dev_13484
13485,web,dev_13485
13486,web,dev_13486
13487,web,dev_13487
13488,ml,dev_13488
13489,web,dev_13489
13490,ml,dev_13490
13491,ml,dev_13491
13492,web,dev_13492
13493,web,dev_13493
13494,web,dev_13494
13495,web,dev_13495
13496,web,dev_13496
13497,ml,dev_13497
13498,web,dev_13498
13499,web,dev_13499
13500,ml,dev_13500
13501,ml,dev_13501
13502,web,dev_13502
13503,ml,dev_13503
13504,web,dev_13504
13505,web,dev_13505
13506,ml,dev_13506
13507,ml,dev_13507
13508,web,dev_13508
13509,web,dev_13509
13510,web,dev_13510
13511,web,dev_13511
13512,ml,dev_13512
13513,ml,dev_13513
13514,ml,dev_13514
13515,web,dev_13515
13516,web,dev_13516
13517,web,dev_13517
13518,web,dev_13518
13519,ml,dev_13519
13520,web,dev_13520
13521,web,dev_13521
13522,ml,dev_13522
13523,ml,dev_13523
13524,web,dev_13524
13525,web,dev_13525
13526,web,dev_13526
13527,web,dev_13527
13528,web,dev_13528
13529,web,dev_13529
13530,web,dev_13530
13531,ml,dev_13531
13532,web,dev_13532
13533,ml,dev_13533
13534,ml,dev_13534
13535,ml,dev_13535
13536,web,dev_13536
13537,ml,dev_13537
13538,web,dev_13538
13539,ml,dev_13539
13540,ml,dev_13540
13541,web,dev_13541
13542,web,dev_13542
13543,web,dev_13543
13544,ml,dev_13544
13545,ml,dev_13545
13546,web,dev_13546
13547,ml,dev_13547
13548,web,dev_13548
13549,ml,dev_13549
13550,ml,dev_13550
13551,web,dev_13551
13552,web,dev_13552
13553,ml,dev_13553
13554,web,dev_13554
13555,ml,dev_13555
13556,web,dev_13556
13557,web,dev_13557
13558,web,dev_13558
13559,web,dev_13559
13560,web,dev_13560
13561,web,dev_13561
13562,web,dev_13562
13563,ml,dev_13563
13564,ml,dev_13564
13565,web,dev_13565
13566,ml,dev_13566
13567,ml,dev_13567
13568,ml,dev_13568
13569,web,dev_13569
13570,web,dev_13570
13571,web,dev_13571
13572,web,dev_13572
13573,web,dev_13573
13574,ml,dev_13574
13575,web,dev_13575
13576,web,dev_13576
13577,ml,dev_13577
13578,web,dev_13578
13579,web,dev_13579
13580,web,dev_13580
13581,web,dev_13581
13582,ml,dev_13582
13583,web,dev_13583
13584,web,dev_13584
13585,ml,dev_13585
13586,web,dev_13586
13587,ml,dev_13587
13588,web,dev_13588
13589,web,dev_13589
13590,web,dev_13590
13591,web,dev_13591
13592,ml,dev_13592
13593,ml,dev_13593
13594,ml,dev_13594
13595,ml,dev_13595
13596,web,dev_13596
13597,ml,dev_13597
13598,ml,dev_13598
13599,ml,dev_13599
13600,web,dev_13600
13601,ml,dev_13601
13602,web,dev_13602
13603,ml,dev_13603
13604,ml,dev_13604
13605,ml,dev_13605
13606,ml,dev_13606
13607,ml,dev_13607
13608,ml,dev_13608
13609,ml,dev_13609
13610,web,dev_13610
13611,web,dev_13611
13612,ml,dev_13612
13613,ml,dev_13613
13614,web,dev_13614
13615,ml,dev_13615
13616,web,dev_13616
13617,ml,dev_13617
13618,web,dev_13618
13619,ml,dev_13619
13620,ml,dev_13620
13621,ml,dev_13621
13622,web,dev_13622
13623,web,dev_13623
13624,ml,dev_13624
13625,ml,dev_13625
13626,web,dev_13626
13627,ml,dev_13627
13628,web,dev_13628
13629,ml,dev_13629
13630,ml,dev_13630
13631,web,dev_13631
13632,web,dev_13632
13633,web,dev_13633
13634,web,dev_13634
13635,web,dev_13635
13636,web,dev_13636
13637,ml,dev_13637
13638,web,dev_13638
13639,web,dev_13639
13640,ml,dev_13640
13641,web,dev_13641
13642,ml,dev_13642
13643,ml,dev_13643
13644,web,dev_13644
13645,ml,dev_13645
13646,web,dev_13646
13647,web,dev_13647
13648,web,dev_13648
13649,ml,dev_13649
13650,web,dev_13650
13651,web,dev_13651
13652,ml,dev_13652
13653,web,dev_13653
13654,web,dev_13654
13655,web,dev_13655
13656,ml,dev_13656
13657,web,dev_13657
13658,ml,dev_13658
13659,ml,dev_13659
13660,ml,dev_13660
13661,web,dev_13661
13662,web,dev_13662
13663,web,dev_13663
13664,ml,dev_13664
13665,ml,dev_13665
13666,ml,dev_13666
13667,web,dev_13667
13668,web,dev_13668
13669,web,dev_13669
13670,ml,dev_13670
13671,web,dev_13671
13672,web,dev_13672
13673,ml,dev_13673
13674,web,dev_13674
13675,ml,dev_13675
13676,web,dev_13676
13677,web,dev_13677
13678,web,dev_13678
13679,ml,dev_13679
13680,ml,dev_13680
13681,ml,dev_13681
13682,ml,dev_13682
13683,web,dev_13683
13684,web,dev_13684
13685,ml,dev_13685
13686,web,dev_13686
13687,ml,dev_13687
13688,web,dev_13688
13689,ml,dev_13689
13690,web,dev_13690
13691,web,dev_13691
13692,web,dev_13692
13693,ml,dev_13693
13694,ml,dev_13694
13695,web,dev_13695
13696,web,dev_13696
13697,ml,dev_13697
13698,web,dev_13698
13699,web,dev_13699
13700,ml,dev_13700
13701,web,dev_13701
13702,web,dev_13702
13703,ml,dev_13703
13704,web,dev_13704
13705,ml,dev_13705
13706,web,dev_13706
13707,web,dev_13707
13708,ml,dev_13708
13709,ml,dev_13709
13710,ml,dev_13710
13711,ml,dev_13711
13712,ml,dev_13712
13713,ml,dev_13713
13714,ml,dev_13714
13715,ml,dev_13715
13716,web,dev_13716
13717,ml,dev_13717
13718,ml,dev_13718
13719,web,dev_13719
13720,ml,dev_13720
13721,web,dev_13721
13722,ml,dev_13722
13723,ml,dev_13723
13724,web,dev_13724
13725,web,dev_13725
13726,ml,dev_13726
13727,ml,dev_13727
13728,ml,dev_13728
13729,ml,dev_13729
13730,ml,dev_13730
13731,web,dev_13731
13732,ml,dev_13732
13733,ml,dev_13733
13734,ml,dev_13734
13735,ml,dev_13735
13736,ml,dev_13736
13737,ml,dev_13737
13738,ml,dev_13738
13739,ml,dev_13739
13740,ml,dev_13740
13741,web,dev_13741
13742,ml,dev_13742
13743,ml,dev_13743
13744,ml,dev_13744
13745,ml,dev_13745
13746,ml,dev_13746
13747,web,dev_13747
13748,ml,dev_13748
13749,web,dev_13749
13750,web,dev_13750
13751,ml,dev_13751
13752,web,dev_13752
13753,web,dev_13753
13754,web,dev_13754
13755,ml,dev_13755
13756,ml,dev_13756
13757,web,dev_13757
13758,ml,dev_13758
13759,ml,dev_13759
13760,ml,dev_13760
13761,web,dev_13761
13762,ml,dev_13762
13763,ml,dev_13763
13764,web,dev_13764
13765,web,dev_13765
13766,web,dev_13766
13767,web,dev_13767
13768,ml,dev_13768
13769,ml,dev_13769
13770,web,dev_13770
13771,web,dev_13771
13772,web,dev_13772
13773,web,dev_13773
13774,ml,dev_13774
13775,ml,dev_13775
13776,web,dev_13776
13777,web,dev_13777
13778,ml,dev_13778
13779,web,dev_13779
13780,ml,dev_13780
13781,ml,dev_13781
13782,ml,dev_13782
13783,ml,dev_13783
13784,web,dev_13784
13785,web,dev_13785
13786,ml,dev_13786
13787,web,dev_13787
13788,web,dev_13788
13789,web,dev_13789
13790,web,dev_13790
13791,ml,dev_13791
13792,ml,dev_13792
13793,web,dev_13793
13794,ml,dev_13794
13795,web,dev_13795
13796,web,dev_13796
13797,ml,dev_13797
13798,ml,dev_13798
13799,ml,dev_13799
13800,web,dev_13800
13801,web,dev_13801
13802,ml,dev_13802
13803,web,dev_13803
13804,web,dev_13804
13805,ml,dev_13805
13806,web,dev_13806
13807,ml,dev_13807
13808,ml,dev_13808
13809,ml,dev_13809
13810,web,dev_13810
13811,ml,dev_13811
13812,ml,dev_13812
13813,ml,dev_13813
13814,ml,dev_13814
13815,ml,dev_13815
13816,web,dev_13816
13817,web,dev_13817
13818,ml,dev_13818
13819,ml,dev_13819
13820,ml,dev_13820
13821,ml,dev_13821
13822,ml,dev_13822
13823,web,dev_13823
13824,ml,dev_13824
13825,ml,dev_13825
13826,ml,dev_13826
13827,web,dev_13827
13828,ml,dev_13828
13829,web,dev_13829
13830,web,dev_13830
13831,web,dev_13831
13832,ml,dev_13832
13833,ml,dev_13833
13834,ml,dev_13834
13835,web,dev_13835
13836,web,dev_13836
13837,ml,dev_13837
13838,web,dev_13838
13839,ml,dev_13839
13840,ml,dev_13840
13841,web,dev_13841
13842,ml,dev_13842
13843,ml,dev_13843
13844,ml,dev_13844
13845,ml,dev_13845
13846,ml,dev_13846
13847,web,dev_13847
13848,ml,dev_13848
13849,ml,dev_13849
13850,web,dev_13850
13851,ml,dev_13851
13852,ml,dev_13852
13853,web,dev_13853
13854,ml,dev_13854
13855,web,dev_13855
13856,web,dev_13856
13857,ml,dev_13857
13858,web,dev_13858
13859,web,dev_13859
13860,web,dev_13860
13861,web,dev_13861
13862,ml,dev_13862
13863,web,dev_13863
13864,web,dev_13864
13865,web,dev_13865
13866,ml,dev_13866
13867,ml,dev_13867
13868,web,dev_13868
13869,ml,dev_13869
13870,ml,dev_13870
13871,web,dev_13871
13872,web,dev_13872
13873,web,dev_13873
13874,web,dev_13874
13875,ml,dev_13875
13876,ml,dev_13876
13877,ml,dev_13877
13878,web,dev_13878
13879,ml,dev_13879
13880,ml,dev_13880
13881,web,dev_13881
13882,ml,dev_13882
13883,ml,dev_13883
13884,web,dev_13884
13885,web,dev_13885
13886,ml,dev_13886
13887,web,dev_13887
13888,ml,dev_13888
13889,web,dev_13889
13890,web,dev_13890
13891,web,dev_13891
13892,ml,dev_13892
13893,web,dev_13893
13894,ml,dev_13894
13895,web,dev_13895
13896,ml,dev_13896
13897,ml,dev_13897
13898,web,dev_13898
13899,web,dev_13899
13900,ml,dev_13900
13901,ml,dev_13901
13902,web,dev_13902
13903,web,dev_13903
13904,web,dev_13904
13905,ml,dev_13905
13906,ml,dev_13906
13907,ml,dev_13907
13908,web,dev_13908
13909,web,dev_13909
13910,ml,dev_13910
13911,ml,dev_13911
13912,web,dev_13912
13913,web,dev_13913
13914,web,dev_13914
13915,web,dev_13915
13916,ml,dev_13916
13917,ml,dev_13917
13918,web,dev_13918
13919,ml,dev_13919
13920,web,dev_13920
13921,web,dev_13921
13922,ml,dev_13922
13923,web,dev_13923
13924,ml,dev_13924
13925,ml,dev_13925
13926,ml,dev_13926
13927,web,dev_13927
13928,web,dev_13928
13929,ml,dev_13929
13930,web,dev_13930
13931,ml,dev_13931
13932,ml,dev_13932
13933,web,dev_13933
13934,ml,dev_13934
13935,web,dev_13935
13936,web,dev_13936
13937,web,dev_13937
13938,ml,dev_13938
13939,web,dev_13939
13940,ml,dev_13940
13941,ml,dev_13941
13942,web,dev_13942
13943,ml,dev_13943
13944,web,dev_13944
13945,ml,dev_13945
13946,ml,dev_13946
13947,ml,dev_13947
13948,ml,dev_13948
13949,ml,dev_13949
13950,web,dev_13950
13951,ml,dev_13951
13952,ml,dev_13952
13953,web,dev_13953
13954,web,dev_13954
13955,ml,dev_13955
13956,web,dev_13956
13957,web,dev_13957
13958,web,dev_13958
13959,ml,dev_13959
13960,ml,dev_13960
13961,web,dev_13961
13962,ml,dev_13962
13963,ml,dev_13963
13964,ml,dev_13964
13965,web,dev_13965
13966,ml,dev_13966
13967,ml,dev_13967
13968,ml,dev_13968
13969,web,dev_13969
13970,web,dev_13970
13971,web,dev_13971
13972,ml,dev_13972
13973,ml,dev_13973
13974,web,dev_13974
13975,ml,dev_13975
13976,web,dev_13976
13977,web,dev_13977
13978,ml,dev_13978
13979,web,dev_13979
13980,ml,dev_13980
13981,ml,dev_13981
13982,web,dev_13982
13983,web,dev_13983
13984,web,dev_13984
13985,ml,dev_13985
13986,web,dev_13986
13987,ml,dev_13987
13988,ml,dev_13988
13989,ml,dev_13989
13990,web,dev_13990
13991,web,dev_13991
13992,ml,dev_13992
13993,ml,dev_13993
13994,ml,dev_13994
13995,web,dev_13995
13996,web,dev_13996
13997,ml,dev_13997
13998,ml,dev_13998
13999,web,dev_13999
14000,web,dev_14000
14001,web,dev_14001
14002,web,dev_14002
14003,ml,dev_14003
14004,ml,dev_14004
14005,web,dev_14005
14006,ml,dev_14006
14007,ml,dev_14007
14008,ml,dev_14008
14009,web,dev_14009
14010,web,dev_14010
14011,ml,dev_14011
14012,web,dev_14012
14013,ml,dev_14013
14014,web,dev_14014
14015,ml,dev_14015
14016,web,dev_14016
14017,ml,dev_14017
14018,web,dev_14018
14019,ml,dev_14019
14020,web,dev_14020
14021,ml,dev_14021
14022,web,dev_14022
14023,ml,dev_14023
14024,web,dev_14024
14025,ml,dev_14025
14026,web,dev_14026
14027,ml,dev_14027
14028,web,dev_14028
14029,ml,dev_14029
14030,web,dev_14030
14031,ml,dev_14031
14032,ml,dev_14032
14033,ml,dev_14033
14034,ml,dev_14034
14035,web,dev_14035
14036,web,dev_14036
14037,web,dev_14037
14038,web,dev_14038
14039,web,dev_14039
14040,web,dev_14040
14041,web,dev_14041
14042,ml,dev_14042
14043,web,dev_14043
14044,web,dev_14044
14045,web,dev_14045
14046,ml,dev_14046
14047,ml,dev_14047
14048,ml,dev_14048
14049,web,dev_14049
14050,web,dev_14050
14051,ml,dev_14051
14052,ml,dev_14052
14053,web,dev_14053
14054,web,dev_14054
14055,ml,dev_14055
14056,web,dev_14056
14057,ml,dev_14057
14058,web,dev_14058
14059,web,dev_14059
14060,ml,dev_14060
14061,web,dev_14061
14062,ml,dev_14062
14063,web,dev_14063
14064,ml,dev_14064
14065,ml,dev_14065
14066,ml,dev_14066
14067,web,dev_14067
14068,web,dev_14068
14069,ml,dev_14069
14070,web,dev_14070
14071,web,dev_14071
14072,ml,dev_14072
14073,ml,dev_14073
14074,ml,dev_14074
14075,ml,dev_14075
14076,web,dev_14076
14077,web,dev_14077
14078,ml,dev_14078
14079,web,dev_14079
14080,ml,dev_14080
14081,ml,dev_14081
14082,web,dev_14082
14083,web,dev_14083
14084,ml,dev_14084
14085,ml,dev_14085
14086,web,dev_14086
14087,ml,dev_14087
14088,ml,dev_14088
14089,web,dev_14089
14090,ml,dev_14090
14091,web,dev_14091
14092,ml,dev_14092
14093,ml,dev_14093
14094,ml,dev_14094
14095,ml,dev_14095
14096,web,dev_14096
14097,ml,dev_14097
14098,ml,dev_14098
14099,ml,dev_14099
14100,ml,dev_14100
14101,ml,dev_14101
14102,ml,dev_14102
14103,ml,dev_14103
14104,ml,dev_14104
14105,ml,dev_14105
14106,web,dev_14106
14107,ml,dev_14107
14108,web,dev_14108
14109,ml,dev_14109
14110,ml,dev_14110
14111,web,dev_14111
14112,web,dev_14112
14113,ml,dev_14113
14114,ml,dev_14114
14115,ml,dev_14115
14116,web,dev_14116
14117,web,dev_14117
14118,ml,dev_14118
14119,web,dev_14119
14120,web,dev_14120
14121,web,dev_14121
14122,ml,dev_14122
14123,web,dev_14123
14124,ml,dev_14124
14125,ml,dev_14125
14126,web,dev_14126
14127,ml,dev_14127
14128,web,dev_14128
14129,web,dev_14129
14130,ml,dev_14130
14131,web,dev_14131
14132,ml,dev_14132
14133,ml,dev_14133
14134,web,dev_14134
14135,web,dev_14135
14136,web,dev_14136
14137,ml,dev_14137
14138,web,dev_14138
14139,web,dev_14139
14140,web,dev_14140
14141,web,dev_14141
14142,ml,dev_14142
14143,web,dev_14143
14144,web,dev_14144
14145,ml,dev_14145
14146,ml,dev_14146
14147,web,dev_14147
14148,web,dev_14148
14149,ml,dev_14149
14150,ml,dev_14150
14151,ml,dev_14151
14152,ml,dev_14152
14153,web,dev_14153
14154,ml,dev_14154
14155,web,dev_14155
14156,ml,dev_14156
14157,web,dev_14157
14158,ml,dev_14158
14159,web,dev_14159
14160,ml,dev_14160
14161,web,dev_14161
14162,ml,dev_14162
14163,web,dev_14163
14164,web,dev_14164
14165,web,dev_14165
14166,ml,dev_14166
14167,web,dev_14167
14168,ml,dev_14168
14169,ml,dev_14169
14170,ml,dev_14170
14171,ml,dev_14171
14172,ml,dev_14172
14173,web,dev_14173
14174,ml,dev_14174
14175,ml,dev_14175
14176,ml,dev_14176
14177,ml,dev_14177
14178,ml,dev_14178
14179,web,dev_14179
14180,web,dev_14180
14181,web,dev_14181
14182,web,dev_14182
14183,ml,dev_14183
14184,ml,dev_14184
14185,web,dev_14185
14186,ml,dev_14186
14187,web,dev_14187
14188,ml,dev_14188
14189,ml,dev_14189
14190,ml,dev_14190
14191,ml,dev_14191
14192,web,dev_14192
14193,web,dev_14193
14194,web,dev_14194
14195,web,dev_14195
14196,web,dev_14196
14197,ml,dev_14197
14198,web,dev_14198
14199,ml,dev_14199
14200,web,dev_14200
14201,ml,dev_14201
14202,web,dev_14202
14203,web,dev_14203
14204,web,dev_14204
14205,ml,dev_14205
14206,web,dev_14206
14207,web,dev_14207
14208,web,dev_14208
14209,web,dev_14209
14210,web,dev_14210
14211,web,dev_14211
14212,web,dev_14212
14213,ml,dev_14213
14214,web,dev_14214
14215,ml,dev_14215
14216,web,dev_14216
14217,ml,dev_14217
14218,ml,dev_14218
14219,web,dev_14219
14220,ml,dev_14220
14221,ml,dev_14221
14222,ml,dev_14222
14223,ml,dev_14223
14224,web,dev_14224
14225,ml,dev_14225
14226,web,dev_14226
14227,web,dev_14227
14228,ml,dev_14228
14229,ml,dev_14229
14230,web,dev_14230
14231,web,dev_14231
14232,web,dev_14232
14233,web,dev_14233
14234,web,dev_14234
14235,ml,dev_14235
14236,ml,dev_14236
14237,web,dev_14237
14238,ml,dev_14238
14239,ml,dev_14239
14240,ml,dev_14240
14241,web,dev_14241
14242,ml,dev_14242
14243,web,dev_14243
14244,ml,dev_14244
14245,ml,dev_14245
14246,web,dev_14246
14247,web,dev_14247
14248,web,dev_14248
14249,ml,dev_14249
14250,ml,dev_14250
14251,web,dev_14251
14252,ml,dev_14252
14253,ml,dev_14253
14254,web,dev_14254
14255,web,dev_14255
14256,ml,dev_14256
14257,ml,dev_14257
14258,web,dev_14258
14259,ml,dev_14259
14260,ml,dev_14260
14261,ml,dev_14261
14262,web,dev_14262
14263,web,dev_14263
14264,ml,dev_14264
14265,ml,dev_14265
14266,ml,dev_14266
14267,web,dev_14267
14268,web,dev_14268
14269,ml,dev_14269
14270,web,dev_14270
14271,ml,dev_14271
14272,ml,dev_14272
14273,web,dev_14273
14274,ml,dev_14274
14275,web,dev_14275
14276,web,dev_14276
14277,ml,dev_14277
14278,web,dev_14278
14279,ml,dev_14279
14280,web,dev_14280
14281,ml,dev_14281
14282,ml,dev_14282
14283,web,dev_14283
14284,ml,dev_14284
14285,ml,dev_14285
14286,web,dev_14286
14287,web,dev_14287
14288,web,dev_14288
14289,ml,dev_14289
14290,web,dev_14290
14291,web,dev_14291
14292,web,dev_14292
14293,web,dev_14293
14294,web,dev_14294
14295,ml,dev_14295
14296,web,dev_14296
14297,web,dev_14297
14298,ml,dev_14298
14299,ml,dev_14299
14300,web,dev_14300
14301,ml,dev_14301
14302,web,dev_14302
14303,ml,dev_14303
14304,web,dev_14304
14305,ml,dev_14305
14306,ml,dev_14306
14307,web,dev_14307
14308,ml,dev_14308
14309,ml,dev_14309
14310,ml,dev_14310
14311,web,dev_14311
14312,ml,dev_14312
14313,web,dev_14313
14314,web,dev_14314
14315,ml,dev_14315
14316,ml,dev_14316
14317,web,dev_14317
14318,ml,dev_14318
14319,web,dev_14319
14320,web,dev_14320
14321,ml,dev_14321
14322,ml,dev_14322
14323,ml,dev_14323
14324,ml,dev_14324
14325,web,dev_14325
14326,web,dev_14326
14327,web,dev_14327
14328,ml,dev_14328
14329,ml,dev_14329
14330,web,dev_14330
14331,web,dev_14331
14332,web,dev_14332
14333,ml,dev_14333
14334,ml,dev_14334
14335,web,dev_14335
14336,ml,dev_14336
14337,web,dev_14337
14338,ml,dev_14338
14339,ml,dev_14339
14340,ml,dev_14340
14341,web,dev_14341
14342,web,dev_14342
14343,ml,dev_14343
14344,ml,dev_14344
14345,web,dev_14345
14346,web,dev_14346
14347,web,dev_14347
14348,web,dev_14348
14349,web,dev_14349
14350,ml,dev_14350
14351,ml,dev_14351
14352,web,dev_14352
14353,web,dev_14353
14354,web,dev_14354
14355,ml,dev_14355
14356,ml,dev_14356
14357,web,dev_14357
14358,web,dev_14358
14359,web,dev_14359
14360,ml,dev_14360
14361,ml,dev_14361
14362,ml,dev_14362
14363,web,dev_14363
14364,web,dev_14364
14365,web,dev_14365
14366,web,dev_14366
14367,ml,dev_14367
14368,web,dev_14368
14369,ml,dev_14369
14370,ml,dev_14370
14371,web,dev_14371
14372,web,dev_14372
14373,web,dev_14373
14374,ml,dev_14374
14375,ml,dev_14375
14376,ml,dev_14376
14377,web,dev_14377
14378,web,dev_14378
14379,web,dev_14379
14380,web,dev_14380
14381,ml,dev_14381
14382,web,dev_14382
14383,ml,dev_14383
14384,web,dev_14384
14385,web,dev_14385
14386,web,dev_14386
14387,ml,dev_14387
14388,web,dev_14388
14389,ml,dev_14389
14390,ml,dev_14390
14391,web,dev_14391
14392,web,dev_14392
14393,ml,dev_14393
14394,ml,dev_14394
14395,web,dev_14395
14396,ml,dev_14396
14397,ml,dev_14397
14398,web,dev_14398
14399,ml,dev_14399
14400,web,dev_14400
14401,ml,dev_14401
14402,web,dev_14402
14403,web,dev_14403
14404,ml,dev_14404
14405,web,dev_14405
14406,ml,dev_14406
14407,ml,dev_14407
14408,ml,dev_14408
14409,ml,dev_14409
14410,ml,dev_14410
14411,web,dev_14411
14412,ml,dev_14412
14413,web,dev_14413
14414,web,dev_14414
14415,ml,dev_14415
14416,web,dev_14416
14417,web,dev_14417
14418,ml,dev_14418
14419,web,dev_14419
14420,web,dev_14420
14421,ml,dev_14421
14422,web,dev_14422
14423,ml,dev_14423
14424,ml,dev_14424
14425,ml,dev_14425
14426,web,dev_14426
14427,ml,dev_14427
14428,web,dev_14428
14429,ml,dev_14429
14430,web,dev_14430
14431,ml,dev_14431
14432,ml,dev_14432
14433,web,dev_14433
14434,web,dev_14434
14435,ml,dev_14435
14436,web,dev_14436
14437,ml,dev_14437
14438,ml,dev_14438
14439,ml,dev_14439
14440,web,dev_14440
14441,ml,dev_14441
14442,web,dev_14442
14443,ml,dev_14443
14444,ml,dev_14444
14445,web,dev_14445
14446,ml,dev_14446
14447,web,dev_14447
14448,ml,dev_14448
14449,ml,dev_14449
14450,ml,dev_14450
14451,web,dev_14451
14452,web,dev_14452
14453,web,dev_14453
14454,ml,dev_14454
14455,ml,dev_14455
14456,ml,dev_14456
14457,ml,dev_14457
14458,web,dev_14458
14459,ml,dev_14459
14460,web,dev_14460
14461,ml,dev_14461
14462,ml,dev_14462
14463,ml,dev_14463
14464,web,dev_14464
14465,ml,dev_14465
14466,web,dev_14466
14467,web,dev_14467
14468,web,dev_14468
14469,ml,dev_14469
14470,ml,dev_14470
14471,web,dev_14471
14472,ml,dev_14472
14473,ml,dev_14473
14474,ml,dev_14474
14475,ml,dev_14475
14476,web,dev_14476
14477,ml,dev_14477
14478,web,dev_14478
14479,ml,dev_14479
14480,ml,dev_14480
14481,ml,dev_14481
14482,ml,dev_14482
14483,ml,dev_14483
14484,ml,dev_14484
14485,web,dev_14485
14486,ml,dev_14486
14487,ml,dev_14487
14488,ml,dev_14488
14489,web,dev_14489
14490,web,dev_14490
14491,ml,dev_14491
14492,ml,dev_14492
14493,ml,dev_14493
14494,ml,dev_14494
14495,ml,dev_14495
14496,ml,dev_14496
14497,web,dev_14497
14498,web,dev_14498
14499,web,dev_14499
14500,ml,dev_14500
14501,ml,dev_14501
14502,web,dev_14502
14503,web,dev_14503
14504,ml,dev_14504
14505,web,dev_14505
14506,ml,dev_14506
14507,ml,dev_14507
14508,ml,dev_14508
14509,ml,dev_14509
14510,web,dev_14510
14511,web,dev_14511
14512,ml,dev_14512
14513,web,dev_14513
14514,ml,dev_14514
14515,web,dev_14515
14516,web,dev_14516
14517,web,dev_14517
14518,ml,dev_14518
14519,web,dev_14519
14520,web,dev_14520
14521,web,dev_14521
14522,web,dev_14522
14523,ml,dev_14523
14524,web,dev_14524
14525,web,dev_14525
14526,web,dev_14526
14527,ml,dev_14527
14528,web,dev_14528
14529,web,dev_14529
14530,ml,dev_14530
14531,ml,dev_14531
14532,ml,dev_14532
14533,ml,dev_14533
14534,ml,dev_14534
14535,web,dev_14535
14536,web,dev_14536
14537,web,dev_14537
14538,ml,dev_14538
14539,web,dev_14539
14540,web,dev_14540
14541,web,dev_14541
14542,web,dev_14542
14543,web,dev_14543
14544,web,dev_14544
14545,ml,dev_14545
14546,web,dev_14546
14547,ml,dev_14547
14548,ml,dev_14548
14549,web,dev_14549
14550,ml,dev_14550
14551,ml,dev_14551
14552,ml,dev_14552
14553,ml,dev_14553
14554,web,dev_14554
14555,ml,dev_14555
14556,web,dev_14556
14557,web,dev_14557
14558,ml,dev_14558
14559,ml,dev_14559
14560,web,dev_14560
14561,ml,dev_14561
14562,web,dev_14562
14563,ml,dev_14563
14564,ml,dev_14564
14565,ml,dev_14565
14566,web,dev_14566
14567,web,dev_14567
14568,web,dev_14568
14569,ml,dev_14569
14570,web,dev_14570
14571,ml,dev_14571
14572,ml,dev_14572
14573,ml,dev_14573
14574,web,dev_14574
14575,ml,dev_14575
14576,ml,dev_14576
14577,ml,dev_14577
14578,web,dev_14578
14579,web,dev_14579
14580,ml,dev_14580
14581,ml,dev_14581
14582,ml,dev_14582
14583,ml,dev_14583
14584,web,dev_14584
14585,web,dev_14585
14586,ml,dev_14586
14587,ml,dev_14587
14588,ml,dev_14588
14589,web,dev_14589
14590,web,dev_14590
14591,ml,dev_14591
14592,ml,dev_14592
14593,web,dev_14593
14594,ml,dev_14594
14595,web,dev_14595
14596,ml,dev_14596
14597,web,dev_14597
14598,web,dev_14598
14599,web,dev_14599
14600,ml,dev_14600
14601,web,dev_14601
14602,web,dev_14602
14603,web,dev_14603
14604,web,dev_14604
14605,web,dev_14605
14606,web,dev_14606
14607,ml,dev_14607
14608,web,dev_14608
14609,ml,dev_14609
14610,ml,dev_14610
14611,ml,dev_14611
14612,ml,dev_14612
14613,web,dev_14613
14614,web,dev_14614
14615,ml,dev_14615
14616,ml,dev_14616
14617,web,dev_14617
14618,web,dev_14618
14619,web,dev_14619
14620,web,dev_14620
14621,ml,dev_14621
14622,web,dev_14622
14623,ml,dev_14623
14624,web,dev_14624
14625,web,dev_14625
14626,web,dev_14626
14627,web,dev_14627
14628,web,dev_14628
14629,ml,dev_14629
14630,ml,dev_14630
14631,ml,dev_14631
14632,web,dev_14632
14633,ml,dev_14633
14634,web,dev_14634
14635,ml,dev_14635
14636,ml,dev_14636
14637,ml,dev_14637
14638,ml,dev_14638
14639,ml,dev_14639
14640,ml,dev_14640
14641,ml,dev_14641
14642,ml,dev_14642
14643,ml,dev_14643
14644,ml,dev_14644
14645,ml,dev_14645
14646,web,dev_14646
14647,web,dev_14647
14648,web,dev_14648
14649,web,dev_14649
14650,ml,dev_14650
14651,web,dev_14651
14652,web,dev_14652
14653,web,dev_14653
14654,web,dev_14654
14655,ml,dev_14655
14656,web,dev_14656
14657,web,dev_14657
14658,web,dev_14658
14659,web,dev_14659
14660,ml,dev_14660
14661,web,dev_14661
14662,ml,dev_14662
14663,web,dev_14663
14664,ml,dev_14664
14665,ml,dev_14665
14666,ml,dev_14666
14667,web,dev_14667
14668,web,dev_14668
14669,ml,dev_14669
14670,ml,dev_14670
14671,ml,dev_14671
14672,ml,dev_14672
14673,web,dev_14673
14674,web,dev_14674
14675,ml,dev_14675
14676,ml,dev_14676
14677,web,dev_14677
14678,ml,dev_14678
14679,ml,dev_14679
14680,web,dev_14680
14681,ml,dev_14681
14682,ml,dev_14682
14683,web,dev_14683
14684,web,dev_14684
14685,ml,dev_14685
14686,ml,dev_14686
14687,web,dev_14687
14688,web,dev_14688
14689,web,dev_14689
14690,web,dev_14690
14691,ml,dev_14691
14692,web,dev_14692
14693,web,dev_14693
14694,web,dev_14694
14695,web,dev_14695
14696,web,dev_14696
14697,ml,dev_14697
14698,web,dev_14698
14699,ml,dev_14699
14700,ml,dev_14700
14701,web,dev_14701
14702,web,dev_14702
14703,web,dev_14703
14704,web,dev_14704
14705,web,dev_14705
14706,web,dev_14706
14707,ml,dev_14707
14708,ml,dev_14708
14709,ml,dev_14709
14710,ml,dev_14710
14711,web,dev_14711
14712,ml,dev_14712
14713,ml,dev_14713
14714,ml,dev_14714
14715,ml,dev_14715
14716,web,dev_14716
14717,ml,dev_14717
14718,ml,dev_14718
14719,web,dev_14719
14720,web,dev_14720
14721,web,dev_14721
14722,ml,dev_14722
14723,ml,dev_14723
14724,web,dev_14724
14725,web,dev_14725
14726,web,dev_14726
14727,ml,dev_14727
14728,ml,dev_14728
14729,web,dev_14729
14730,web,dev_14730
14731,ml,dev_14731
14732,web,dev_14732
14733,web,dev_14733
14734,web,dev_14734
14735,web,dev_14735
14736,web,dev_14736
14737,web,dev_14737
14738,web,dev_14738
14739,ml,dev_14739
14740,web,dev_14740
14741,ml,dev_14741
14742,ml,dev_14742
14743,web,dev_14743
14744,ml,dev_14744
14745,ml,dev_14745
14746,web,dev_14746
14747,ml,dev_14747
14748,ml,dev_14748
14749,ml,dev_14749
14750,web,dev_14750
14751,web,dev_14751
14752,ml,dev_14752
14753,web,dev_14753
14754,web,dev_14754
14755,web,dev_14755
14756,web,dev_14756
14757,ml,dev_14757
14758,web,dev_14758
14759,web,dev_14759
14760,web,dev_14760
14761,ml,dev_14761
14762,ml,dev_14762
14763,web,dev_14763
14764,web,dev_14764
14765,ml,dev_14765
14766,ml,dev_14766
14767,ml,dev_14767
14768,ml,dev_14768
14769,ml,dev_14769
14770,ml,dev_14770
14771,web,dev_14771
14772,web,dev_14772
14773,web,dev_14773
14774,web,dev_14774
14775,ml,dev_14775
14776,ml,dev_14776
14777,web,dev_14777
14778,web,dev_14778
14779,web,dev_14779
14780,ml,dev_14780
14781,web,dev_14781
14782,ml,dev_14782
14783,ml,dev_14783
14784,ml,dev_14784
14785,ml,dev_14785
14786,web,dev_14786
14787,ml,dev_14787
14788,web,dev_14788
14789,ml,dev_14789
14790,web,dev_14790
14791,ml,dev_14791
14792,ml,dev_14792
14793,web,dev_14793
14794,web,dev_14794
14795,ml,dev_14795
14796,web,dev_14796
14797,ml,dev_14797
14798,web,dev_14798
14799,web,dev_14799
14800,web,dev_14800
14801,ml,dev_14801
14802,web,dev_14802
14803,web,dev_14803
14804,web,dev_14804
14805,web,dev_14805
14806,ml,dev_14806
14807,web,dev_14807
14808,web,dev_14808
14809,web,dev_14809
14810,ml,dev_14810
14811,ml,dev_14811
14812,ml,dev_14812
14813,ml,dev_14813
14814,ml,dev_14814
14815,ml,dev_14815
14816,ml,dev_14816
14817,ml,dev_14817
14818,ml,dev_14818
14819,ml,dev_14819
14820,web,dev_14820
14821,web,dev_14821
14822,ml,dev_14822
14823,web,dev_14823
14824,ml,dev_14824
14825,web,dev_14825
14826,ml,dev_14826
14827,ml,dev_14827
14828,web,dev_14828
14829,web,dev_14829
14830,ml,dev_14830
14831,web,dev_14831
14832,ml,dev_14832
14833,web,dev_14833
14834,ml,dev_14834
14835,ml,dev_14835
14836,ml,dev_14836
14837,ml,dev_14837
14838,web,dev_14838
14839,ml,dev_14839
14840,ml,dev_14840
14841,web,dev_14841
14842,web,dev_14842
14843,ml,dev_14843
14844,ml,dev_14844
14845,ml,dev_14845
14846,web,dev_14846
14847,web,dev_14847
14848,ml,dev_14848
14849,ml,dev_14849
14850,ml,dev_14850
14851,web,dev_14851
14852,web,dev_14852
14853,ml,dev_14853
14854,web,dev_14854
14855,web,dev_14855
14856,ml,dev_14856
14857,ml,dev_14857
14858,web,dev_14858
14859,ml,dev_14859
14860,ml,dev_14860
14861,web,dev_14861
14862,ml,dev_14862
14863,web,dev_14863
14864,web,dev_14864
14865,ml,dev_14865
14866,web,dev_14866
14867,web,dev_14867
14868,ml,dev_14868
14869,ml,dev_14869
14870,web,dev_14870
14871,ml,dev_14871
14872,web,dev_14872
14873,web,dev_14873
14874,ml,dev_14874
14875,web,dev_14875
14876,ml,dev_14876
14877,ml,dev_14877
14878,web,dev_14878
14879,ml,dev_14879
14880,ml,dev_14880
14881,web,dev_14881
14882,ml,dev_14882
14883,web,dev_14883
14884,web,dev_14884
14885,ml,dev_14885
14886,ml,dev_14886
14887,ml,dev_14887
14888,ml,dev_14888
14889,web,dev_14889
14890,web,dev_14890
14891,web,dev_14891
14892,ml,dev_14892
14893,ml,dev_14893
14894,ml,dev_14894
14895,ml,dev_14895
14896,web,dev_14896
14897,ml,dev_14897
14898,web,dev_14898
14899,ml,dev_14899
14900,web,dev_14900
14901,web,dev_14901
14902,ml,dev_14902
14903,ml,dev_14903
14904,ml,dev_14904
14905,ml,dev_14905
14906,web,dev_14906
14907,web,dev_14907
14908,web,dev_14908
14909,ml,dev_14909
14910,web,dev_14910
14911,web,dev_14911
14912,ml,dev_14912
14913,ml,dev_14913
14914,ml,dev_14914
14915,web,dev_14915
14916,web,dev_14916
14917,ml,dev_14917
14918,web,dev_14918
14919,web,dev_14919
14920,web,dev_14920
14921,web,dev_14921
14922,ml,dev_14922
14923,ml,dev_14923
14924,ml,dev_14924
14925,ml,dev_14925
14926,web,dev_14926
14927,ml,dev_14927
14928,web,dev_14928
14929,web,dev_14929
14930,ml,dev_14930
14931,ml,dev_14931
14932,web,dev_14932
14933,web,dev_14933
14934,web,dev_14934
14935,ml,dev_14935
14936,ml,dev_14936
14937,web,dev_14937
14938,web,dev_14938
14939,web,dev_14939
14940,ml,dev_14940
14941,web,dev_14941
14942,web,dev_14942
14943,web,dev_14943
14944,ml,dev_14944
14945,ml,dev_14945
14946,web,dev_14946
14947,ml,dev_14947
14948,ml,dev_14948
14949,web,dev_14949
14950,ml,dev_14950
14951,web,dev_14951
14952,web,dev_14952
14953,ml,dev_14953
14954,web,dev_14954
14955,ml,dev_14955
14956,ml,dev_14956
14957,ml,dev_14957
14958,web,dev_14958
14959,ml,dev_14959
14960,ml,dev_14960
14961,web,dev_14961
14962,web,dev_14962
14963,ml,dev_14963
14964,web,dev_14964
14965,ml,dev_14965
14966,web,dev_14966
14967,web,dev_14967
14968,ml,dev_14968
14969,web,dev_14969
14970,web,dev_14970
14971,ml,dev_14971
14972,ml,dev_14972
14973,web,dev_14973
14974,web,dev_14974
14975,ml,dev_14975
14976,ml,dev_14976
14977,web,dev_14977
14978,web,dev_14978
14979,ml,dev_14979
14980,ml,dev_14980
14981,ml,dev_14981
14982,web,dev_14982
14983,ml,dev_14983
14984,ml,dev_14984
14985,web,dev_14985
14986,ml,dev_14986
14987,ml,dev_14987
14988,ml,dev_14988
14989,ml,dev_14989
14990,web,dev_14990
14991,ml,dev_14991
14992,ml,dev_14992
14993,web,dev_14993
14994,web,dev_14994
14995,web,dev_14995
14996,web,dev_14996
14997,web,dev_14997
14998,ml,dev_14998
14999,web,dev_14999
15000,ml,dev_15000
15001,ml,dev_15001
15002,web,dev_15002
15003,ml,dev_15003
15004,ml,dev_15004
15005,ml,dev_15005
15006,ml,dev_15006
15007,ml,dev_15007
15008,ml,dev_15008
15009,web,dev_15009
15010,ml,dev_15010
15011,web,dev_15011
15012,ml,dev_15012
15013,ml,dev_15013
15014,ml,dev_15014
15015,ml,dev_15015
15016,ml,dev_15016
15017,ml,dev_15017
15018,ml,dev_15018
15019,ml,dev_15019
15020,ml,dev_15020
15021,web,dev_15021
15022,web,dev_15022
15023,ml,dev_15023
15024,web,dev_15024
15025,web,dev_15025
15026,ml,dev_15026
15027,web,dev_15027
15028,ml,dev_15028
15029,ml,dev_15029
15030,ml,dev_15030
15031,ml,dev_15031
15032,ml,dev_15032
15033,web,dev_15033
15034,web,dev_15034
15035,ml,dev_15035
15036,web,dev_15036
15037,ml,dev_15037
15038,ml,dev_15038
15039,web,dev_15039
15040,ml,dev_15040
15041,web,dev_15041
15042,web,dev_15042
15043,web,dev_15043
15044,web,dev_15044
15045,ml,dev_15045
15046,web,dev_15046
15047,ml,dev_15047
15048,web,dev_15048
15049,ml,dev_15049
15050,ml,dev_15050
15051,web,dev_15051
15052,ml,dev_15052
15053,web,dev_15053
15054,web,dev_15054
15055,ml,dev_15055
15056,web,dev_15056
15057,web,dev_15057
15058,web,dev_15058
15059,ml,dev_15059
15060,web,dev_15060
15061,web,dev_15061
15062,web,dev_15062
15063,web,dev_15063
15064,ml,dev_15064
15065,ml,dev_15065
15066,ml,dev_15066
15067,web,dev_15067
15068,ml,dev_15068
15069,web,dev_15069
15070,web,dev_15070
15071,web,dev_15071
15072,web,dev_15072
15073,ml,dev_15073
15074,ml,dev_15074
15075,ml,dev_15075
15076,ml,dev_15076
15077,ml,dev_15077
15078,ml,dev_15078
15079,web,dev_15079
15080,ml,dev_15080
15081,web,dev_15081
15082,web,dev_15082
15083,ml,dev_15083
15084,ml,dev_15084
15085,web,dev_15085
15086,ml,dev_15086
15087,web,dev_15087
15088,web,dev_15088
15089,ml,dev_15089
15090,web,dev_15090
15091,web,dev_15091
15092,web,dev_15092
15093,ml,dev_15093
15094,web,dev_15094
15095,web,dev_15095
15096,ml,dev_15096
15097,ml,dev_15097
15098,ml,dev_15098
15099,ml,dev_15099
15100,ml,dev_15100
15101,web,dev_15101
15102,web,dev_15102
15103,web,dev_15103
15104,ml,dev_15104
15105,ml,dev_15105
15106,ml,dev_15106
15107,ml,dev_15107
15108,web,dev_15108
15109,web,dev_15109
15110,web,dev_15110
15111,ml,dev_15111
15112,ml,dev_15112
15113,web,dev_15113
15114,web,dev_15114
15115,ml,dev_15115
15116,ml,dev_15116
15117,web,dev_15117
15118,ml,dev_15118
15119,ml,dev_15119
15120,web,dev_15120
15121,web,dev_15121
15122,web,dev_15122
15123,web,dev_15123
15124,ml,dev_15124
15125,ml,dev_15125
15126,web,dev_15126
15127,web,dev_15127
15128,ml,dev_15128
15129,web,dev_15129
15130,ml,dev_15130
15131,web,dev_15131
15132,ml,dev_15132
15133,web,dev_15133
15134,ml,dev_15134
15135,web,dev_15135
15136,web,dev_15136
15137,ml,dev_15137
15138,web,dev_15138
15139,web,dev_15139
15140,web,dev_15140
15141,ml,dev_15141
15142,ml,dev_15142
15143,web,dev_15143
15144,web,dev_15144
15145,ml,dev_15145
15146,ml,dev_15146
15147,web,dev_15147
15148,web,dev_15148
15149,web,dev_15149
15150,web,dev_15150
15151,web,dev_15151
15152,ml,dev_15152
15153,web,dev_15153
15154,web,dev_15154
15155,ml,dev_15155
15156,web,dev_15156
15157,ml,dev_15157
15158,ml,dev_15158
15159,ml,dev_15159
15160,ml,dev_15160
15161,ml,dev_15161
15162,web,dev_15162
15163,ml,dev_15163
15164,web,dev_15164
15165,ml,dev_15165
15166,ml,dev_15166
15167,web,dev_15167
15168,web,dev_15168
15169,web,dev_15169
15170,web,dev_15170
15171,web,dev_15171
15172,ml,dev_15172
15173,web,dev_15173
15174,ml,dev_15174
15175,ml,dev_15175
15176,ml,dev_15176
15177,web,dev_15177
15178,ml,dev_15178
15179,web,dev_15179
15180,web,dev_15180
15181,ml,dev_15181
15182,ml,dev_15182
15183,web,dev_15183
15184,web,dev_15184
15185,web,dev_15185
15186,web,dev_15186
15187,ml,dev_15187
15188,ml,dev_15188
15189,ml,dev_15189
15190,web,dev_15190
15191,ml,dev_15191
15192,ml,dev_15192
15193,ml,dev_15193
15194,web,dev_15194
15195,web,dev_15195
15196,ml,dev_15196
15197,web,dev_15197
15198,web,dev_15198
15199,web,dev_15199
15200,web,dev_15200
15201,web,dev_15201
15202,ml,dev_15202
15203,ml,dev_15203
15204,ml,dev_15204
15205,web,dev_15205
15206,web,dev_15206
15207,web,dev_15207
15208,web,dev_15208
15209,web,dev_15209
15210,web,dev_15210
15211,ml,dev_15211
15212,web,dev_15212
15213,web,dev_15213
15214,web,dev_15214
15215,web,dev_15215
15216,ml,dev_15216
15217,web,dev_15217
15218,web,dev_15218
15219,ml,dev_15219
15220,web,dev_15220
15221,web,dev_15221
15222,ml,dev_15222
15223,web,dev_15223
15224,web,dev_15224
15225,ml,dev_15225
15226,web,dev_15226
15227,ml,dev_15227
15228,web,dev_15228
15229,ml,dev_15229
15230,web,dev_15230
15231,ml,dev_15231
15232,ml,dev_15232
15233,ml,dev_15233
15234,ml,dev_15234
15235,web,dev_15235
15236,web,dev_15236
15237,web,dev_15237
15238,ml,dev_15238
15239,web,dev_15239
15240,ml,dev_15240
15241,ml,dev_15241
15242,web,dev_15242
15243,ml,dev_15243
15244,web,dev_15244
15245,ml,dev_15245
15246,ml,dev_15246
15247,web,dev_15247
15248,ml,dev_15248
15249,web,dev_15249
15250,web,dev_15250
15251,ml,dev_15251
15252,ml,dev_15252
15253,web,dev_15253
15254,ml,dev_15254
15255,ml,dev_15255
15256,ml,dev_15256
15257,web,dev_15257
15258,ml,dev_15258
15259,ml,dev_15259
15260,web,dev_15260
15261,web,dev_15261
15262,web,dev_15262
15263,web,dev_15263
15264,ml,dev_15264
15265,ml,dev_15265
15266,ml,dev_15266
15267,web,dev_15267
15268,web,dev_15268
15269,ml,dev_15269
15270,ml,dev_15270
15271,web,dev_15271
15272,ml,dev_15272
15273,ml,dev_15273
15274,ml,dev_15274
15275,web,dev_15275
15276,web,dev_15276
15277,ml,dev_15277
15278,ml,dev_15278
15279,ml,dev_15279
15280,ml,dev_15280
15281,web,dev_15281
15282,web,dev_15282
15283,ml,dev_15283
15284,web,dev_15284
15285,web,dev_15285
15286,web,dev_15286
15287,web,dev_15287
15288,web,dev_15288
15289,web,dev_15289
15290,ml,dev_15290
15291,web,dev_15291
15292,ml,dev_15292
15293,ml,dev_15293
15294,ml,dev_15294
15295,web,dev_15295
15296,web,dev_15296
15297,web,dev_15297
15298,ml,dev_15298
15299,ml,dev_15299
15300,web,dev_15300
15301,ml,dev_15301
15302,ml,dev_15302
15303,ml,dev_15303
15304,ml,dev_15304
15305,ml,dev_15305
15306,ml,dev_15306
15307,web,dev_15307
15308,ml,dev_15308
15309,web,dev_15309
15310,web,dev_15310
15311,ml,dev_15311
15312,ml,dev_15312
15313,web,dev_15313
15314,web,dev_15314
15315,ml,dev_15315
15316,ml,dev_15316
15317,web,dev_15317
15318,web,dev_15318
15319,ml,dev_15319
15320,web,dev_15320
15321,web,dev_15321
15322,ml,dev_15322
15323,web,dev_15323
15324,web,dev_15324
15325,web,dev_15325
15326,web,dev_15326
15327,ml,dev_15327
15328,ml,dev_15328
15329,web,dev_15329
15330,web,dev_15330
15331,ml,dev_15331
15332,ml,dev_15332
15333,web,dev_15333
15334,web,dev_15334
15335,ml,dev_15335
15336,ml,dev_15336
15337,web,dev_15337
15338,ml,dev_15338
15339,web,dev_15339
15340,ml,dev_15340
15341,web,dev_15341
15342,web,dev_15342
15343,ml,dev_15343
15344,web,dev_15344
15345,ml,dev_15345
15346,web,dev_15346
15347,ml,dev_15347
15348,web,dev_15348
15349,web,dev_15349
15350,ml,dev_15350
15351,ml,dev_15351
15352,ml,dev_15352
15353,web,dev_15353
15354,web,dev_15354
15355,ml,dev_15355
15356,web,dev_15356
15357,ml,dev_15357
15358,ml,dev_15358
15359,ml,dev_15359
15360,ml,dev_15360
15361,web,dev_15361
15362,ml,dev_15362
15363,ml,dev_15363
15364,ml,dev_15364
15365,web,dev_15365
15366,ml,dev_15366
15367,ml,dev_15367
15368,ml,dev_15368
15369,ml,dev_15369
15370,web,dev_15370
15371,web,dev_15371
15372,web,dev_15372
15373,ml,dev_15373
15374,ml,dev_15374
15375,web,dev_15375
15376,ml,dev_15376
15377,web,dev_15377
15378,web,dev_15378
15379,web,dev_15379
15380,ml,dev_15380
15381,ml,dev_15381
15382,web,dev_15382
15383,ml,dev_15383
15384,ml,dev_15384
15385,ml,dev_15385
15386,ml,dev_15386
15387,web,dev_15387
15388,web,dev_15388
15389,ml,dev_15389
15390,ml,dev_15390
15391,ml,dev_15391
15392,web,dev_15392
15393,web,dev_15393
15394,web,dev_15394
15395,web,dev_15395
15396,ml,dev_15396
15397,web,dev_15397
15398,ml,dev_15398
15399,ml,dev_15399
15400,ml,dev_15400
15401,web,dev_15401
15402,web,dev_15402
15403,ml,dev_15403
15404,web,dev_15404
15405,ml,dev_15405
15406,ml,dev_15406
15407,web,dev_15407
15408,ml,dev_15408
15409,web,dev_15409
15410,web,dev_15410
15411,web,dev_15411
15412,ml,dev_15412
15413,ml,dev_15413
15414,web,dev_15414
15415,ml,dev_15415
15416,ml,dev_15416
15417,web,dev_15417
15418,ml,dev_15418
15419,ml,dev_15419
15420,web,dev_15420
15421,web,dev_15421
15422,ml,dev_15422
15423,ml,dev_15423
15424,ml,dev_15424
15425,ml,dev_15425
15426,ml,dev_15426
15427,web,dev_15427
15428,web,dev_15428
15429,ml,dev_15429
15430,web,dev_15430
15431,ml,dev_15431
15432,ml,dev_15432
15433,ml,dev_15433
15434,ml,dev_15434
15435,ml,dev_15435
15436,web,dev_15436
15437,ml,dev_15437
15438,ml,dev_15438
15439,web,dev_15439
15440,web,dev_15440
15441,ml,dev_15441
15442,ml,dev_15442
15443,web,dev_15443
15444,web,dev_15444
15445,web,dev_15445
15446,ml,dev_15446
15447,ml,dev_15447
15448,web,dev_15448
15449,web,dev_15449
15450,ml,dev_15450
15451,ml,dev_15451
15452,web,dev_15452
15453,web,dev_15453
15454,web,dev_15454
15455,ml,dev_15455
15456,web,dev_15456
15457,web,dev_15457
15458,web,dev_15458
15459,web,dev_15459
15460,web,dev_15460
15461,ml,dev_15461
15462,ml,dev_15462
15463,web,dev_15463
15464,ml,dev_15464
15465,web,dev_15465
15466,ml,dev_15466
15467,web,dev_15467
15468,ml,dev_15468
15469,ml,dev_15469
15470,ml,dev_15470
15471,ml,dev_15471
15472,web,dev_15472
15473,ml,dev_15473
15474,ml,dev_15474
15475,ml,dev_15475
15476,ml,dev_15476
15477,web,dev_15477
15478,ml,dev_15478
15479,web,dev_15479
15480,web,dev_15480
15481,ml,dev_15481
15482,ml,dev_15482
15483,web,dev_15483
15484,web,dev_15484
15485,ml,dev_15485
15486,web,dev_15486
15487,ml,dev_15487
15488,ml,dev_15488
15489,ml,dev_15489
15490,ml,dev_15490
15491,web,dev_15491
15492,ml,dev_15492
15493,web,dev_15493
15494,ml,dev_15494
15495,web,dev_15495
15496,web,dev_15496
15497,web,dev_15497
15498,web,dev_15498
15499,web,dev_15499
15500,ml,dev_15500
15501,web,dev_15501
15502,web,dev_15502
15503,web,dev_15503
15504,web,dev_15504
15505,ml,dev_15505
15506,web,dev_15506
15507,ml,dev_15507
15508,web,dev_15508
15509,ml,dev_15509
15510,ml,dev_15510
15511,web,dev_15511
15512,web,dev_15512
15513,ml,dev_15513
15514,ml,dev_15514
15515,web,dev_15515
15516,web,dev_15516
15517,web,dev_15517
15518,web,dev_15518
15519,web,dev_15519
15520,ml,dev_15520
15521,ml,dev_15521
15522,web,dev_15522
15523,web,dev_15523
15524,web,dev_15524
15525,ml,dev_15525
15526,web,dev_15526
15527,web,dev_15527
15528,web,dev_15528
15529,web,dev_15529
15530,ml,dev_15530
15531,web,dev_15531
15532,ml,dev_15532
15533,ml,dev_15533
15534,ml,dev_15534
15535,web,dev_15535
15536,ml,dev_15536
15537,web,dev_15537
15538,web,dev_15538
15539,ml,dev_15539
15540,ml,dev_15540
15541,web,dev_15541
15542,web,dev_15542
15543,ml,dev_15543
15544,ml,dev_15544
15545,ml,dev_15545
15546,ml,dev_15546
15547,web,dev_15547
15548,ml,dev_15548
15549,ml,dev_15549
15550,ml,dev_15550
15551,web,dev_15551
15552,web,dev_15552
15553,web,dev_15553
15554,web,dev_15554
15555,ml,dev_15555
15556,ml,dev_15556
15557,ml,dev_15557
15558,ml,dev_15558
15559,ml,dev_15559
15560,web,dev_15560
15561,web,dev_15561
15562,web,dev_15562
15563,web,dev_15563
15564,ml,dev_15564
15565,web,dev_15565
15566,web,dev_15566
15567,web,dev_15567
15568,ml,dev_15568
15569,web,dev_15569
15570,ml,dev_15570
15571,web,dev_15571
15572,ml,dev_15572
15573,ml,dev_15573
15574,web,dev_15574
15575,ml,dev_15575
15576,web,dev_15576
15577,web,dev_15577
15578,web,dev_15578
15579,web,dev_15579
15580,ml,dev_15580
15581,web,dev_15581
15582,ml,dev_15582
15583,ml,dev_15583
15584,ml,dev_15584
15585,ml,dev_15585
15586,ml,dev_15586
15587,web,dev_15587
15588,web,dev_15588
15589,ml,dev_15589
15590,ml,dev_15590
15591,web,dev_15591
15592,web,dev_15592
15593,web,dev_15593
15594,web,dev_15594
15595,ml,dev_15595
15596,ml,dev_15596
15597,web,dev_15597
15598,ml,dev_15598
15599,web,dev_15599
15600,web,dev_15600
15601,web,dev_15601
15602,ml,dev_15602
15603,web,dev_15603
15604,web,dev_15604
15605,web,dev_15605
15606,ml,dev_15606
15607,web,dev_15607
15608,web,dev_15608
15609,web,dev_15609
15610,web,dev_15610
15611,web,dev_15611
15612,web,dev_15612
15613,ml,dev_15613
15614,ml,dev_15614
15615,ml,dev_15615
15616,ml,dev_15616
15617,ml,dev_15617
15618,web,dev_15618
15619,web,dev_15619
15620,web,dev_15620
15621,ml,dev_15621
15622,web,dev_15622
15623,ml,dev_15623
15624,ml,dev_15624
15625,ml,dev_15625
15626,ml,dev_15626
15627,web,dev_15627
15628,web,dev_15628
15629,web,dev_15629
15630,ml,dev_15630
15631,ml,dev_15631
15632,web,dev_15632
15633,web,dev_15633
15634,web,dev_15634
15635,web,dev_15635
15636,web,dev_15636
15637,ml,dev_15637
15638,web,dev_15638
15639,web,dev_15639
15640,ml,dev_15640
15641,web,dev_15641
15642,ml,dev_15642
15643,web,dev_15643
15644,ml,dev_15644
15645,ml,dev_15645
15646,web,dev_15646
15647,web,dev_15647
15648,ml,dev_15648
15649,web,dev_15649
15650,web,dev_15650
15651,web,dev_15651
15652,ml,dev_15652
15653,web,dev_15653
15654,web,dev_15654
15655,web,dev_15655
15656,web,dev_15656
15657,ml,dev_15657
15658,web,dev_15658
15659,ml,dev_15659
15660,web,dev_15660
15661,web,dev_15661
15662,web,dev_15662
15663,ml,dev_15663
15664,ml,dev_15664
15665,web,dev_15665
15666,ml,dev_15666
15667,web,dev_15667
15668,ml,dev_15668
15669,ml,dev_15669
15670,ml,dev_15670
15671,web,dev_15671
15672,ml,dev_15672
15673,web,dev_15673
15674,ml,dev_15674
15675,web,dev_15675
15676,ml,dev_15676
15677,ml,dev_15677
15678,web,dev_15678
15679,ml,dev_15679
15680,ml,dev_15680
15681,web,dev_15681
15682,web,dev_15682
15683,ml,dev_15683
15684,web,dev_15684
15685,web,dev_15685
15686,web,dev_15686
15687,web,dev_15687
15688,ml,dev_15688
15689,web,dev_15689
15690,ml,dev_15690
15691,web,dev_15691
15692,web,dev_15692
15693,ml,dev_15693
15694,web,dev_15694
15695,ml,dev_15695
15696,web,dev_15696
15697,ml,dev_15697
15698,ml,dev_15698
15699,ml,dev_15699
15700,web,dev_15700
15701,ml,dev_15701
15702,ml,dev_15702
15703,ml,dev_15703
15704,web,dev_15704
15705,web,dev_15705
15706,web,dev_15706
15707,ml,dev_15707
15708,web,dev_15708
15709,web,dev_15709
15710,web,dev_15710
15711,web,dev_15711
15712,ml,dev_15712
15713,ml,dev_15713
15714,web,dev_15714
15715,web,dev_15715
15716,ml,dev_15716
15717,ml,dev_15717
15718,ml,dev_15718
15719,ml,dev_15719
15720,web,dev_15720
15721,web,dev_15721
15722,ml,dev_15722
15723,web,dev_15723
15724,ml,dev_15724
15725,web,dev_15725
15726,ml,dev_15726
15727,ml,dev_15727
15728,ml,dev_15728
15729,web,dev_15729
15730,ml,dev_15730
15731,web,dev_15731
15732,ml,dev_15732
15733,ml,dev_15733
15734,ml,dev_15734
15735,web,dev_15735
15736,web,dev_15736
15737,ml,dev_15737
15738,web,dev_15738
15739,ml,dev_15739
15740,web,dev_15740
15741,web,dev_15741
15742,ml,dev_15742
15743,web,dev_15743
15744,ml,dev_15744
15745,web,dev_15745
15746,ml,dev_15746
15747,ml,dev_15747
15748,ml,dev_15748
15749,web,dev_15749
15750,web,dev_15750
15751,ml,dev_15751
15752,ml,dev_15752
15753,ml,dev_15753
15754,web,dev_15754
15755,web,dev_15755
15756,web,dev_15756
15757,web,dev_15757
15758,ml,dev_15758
15759,web,dev_15759
15760,ml,dev_15760
15761,web,dev_15761
15762,ml,dev_15762
15763,web,dev_15763
15764,ml,dev_15764
15765,ml,dev_15765
15766,ml,dev_15766
15767,ml,dev_15767
15768,ml,dev_15768
15769,ml,dev_15769
15770,web,dev_15770
15771,ml,dev_15771
15772,ml,dev_15772
15773,ml,dev_15773
15774,web,dev_15774
15775,ml,dev_15775
15776,web,dev_15776
15777,web,dev_15777
15778,web,dev_15778
15779,web,dev_15779
15780,ml,dev_15780
15781,web,dev_15781
15782,web,dev_15782
15783,ml,dev_15783
15784,ml,dev_15784
15785,web,dev_15785
15786,web,dev_15786
15787,web,dev_15787
15788,web,dev_15788
15789,ml,dev_15789
15790,ml,dev_15790
15791,web,dev_15791
15792,web,dev_15792
15793,ml,dev_15793
15794,web,dev_15794
15795,web,dev_15795
15796,ml,dev_15796
15797,ml,dev_15797
15798,ml,dev_15798
15799,ml,dev_15799
15800,ml,dev_15800
15801,ml,dev_15801
15802,web,dev_15802
15803,web,dev_15803
15804,ml,dev_15804
15805,ml,dev_15805
15806,ml,dev_15806
15807,web,dev_15807
15808,web,dev_15808
15809,web,dev_15809
15810,web,dev_15810
15811,ml,dev_15811
15812,web,dev_15812
15813,ml,dev_15813
15814,web,dev_15814
15815,ml,dev_15815
15816,web,dev_15816
15817,web,dev_15817
15818,web,dev_15818
15819,web,dev_15819
15820,web,dev_15820
15821,ml,dev_15821
15822,ml,dev_15822
15823,web,dev_15823
15824,ml,dev_15824
15825,web,dev_15825
15826,ml,dev_15826
15827,ml,dev_15827
15828,web,dev_15828
15829,ml,dev_15829
15830,web,dev_15830
15831,web,dev_15831
15832,ml,dev_15832
15833,ml,dev_15833
15834,web,dev_15834
15835,web,dev_15835
15836,web,dev_15836
15837,web,dev_15837
15838,web,dev_15838
15839,ml,dev_15839
15840,ml,dev_15840
15841,web,dev_15841
15842,web,dev_15842
15843,web,dev_15843
15844,web,dev_15844
15845,web,dev_15845
15846,ml,dev_15846
15847,web,dev_15847
15848,ml,dev_15848
15849,web,dev_15849
15850,ml,dev_15850
15851,web,dev_15851
15852,ml,dev_15852
15853,web,dev_15853
15854,web,dev_15854
15855,ml,dev_15855
15856,web,dev_15856
15857,ml,dev_15857
15858,web,dev_15858
15859,web,dev_15859
15860,ml,dev_15860
15861,web,dev_15861
15862,ml,dev_15862
15863,web,dev_15863
15864,web,dev_15864
15865,ml,dev_15865
15866,web,dev_15866
15867,ml,dev_15867
15868,web,dev_15868
15869,ml,dev_15869
15870,web,dev_15870
15871,ml,dev_15871
15872,ml,dev_15872
15873,ml,dev_15873
15874,web,dev_15874
15875,ml,dev_15875
15876,web,dev_15876
15877,web,dev_15877
15878,web,dev_15878
15879,web,dev_15879
15880,ml,dev_15880
15881,web,dev_15881
15882,web,dev_15882
15883,web,dev_15883
15884,web,dev_15884
15885,ml,dev_15885
15886,web,dev_15886
15887,web,dev_15887
15888,web,dev_15888
15889,ml,dev_15889
15890,web,dev_15890
15891,ml,dev_15891
15892,web,dev_15892
15893,ml,dev_15893
15894,web,dev_15894
15895,ml,dev_15895
15896,web,dev_15896
15897,ml,dev_15897
15898,ml,dev_15898
15899,web,dev_15899
15900,web,dev_15900
15901,web,dev_15901
15902,web,dev_15902
15903,web,dev_15903
15904,ml,dev_15904
15905,ml,dev_15905
15906,web,dev_15906
15907,ml,dev_15907
15908,web,dev_15908
15909,ml,dev_15909
15910,ml,dev_15910
15911,ml,dev_15911
15912,ml,dev_15912
15913,web,dev_15913
15914,ml,dev_15914
15915,ml,dev_15915
15916,web,dev_15916
15917,web,dev_15917
15918,web,dev_15918
15919,ml,dev_15919
15920,web,dev_15920
15921,ml,dev_15921
15922,ml,dev_15922
15923,web,dev_15923
15924,web,dev_15924
15925,ml,dev_15925
15926,ml,dev_15926
15927,ml,dev_15927
15928,web,dev_15928
15929,web,dev_15929
15930,web,dev_15930
15931,web,dev_15931
15932,web,dev_15932
15933,ml,dev_15933
15934,web,dev_15934
15935,ml,dev_15935
15936,web,dev_15936
15937,web,dev_15937
15938,web,dev_15938
15939,web,dev_15939
15940,web,dev_15940
15941,ml,dev_15941
15942,ml,dev_15942
15943,ml,dev_15943
15944,web,dev_15944
15945,ml,dev_15945
15946,web,dev_15946
15947,ml,dev_15947
15948,web,dev_15948
15949,ml,dev_15949
15950,web,dev_15950
15951,web,dev_15951
15952,web,dev_15952
15953,web,dev_15953
15954,ml,dev_15954
15955,ml,dev_15955
15956,ml,dev_15956
15957,ml,dev_15957
15958,ml,dev_15958
15959,web,dev_15959
15960,web,dev_15960
15961,web,dev_15961
15962,web,dev_15962
15963,ml,dev_15963
15964,ml,dev_15964
15965,web,dev_15965
15966,ml,dev_15966
15967,web,dev_15967
15968,web,dev_15968
15969,web,dev_15969
15970,ml,dev_15970
15971,web,dev_15971
15972,ml,dev_15972
15973,web,dev_15973
15974,ml,dev_15974
15975,ml,dev_15975
15976,ml,dev_15976
15977,ml,dev_15977
15978,ml,dev_15978
15979,web,dev_15979
15980,ml,dev_15980
15981,web,dev_15981
15982,ml,dev_15982
15983,web,dev_15983
15984,ml,dev_15984
15985,web,dev_15985
15986,ml,dev_15986
15987,web,dev_15987
15988,ml,dev_15988
15989,ml,dev_15989
15990,ml,dev_15990
15991,ml,dev_15991
15992,ml,dev_15992
15993,web,dev_15993
15994,web,dev_15994
15995,web,dev_15995
15996,ml,dev_15996
15997,ml,dev_15997
15998,web,dev_15998
15999,ml,dev_15999
16000,web,dev_16000
16001,web,dev_16001
16002,web,dev_16002
16003,ml,dev_16003
16004,web,dev_16004
16005,ml,dev_16005
16006,web,dev_16006
16007,web,dev_16007
16008,ml,dev_16008
16009,web,dev_16009
16010,web,dev_16010
16011,web,dev_16011
16012,ml,dev_16012
16013,web,dev_16013
16014,ml,dev_16014
16015,ml,dev_16015
16016,web,dev_16016
16017,ml,dev_16017
16018,ml,dev_16018
16019,web,dev_16019
16020,web,dev_16020
16021,ml,dev_16021
16022,ml,dev_16022
16023,web,dev_16023
16024,web,dev_16024
16025,ml,dev_16025
16026,ml,dev_16026
16027,ml,dev_16027
16028,ml,dev_16028
16029,web,dev_16029
16030,ml,dev_16030
16031,web,dev_16031
16032,web,dev_16032
16033,ml,dev_16033
16034,web,dev_16034
16035,ml,dev_16035
16036,ml,dev_16036
16037,ml,dev_16037
16038,ml,dev_16038
16039,web,dev_16039
16040,web,dev_16040
16041,ml,dev_16041
16042,web,dev_16042
16043,ml,dev_16043
16044,ml,dev_16044
16045,web,dev_16045
16046,ml,dev_16046
16047,web,dev_16047
16048,ml,dev_16048
16049,web,dev_16049
16050,ml,dev_16050
16051,ml,dev_16051
16052,web,dev_16052
16053,web,dev_16053
16054,web,dev_16054
16055,web,dev_16055
16056,ml,dev_16056
16057,web,dev_16057
16058,web,dev_16058
16059,ml,dev_16059
16060,ml,dev_16060
16061,web,dev_16061
16062,web,dev_16062
16063,ml,dev_16063
16064,ml,dev_16064
16065,ml,dev_16065
16066,ml,dev_16066
16067,ml,dev_16067
16068,web,dev_16068
16069,web,dev_16069
16070,web,dev_16070
16071,ml,dev_16071
16072,web,dev_16072
16073,ml,dev_16073
16074,web,dev_16074
16075,web,dev_16075
16076,web,dev_16076
16077,web,dev_16077
16078,ml,dev_16078
16079,ml,dev_16079
16080,ml,dev_16080
16081,web,dev_16081
16082,web,dev_16082
16083,web,dev_16083
16084,web,dev_16084
16085,web,dev_16085
16086,web,dev_16086
16087,web,dev_16087
16088,web,dev_16088
16089,web,dev_16089
16090,web,dev_16090
16091,ml,dev_16091
16092,ml,dev_16092
16093,ml,dev_16093
16094,ml,dev_16094
16095,ml,dev_16095
16096,web,dev_16096
16097,web,dev_16097
16098,web,dev_16098
16099,web,dev_16099
16100,web,dev_16100
16101,web,dev_16101
16102,ml,dev_16102
16103,ml,dev_16103
16104,ml,dev_16104
16105,ml,dev_16105
16106,web,dev_16106
16107,web,dev_16107
16108,ml,dev_16108
16109,ml,dev_16109
16110,ml,dev_16110
16111,ml,dev_16111
16112,ml,dev_16112
16113,ml,dev_16113
16114,web,dev_16114
16115,web,dev_16115
16116,web,dev_16116
16117,web,dev_16117
16118,ml,dev_16118
16119,web,dev_16119
16120,ml,dev_16120
16121,ml,dev_16121
16122,web,dev_16122
16123,ml,dev_16123
16124,ml,dev_16124
16125,ml,dev_16125
16126,ml,dev_16126
16127,ml,dev_16127
16128,web,dev_16128
16129,ml,dev_16129
16130,web,dev_16130
16131,web,dev_16131
16132,ml,dev_16132
16133,web,dev_16133
16134,ml,dev_16134
16135,ml,dev_16135
16136,web,dev_16136
16137,ml,dev_16137
16138,ml,dev_16138
16139,web,dev_16139
16140,ml,dev_16140
16141,web,dev_16141
16142,ml,dev_16142
16143,ml,dev_16143
16144,web,dev_16144
16145,web,dev_16145
16146,web,dev_16146
16147,ml,dev_16147
16148,web,dev_16148
16149,web,dev_16149
16150,ml,dev_16150
16151,web,dev_16151
16152,web,dev_16152
16153,ml,dev_16153
16154,ml,dev_16154
16155,web,dev_16155
16156,web,dev_16156
16157,ml,dev_16157
16158,web,dev_16158
16159,ml,dev_16159
16160,ml,dev_16160
16161,web,dev_16161
16162,ml,dev_16162
16163,ml,dev_16163
16164,web,dev_16164
16165,ml,dev_16165
16166,ml,dev_16166
16167,ml,dev_16167
16168,ml,dev_16168
16169,web,dev_16169
16170,web,dev_16170
16171,ml,dev_16171
16172,ml,dev_16172
16173,web,dev_16173
16174,web,dev_16174
16175,ml,dev_16175
16176,web,dev_16176
16177,web,dev_16177
16178,web,dev_16178
16179,ml,dev_16179
16180,ml,dev_16180
16181,ml,dev_16181
16182,web,dev_16182
16183,ml,dev_16183
16184,ml,dev_16184
16185,web,dev_16185
16186,ml,dev_16186
16187,web,dev_16187
16188,ml,dev_16188
16189,ml,dev_16189
16190,web,dev_16190
16191,web,dev_16191
16192,ml,dev_16192
16193,ml,dev_16193
16194,web,dev_16194
16195,web,dev_16195
16196,web,dev_16196
16197,web,dev_16197
16198,web,dev_16198
16199,ml,dev_16199
16200,web,dev_16200
16201,ml,dev_16201
16202,ml,dev_16202
16203,ml,dev_16203
16204,ml,dev_16204
16205,web,dev_16205
16206,web,dev_16206
16207,ml,dev_16207
16208,web,dev_16208
16209,web,dev_16209
16210,web,dev_16210
16211,ml,dev_16211
16212,ml,dev_16212
16213,ml,dev_16213
16214,ml,dev_16214
16215,web,dev_16215
16216,web,dev_16216
16217,ml,dev_16217
16218,web,dev_16218
16219,ml,dev_16219
16220,web,dev_16220
16221,ml,dev_16221
16222,ml,dev_16222
16223,web,dev_16223
16224,ml,dev_16224
16225,ml,dev_16225
16226,web,dev_16226
16227,web,dev_16227
16228,ml,dev_16228
16229,ml,dev_16229
16230,ml,dev_16230
16231,ml,dev_16231
16232,web,dev_16232
16233,web,dev_16233
16234,ml,dev_16234
16235,ml,dev_16235
16236,ml,dev_16236
16237,ml,dev_16237
16238,ml,dev_16238
16239,ml,dev_16239
16240,web,dev_16240
16241,web,dev_16241
16242,ml,dev_16242
16243,ml,dev_16243
16244,ml,dev_16244
16245,web,dev_16245
16246,ml,dev_16246
16247,ml,dev_16247
16248,ml,dev_16248
16249,ml,dev_16249
16250,web,dev_16250
16251,web,dev_16251
16252,web,dev_16252
16253,web,dev_16253
16254,web,dev_16254
16255,ml,dev_16255
16256,ml,dev_16256
16257,ml,dev_16257
16258,web,dev_16258
16259,web,dev_16259
16260,web,dev_16260
16261,web,dev_16261
16262,web,dev_16262
16263,web,dev_16263
16264,ml,dev_16264
16265,web,dev_16265
16266,web,dev_16266
16267,web,dev_16267
16268,ml,dev_16268
16269,web,dev_16269
16270,ml,dev_16270
16271,ml,dev_16271
16272,ml,dev_16272
16273,ml,dev_16273
16274,web,dev_16274
16275,web,dev_16275
16276,ml,dev_16276
16277,ml,dev_16277
16278,ml,dev_16278
16279,web,dev_16279
16280,web,dev_16280
16281,web,dev_16281
16282,web,dev_16282
16283,web,dev_16283
16284,web,dev_16284
16285,ml,dev_16285
16286,ml,dev_16286
16287,ml,dev_16287
16288,web,dev_16288
16289,web,dev_16289
16290,web,dev_16290
16291,ml,dev_16291
16292,web,dev_16292
16293,ml,dev_16293
16294,ml,dev_16294
16295,web,dev_16295
16296,ml,dev_16296
16297,web,dev_16297
16298,web,dev_16298
16299,web,dev_16299
16300,ml,dev_16300
16301,web,dev_16301
16302,web,dev_16302
16303,web,dev_16303
16304,ml,dev_16304
16305,web,dev_16305
16306,web,dev_16306
16307,web,dev_16307
16308,ml,dev_16308
16309,ml,dev_16309
16310,web,dev_16310
16311,web,dev_16311
16312,web,dev_16312
16313,ml,dev_16313
16314,ml,dev_16314
16315,web,dev_16315
16316,web,dev_16316
16317,web,dev_16317
16318,ml,dev_16318
16319,ml,dev_16319
16320,ml,dev_16320
16321,ml,dev_16321
16322,ml,dev_16322
16323,web,dev_16323
16324,web,dev_16324
16325,ml,dev_16325
16326,ml,dev_16326
16327,web,dev_16327
16328,web,dev_16328
16329,web,dev_16329
16330,web,dev_16330
16331,ml,dev_16331
16332,web,dev_16332
16333,web,dev_16333
16334,web,dev_16334
16335,ml,dev_16335
16336,ml,dev_16336
16337,ml,dev_16337
16338,web,dev_16338
16339,ml,dev_16339
16340,web,dev_16340
16341,web,dev_16341
16342,web,dev_16342
16343,ml,dev_16343
16344,web,dev_16344
16345,ml,dev_16345
16346,web,dev_16346
16347,ml,dev_16347
16348,web,dev_16348
16349,ml,dev_16349
16350,web,dev_16350
16351,ml,dev_16351
16352,web,dev_16352
16353,web,dev_16353
16354,web,dev_16354
16355,ml,dev_16355
16356,ml,dev_16356
16357,ml,dev_16357
16358,ml,dev_16358
16359,ml,dev_16359
16360,web,dev_16360
16361,ml,dev_16361
16362,web,dev_16362
16363,web,dev_16363
16364,ml,dev_16364
16365,ml,dev_16365
16366,web,dev_16366
16367,ml,dev_16367
16368,web,dev_16368
16369,ml,dev_16369
16370,ml,dev_16370
16371,web,dev_16371
16372,ml,dev_16372
16373,web,dev_16373
16374,web,dev_16374
16375,web,dev_16375
16376,web,dev_16376
16377,ml,dev_16377
16378,web,dev_16378
16379,web,dev_16379
16380,web,dev_16380
16381,ml,dev_16381
16382,ml,dev_16382
16383,ml,dev_16383
16384,web,dev_16384
16385,ml,dev_16385
16386,web,dev_16386
16387,ml,dev_16387
16388,ml,dev_16388
16389,web,dev_16389
16390,ml,dev_16390
16391,web,dev_16391
16392,web,dev_16392
16393,ml,dev_16393
16394,web,dev_16394
16395,ml,dev_16395
16396,web,dev_16396
16397,web,dev_16397
16398,ml,dev_16398
16399,ml,dev_16399
16400,ml,dev_16400
16401,web,dev_16401
16402,web,dev_16402
16403,web,dev_16403
16404,ml,dev_16404
16405,web,dev_16405
16406,web,dev_16406
16407,web,dev_16407
16408,ml,dev_16408
16409,ml,dev_16409
16410,ml,dev_16410
16411,ml,dev_16411
16412,web,dev_16412
16413,web,dev_16413
16414,ml,dev_16414
16415,ml,dev_16415
16416,web,dev_16416
16417,ml,dev_16417
16418,web,dev_16418
16419,ml,dev_16419
16420,ml,dev_16420
16421,ml,dev_16421
16422,ml,dev_16422
16423,web,dev_16423
16424,web,dev_16424
16425,web,dev_16425
16426,web,dev_16426
16427,web,dev_16427
16428,web,dev_16428
16429,ml,dev_16429
16430,ml,dev_16430
16431,web,dev_16431
16432,web,dev_16432
16433,web,dev_16433
16434,ml,dev_16434
16435,web,dev_16435
16436,ml,dev_16436
16437,ml,dev_16437
16438,web,dev_16438
16439,ml,dev_16439
16440,web,dev_16440
16441,ml,dev_16441
16442,ml,dev_16442
16443,ml,dev_16443
16444,ml,dev_16444
16445,web,dev_16445
16446,ml,dev_16446
16447,ml,dev_16447
16448,web,dev_16448
16449,ml,dev_16449
16450,ml,dev_16450
16451,web,dev_16451
16452,web,dev_16452
16453,ml,dev_16453
16454,web,dev_16454
16455,web,dev_16455
16456,ml,dev_16456
16457,web,dev_16457
16458,web,dev_16458
16459,ml,dev_16459
16460,ml,dev_16460
16461,ml,dev_16461
16462,ml,dev_16462
16463,web,dev_16463
16464,web,dev_16464
16465,ml,dev_16465
16466,web,dev_16466
16467,web,dev_16467
16468,web,dev_16468
16469,ml,dev_16469
16470,ml,dev_16470
16471,ml,dev_16471
16472,web,dev_16472
16473,ml,dev_16473
16474,web,dev_16474
16475,ml,dev_16475
16476,web,dev_16476
16477,ml,dev_16477
16478,web,dev_16478
16479,web,dev_16479
16480,web,dev_16480
16481,ml,dev_16481
16482,web,dev_16482
16483,web,dev_16483
16484,ml,dev_16484
16485,web,dev_16485
16486,web,dev_16486
16487,ml,dev_16487
16488,web,dev_16488
16489,web,dev_16489
16490,web,dev_16490
16491,ml,dev_16491
16492,ml,dev_16492
16493,ml,dev_16493
16494,ml,dev_16494
16495,web,dev_16495
16496,ml,dev_16496
16497,web,dev_16497
16498,web,dev_16498
16499,ml,dev_16499
16500,ml,dev_16500
16501,ml,dev_16501
16502,web,dev_16502
16503,web,dev_16503
16504,web,dev_16504
16505,web,dev_16505
16506,ml,dev_16506
16507,ml,dev_16507
16508,web,dev_16508
16509,ml,dev_16509
16510,web,dev_16510
16511,web,dev_16511
16512,web,dev_16512
16513,ml,dev_16513
16514,ml,dev_16514
16515,ml,dev_16515
16516,web,dev_16516
16517,ml,dev_16517
16518,ml,dev_16518
16519,ml,dev_16519
16520,web,dev_16520
16521,ml,dev_16521
16522,ml,dev_16522
16523,ml,dev_16523
16524,web,dev_16524
16525,ml,dev_16525
16526,ml,dev_16526
16527,web,dev_16527
16528,ml,dev_16528
16529,web,dev_16529
16530,web,dev_16530
16531,web,dev_16531
16532,ml,dev_16532
16533,web,dev_16533
16534,web,dev_16534
16535,ml,dev_16535
16536,web,dev_16536
16537,ml,dev_16537
16538,web,dev_16538
16539,ml,dev_16539
16540,ml,dev_16540
16541,ml,dev_16541
16542,ml,dev_16542
16543,web,dev_16543
16544,ml,dev_16544
16545,web,dev_16545
16546,web,dev_16546
16547,web,dev_16547
16548,web,dev_16548
16549,ml,dev_16549
16550,web,dev_16550
16551,ml,dev_16551
16552,ml,dev_16552
16553,web,dev_16553
16554,web,dev_16554
16555,ml,dev_16555
16556,web,dev_16556
16557,web,dev_16557
16558,ml,dev_16558
16559,web,dev_16559
16560,ml,dev_16560
16561,web,dev_16561
16562,ml,dev_16562
16563,ml,dev_16563
16564,ml,dev_16564
16565,ml,dev_16565
16566,web,dev_16566
16567,ml,dev_16567
16568,web,dev_16568
16569,ml,dev_16569
16570,web,dev_16570
16571,ml,dev_16571
16572,ml,dev_16572
16573,ml,dev_16573
16574,web,dev_16574
16575,web,dev_16575
16576,web,dev_16576
16577,ml,dev_16577
16578,web,dev_16578
16579,ml,dev_16579
16580,web,dev_16580
16581,web,dev_16581
16582,web,dev_16582
16583,web,dev_16583
16584,web,dev_16584
16585,web,dev_16585
16586,ml,dev_16586
16587,web,dev_16587
16588,ml,dev_16588
16589,ml,dev_16589
16590,ml,dev_16590
16591,ml,dev_16591
16592,web,dev_16592
16593,web,dev_16593
16594,web,dev_16594
16595,ml,dev_16595
16596,ml,dev_16596
16597,ml,dev_16597
16598,web,dev_16598
16599,web,dev_16599
16600,ml,dev_16600
16601,web,dev_16601
16602,web,dev_16602
16603,web,dev_16603
16604,ml,dev_16604
16605,ml,dev_16605
16606,ml,dev_16606
16607,ml,dev_16607
16608,web,dev_16608
16609,ml,dev_16609
16610,web,dev_16610
16611,ml,dev_16611
16612,ml,dev_16612
16613,ml,dev_16613
16614,web,dev_16614
16615,web,dev_16615
16616,web,dev_16616
16617,web,dev_16617
16618,ml,dev_16618
16619,ml,dev_16619
16620,ml,dev_16620
16621,web,dev_16621
16622,web,dev_16622
16623,web,dev_16623
16624,ml,dev_16624
16625,web,dev_16625
16626,web,dev_16626
16627,ml,dev_16627
16628,ml,dev_16628
16629,web,dev_16629
16630,ml,dev_16630
16631,web,dev_16631
16632,web,dev_16632
16633,web,dev_16633
16634,ml,dev_16634
16635,ml,dev_16635
16636,web,dev_16636
16637,ml,dev_16637
16638,web,dev_16638
16639,web,dev_16639
16640,ml,dev_16640
16641,ml,dev_16641
16642,web,dev_16642
16643,web,dev_16643
16644,web,dev_16644
16645,web,dev_16645
16646,ml,dev_16646
16647,ml,dev_16647
16648,ml,dev_16648
16649,ml,dev_16649
16650,web,dev_16650
16651,web,dev_16651
16652,web,dev_16652
16653,web,dev_16653
16654,ml,dev_16654
16655,ml,dev_16655
16656,ml,dev_16656
16657,web,dev_16657
16658,ml,dev_16658
16659,ml,dev_16659
16660,ml,dev_16660
16661,ml,dev_16661
16662,ml,dev_16662
16663,web,dev_16663
16664,ml,dev_16664
16665,web,dev_16665
16666,web,dev_16666
16667,web,dev_16667
16668,ml,dev_16668
16669,ml,dev_16669
16670,ml,dev_16670
16671,ml,dev_16671
16672,web,dev_16672
16673,ml,dev_16673
16674,web,dev_16674
16675,web,dev_16675
16676,web,dev_16676
16677,web,dev_16677
16678,ml,dev_16678
16679,ml,dev_16679
16680,ml,dev_16680
16681,ml,dev_16681
16682,ml,dev_16682
16683,web,dev_16683
16684,web,dev_16684
16685,ml,dev_16685
16686,web,dev_16686
16687,web,dev_16687
16688,web,dev_16688
16689,ml,dev_16689
16690,ml,dev_16690
16691,web,dev_16691
16692,web,dev_16692
16693,web,dev_16693
16694,ml,dev_16694
16695,web,dev_16695
16696,ml,dev_16696
16697,web,dev_16697
16698,ml,dev_16698
16699,web,dev_16699
16700,web,dev_16700
16701,ml,dev_16701
16702,web,dev_16702
16703,web,dev_16703
16704,web,dev_16704
16705,ml,dev_16705
16706,ml,dev_16706
16707,ml,dev_16707
16708,ml,dev_16708
16709,ml,dev_16709
16710,web,dev_16710
16711,ml,dev_16711
16712,web,dev_16712
16713,web,dev_16713
16714,web,dev_16714
16715,ml,dev_16715
16716,ml,dev_16716
16717,web,dev_16717
16718,ml,dev_16718
16719,web,dev_16719
16720,web,dev_16720
16721,web,dev_16721
16722,ml,dev_16722
16723,web,dev_16723
16724,ml,dev_16724
16725,ml,dev_16725
16726,ml,dev_16726
16727,ml,dev_16727
16728,web,dev_16728
16729,ml,dev_16729
16730,ml,dev_16730
16731,ml,dev_16731
16732,web,dev_16732
16733,ml,dev_16733
16734,web,dev_16734
16735,web,dev_16735
16736,web,dev_16736
16737,web,dev_16737
16738,web,dev_16738
16739,ml,dev_16739
16740,ml,dev_16740
16741,ml,dev_16741
16742,ml,dev_16742
16743,ml,dev_16743
16744,web,dev_16744
16745,ml,dev_16745
16746,ml,dev_16746
16747,ml,dev_16747
16748,web,dev_16748
16749,web,dev_16749
16750,web,dev_16750
16751,web,dev_16751
16752,web,dev_16752
16753,ml,dev_16753
16754,ml,dev_16754
16755,ml,dev_16755
16756,ml,dev_16756
16757,ml,dev_16757
16758,web,dev_16758
16759,web,dev_16759
16760,web,dev_16760
16761,web,dev_16761
16762,ml,dev_16762
16763,web,dev_16763
16764,web,dev_16764
16765,web,dev_16765
16766,ml,dev_16766
16767,ml,dev_16767
16768,web,dev_16768
16769,ml,dev_16769
16770,ml,dev_16770
16771,ml,dev_16771
16772,ml,dev_16772
16773,web,dev_16773
16774,web,dev_16774
16775,web,dev_16775
16776,web,dev_16776
16777,web,dev_16777
16778,ml,dev_16778
16779,web,dev_16779
16780,ml,dev_16780
16781,ml,dev_16781
16782,web,dev_16782
16783,ml,dev_16783
16784,web,dev_16784
16785,web,dev_16785
16786,ml,dev_16786
16787,web,dev_16787
16788,web,dev_16788
16789,ml,dev_16789
16790,web,dev_16790
16791,ml,dev_16791
16792,web,dev_16792
16793,ml,dev_16793
16794,ml,dev_16794
16795,web,dev_16795
16796,ml,dev_16796
16797,web,dev_16797
16798,ml,dev_16798
16799,web,dev_16799
16800,ml,dev_16800
16801,ml,dev_16801
16802,web,dev_16802
16803,web,dev_16803
16804,web,dev_16804
16805,web,dev_16805
16806,web,dev_16806
16807,ml,dev_16807
16808,web,dev_16808
16809,web,dev_16809
16810,ml,dev_16810
16811,ml,dev_16811
16812,web,dev_16812
16813,web,dev_16813
16814,web,dev_16814
16815,web,dev_16815
16816,ml,dev_16816
16817,ml,dev_16817
16818,web,dev_16818
16819,ml,dev_16819
16820,web,dev_16820
16821,ml,dev_16821
16822,web,dev_16822
16823,web,dev_16823
16824,ml,dev_16824
16825,web,dev_16825
16826,ml,dev_16826
16827,ml,dev_16827
16828,web,dev_16828
16829,web,dev_16829
16830,ml,dev_16830
16831,web,dev_16831
16832,ml,dev_16832
16833,web,dev_16833
16834,web,dev_16834
16835,ml,dev_16835
16836,ml,dev_16836
16837,web,dev_16837
16838,ml,dev_16838
16839,ml,dev_16839
16840,web,dev_16840
16841,ml,dev_16841
16842,web,dev_16842
16843,ml,dev_16843
16844,web,dev_16844
16845,web,dev_16845
16846,web,dev_16846
16847,ml,dev_16847
16848,ml,dev_16848
16849,ml,dev_16849
16850,ml,dev_16850
16851,web,dev_16851
16852,ml,dev_16852
16853,ml,dev_16853
16854,ml,dev_16854
16855,web,dev_16855
16856,web,dev_16856
16857,ml,dev_16857
16858,web,dev_16858
16859,ml,dev_16859
16860,web,dev_16860
16861,web,dev_16861
16862,web,dev_16862
16863,web,dev_16863
16864,ml,dev_16864
16865,web,dev_16865
16866,web,dev_16866
16867,ml,dev_16867
16868,ml,dev_16868
16869,ml,dev_16869
16870,web,dev_16870
16871,ml,dev_16871
16872,ml,dev_16872
16873,ml,dev_16873
16874,web,dev_16874
16875,ml,dev_16875
16876,ml,dev_16876
16877,web,dev_16877
16878,ml,dev_16878
16879,ml,dev_16879
16880,ml,dev_16880
16881,ml,dev_16881
16882,ml,dev_16882
16883,web,dev_16883
16884,ml,dev_16884
16885,web,dev_16885
16886,ml,dev_16886
16887,web,dev_16887
16888,web,dev_16888
16889,ml,dev_16889
16890,web,dev_16890
16891,web,dev_16891
16892,ml,dev_16892
16893,ml,dev_16893
16894,ml,dev_16894
16895,web,dev_16895
16896,web,dev_16896
16897,web,dev_16897
16898,ml,dev_16898
16899,ml,dev_16899
16900,ml,dev_16900
16901,ml,dev_16901
16902,ml,dev_16902
16903,web,dev_16903
16904,ml,dev_16904
16905,web,dev_16905
16906,web,dev_16906
16907,ml,dev_16907
16908,web,dev_16908
16909,web,dev_16909
16910,ml,dev_16910
16911,ml,dev_16911
16912,web,dev_16912
16913,web,dev_16913
16914,ml,dev_16914
16915,ml,dev_16915
16916,web,dev_16916
16917,ml,dev_16917
16918,web,dev_16918
16919,ml,dev_16919
16920,web,dev_16920
16921,ml,dev_16921
16922,web,dev_16922
16923,web,dev_16923
16924,web,dev_16924
16925,web,dev_16925
16926,ml,dev_16926
16927,ml,dev_16927
16928,ml,dev_16928
16929,ml,dev_16929
16930,web,dev_16930
16931,ml,dev_16931
16932,ml,dev_16932
16933,web,dev_16933
16934,ml,dev_16934
16935,ml,dev_16935
16936,web,dev_16936
16937,ml,dev_16937
16938,web,dev_16938
16939,ml,dev_16939
16940,web,dev_16940
16941,ml,dev_16941
16942,ml,dev_16942
16943,web,dev_16943
16944,ml,dev_16944
16945,ml,dev_16945
16946,ml,dev_16946
16947,web,dev_16947
16948,ml,dev_16948
16949,ml,dev_16949
16950,ml,dev_16950
16951,ml,dev_16951
16952,ml,dev_16952
16953,web,dev_16953
16954,ml,dev_16954
16955,web,dev_16955
16956,ml,dev_16956
16957,ml,dev_16957
16958,web,dev_16958
16959,ml,dev_16959
16960,web,dev_16960
16961,ml,dev_16961
16962,ml,dev_16962
16963,ml,dev_16963
16964,web,dev_16964
16965,ml,dev_16965
16966,ml,dev_16966
16967,ml,dev_16967
16968,ml,dev_16968
16969,ml,dev_16969
16970,ml,dev_16970
16971,web,dev_16971
16972,web,dev_16972
16973,web,dev_16973
16974,ml,dev_16974
16975,web,dev_16975
16976,web,dev_16976
16977,web,dev_16977
16978,ml,dev_16978
16979,web,dev_16979
16980,ml,dev_16980
16981,ml,dev_16981
16982,web,dev_16982
16983,web,dev_16983
16984,ml,dev_16984
16985,web,dev_16985
16986,web,dev_16986
16987,ml,dev_16987
16988,ml,dev_16988
16989,web,dev_16989
16990,web,dev_16990
16991,web,dev_16991
16992,web,dev_16992
16993,ml,dev_16993
16994,ml,dev_16994
16995,web,dev_16995
16996,ml,dev_16996
16997,web,dev_16997
16998,web,dev_16998
16999,web,dev_16999
17000,ml,dev_17000
17001,web,dev_17001
17002,web,dev_17002
17003,ml,dev_17003
17004,web,dev_17004
17005,web,dev_17005
17006,web,dev_17006
17007,web,dev_17007
17008,web,dev_17008
17009,ml,dev_17009
17010,ml,dev_17010
17011,ml,dev_17011
17012,web,dev_17012
17013,ml,dev_17013
17014,ml,dev_17014
17015,ml,dev_17015
17016,ml,dev_17016
17017,ml,dev_17017
17018,ml,dev_17018
17019,web,dev_17019
17020,web,dev_17020
17021,ml,dev_17021
17022,web,dev_17022
17023,ml,dev_17023
17024,ml,dev_17024
17025,ml,dev_17025
17026,web,dev_17026
17027,ml,dev_17027
17028,ml,dev_17028
17029,ml,dev_17029
17030,ml,dev_17030
17031,web,dev_17031
17032,web,dev_17032
17033,ml,dev_17033
17034,ml,dev_17034
17035,web,dev_17035
17036,ml,dev_17036
17037,ml,dev_17037
17038,web,dev_17038
17039,web,dev_17039
17040,ml,dev_17040
17041,web,dev_17041
17042,web,dev_17042
17043,web,dev_17043
17044,ml,dev_17044
17045,web,dev_17045
17046,ml,dev_17046
17047,ml,dev_17047
17048,ml,dev_17048
17049,ml,dev_17049
17050,web,dev_17050
17051,ml,dev_17051
17052,web,dev_17052
17053,web,dev_17053
17054,ml,dev_17054
17055,web,dev_17055
17056,ml,dev_17056
17057,ml,dev_17057
17058,web,dev_17058
17059,web,dev_17059
17060,ml,dev_17060
17061,web,dev_17061
17062,web,dev_17062
17063,web,dev_17063
17064,ml,dev_17064
17065,ml,dev_17065
17066,ml,dev_17066
17067,web,dev_17067
17068,ml,dev_17068
17069,ml,dev_17069
17070,ml,dev_17070
17071,web,dev_17071
17072,ml,dev_17072
17073,web,dev_17073
17074,ml,dev_17074
17075,ml,dev_17075
17076,web,dev_17076
17077,ml,dev_17077
17078,web,dev_17078
17079,ml,dev_17079
17080,ml,dev_17080
17081,ml,dev_17081
17082,web,dev_17082
17083,ml,dev_17083
17084,ml,dev_17084
17085,web,dev_17085
17086,ml,dev_17086
17087,ml,dev_17087
17088,ml,dev_17088
17089,ml,dev_17089
17090,web,dev_17090
17091,web,dev_17091
17092,ml,dev_17092
17093,web,dev_17093
17094,web,dev_17094
17095,web,dev_17095
17096,ml,dev_17096
17097,ml,dev_17097
17098,web,dev_17098
17099,ml,dev_17099
17100,web,dev_17100
17101,web,dev_17101
17102,ml,dev_17102
17103,ml,dev_17103
17104,web,dev_17104
17105,web,dev_17105
17106,ml,dev_17106
17107,ml,dev_17107
17108,ml,dev_17108
17109,web,dev_17109
17110,web,dev_17110
17111,ml,dev_17111
17112,web,dev_17112
17113,web,dev_17113
17114,ml,dev_17114
17115,web,dev_17115
17116,ml,dev_17116
17117,ml,dev_17117
17118,ml,dev_17118
17119,ml,dev_17119
17120,web,dev_17120
17121,ml,dev_17121
17122,ml,dev_17122
17123,ml,dev_17123
17124,ml,dev_17124
17125,ml,dev_17125
17126,ml,dev_17126
17127,ml,dev_17127
17128,web,dev_17128
17129,web,dev_17129
17130,web,dev_17130
17131,web,dev_17131
17132,ml,dev_17132
17133,ml,dev_17133
17134,web,dev_17134
17135,ml,dev_17135
17136,ml,dev_17136
17137,web,dev_17137
17138,web,dev_17138
17139,ml,dev_17139
17140,web,dev_17140
17141,ml,dev_17141
17142,ml,dev_17142
17143,web,dev_17143
17144,ml,dev_17144
17145,web,dev_17145
17146,web,dev_17146
17147,web,dev_17147
17148,ml,dev_17148
17149,ml,dev_17149
17150,ml,dev_17150
17151,ml,dev_17151
17152,web,dev_17152
17153,web,dev_17153
17154,ml,dev_17154
17155,web,dev_17155
17156,web,dev_17156
17157,web,dev_17157
17158,ml,dev_17158
17159,ml,dev_17159
17160,ml,dev_17160
17161,ml,dev_17161
17162,ml,dev_17162
17163,web,dev_17163
17164,web,dev_17164
17165,web,dev_17165
17166,ml,dev_17166
17167,ml,dev_17167
17168,ml,dev_17168
17169,ml,dev_17169
17170,ml,dev_17170
17171,ml,dev_17171
17172,web,dev_17172
17173,web,dev_17173
17174,web,dev_17174
17175,web,dev_17175
17176,web,dev_17176
17177,ml,dev_17177
17178,ml,dev_17178
17179,ml,dev_17179
17180,web,dev_17180
17181,web,dev_17181
17182,web,dev_17182
17183,web,dev_17183
17184,ml,dev_17184
17185,ml,dev_17185
17186,ml,dev_17186
17187,ml,dev_17187
17188,web,dev_17188
17189,ml,dev_17189
17190,ml,dev_17190
17191,ml,dev_17191
17192,web,dev_17192
17193,web,dev_17193
17194,web,dev_17194
17195,web,dev_17195
17196,ml,dev_17196
17197,ml,dev_17197
17198,web,dev_17198
17199,ml,dev_17199
17200,ml,dev_17200
17201,web,dev_17201
17202,web,dev_17202
17203,web,dev_17203
17204,ml,dev_17204
17205,ml,dev_17205
17206,web,dev_17206
17207,ml,dev_17207
17208,ml,dev_17208
17209,web,dev_17209
17210,ml,dev_17210
17211,web,dev_17211
17212,web,dev_17212
17213,ml,dev_17213
17214,web,dev_17214
17215,ml,dev_17215
17216,web,dev_17216
17217,web,dev_17217
17218,web,dev_17218
17219,ml,dev_17219
17220,web,dev_17220
17221,web,dev_17221
17222,ml,dev_17222
17223,ml,dev_17223
17224,web,dev_17224
17225,ml,dev_17225
17226,web,dev_17226
17227,web,dev_17227
17228,ml,dev_17228
17229,web,dev_17229
17230,ml,dev_17230
17231,ml,dev_17231
17232,web,dev_17232
17233,web,dev_17233
17234,web,dev_17234
17235,web,dev_17235
17236,web,dev_17236
17237,ml,dev_17237
17238,web,dev_17238
17239,ml,dev_17239
17240,web,dev_17240
17241,web,dev_17241
17242,web,dev_17242
17243,ml,dev_17243
17244,web,dev_17244
17245,ml,dev_17245
17246,ml,dev_17246
17247,ml,dev_17247
17248,web,dev_17248
17249,ml,dev_17249
17250,ml,dev_17250
17251,ml,dev_17251
17252,ml,dev_17252
17253,web,dev_17253
17254,ml,dev_17254
17255,web,dev_17255
17256,web,dev_17256
17257,ml,dev_17257
17258,web,dev_17258
17259,web,dev_17259
17260,web,dev_17260
17261,ml,dev_17261
17262,web,dev_17262
17263,web,dev_17263
17264,ml,dev_17264
17265,ml,dev_17265
17266,ml,dev_17266
17267,ml,dev_17267
17268,web,dev_17268
17269,ml,dev_17269
17270,web,dev_17270
17271,ml,dev_17271
17272,web,dev_17272
17273,web,dev_17273
17274,web,dev_17274
17275,web,dev_17275
17276,web,dev_17276
17277,ml,dev_17277
17278,ml,dev_17278
17279,ml,dev_17279
17280,ml,dev_17280
17281,ml,dev_17281
17282,ml,dev_17282
17283,ml,dev_17283
17284,ml,dev_17284
17285,ml,dev_17285
17286,web,dev_17286
17287,web,dev_17287
17288,ml,dev_17288
17289,web,dev_17289
17290,web,dev_17290
17291,ml,dev_17291
17292,web,dev_17292
17293,web,dev_17293
17294,ml,dev_17294
17295,ml,dev_17295
17296,web,dev_17296
17297,web,dev_17297
17298,web,dev_17298
17299,web,dev_17299
17300,web,dev_17300
17301,ml,dev_17301
17302,web,dev_17302
17303,web,dev_17303
17304,ml,dev_17304
17305,ml,dev_17305
17306,ml,dev_17306
17307,web,dev_17307
17308,ml,dev_17308
17309,ml,dev_17309
17310,ml,dev_17310
17311,web,dev_17311
17312,ml,dev_17312
17313,web,dev_17313
17314,web,dev_17314
17315,web,dev_17315
17316,ml,dev_17316
17317,ml,dev_17317
17318,ml,dev_17318
17319,ml,dev_17319
17320,web,dev_17320
17321,web,dev_17321
17322,ml,dev_17322
17323,web,dev_17323
17324,ml,dev_17324
17325,ml,dev_17325
17326,ml,dev_17326
17327,web,dev_17327
17328,web,dev_17328
17329,web,dev_17329
17330,ml,dev_17330
17331,ml,dev_17331
17332,ml,dev_17332
17333,ml,dev_17333
17334,web,dev_17334
17335,ml,dev_17335
17336,web,dev_17336
17337,web,dev_17337
17338,ml,dev_17338
17339,web,dev_17339
17340,web,dev_17340
17341,ml,dev_17341
17342,ml,dev_17342
17343,web,dev_17343
17344,ml,dev_17344
17345,web,dev_17345
17346,web,dev_17346
17347,ml,dev_17347
17348,web,dev_17348
17349,ml,dev_17349
17350,web,dev_17350
17351,web,dev_17351
17352,web,dev_17352
17353,ml,dev_17353
17354,ml,dev_17354
17355,ml,dev_17355
17356,web,dev_17356
17357,ml,dev_17357
17358,web,dev_17358
17359,web,dev_17359
17360,web,dev_17360
17361,web,dev_17361
17362,ml,dev_17362
17363,ml,dev_17363
17364,ml,dev_17364
17365,web,dev_17365
17366,ml,dev_17366
17367,ml,dev_17367
17368,ml,dev_17368
17369,web,dev_17369
17370,ml,dev_17370
17371,ml,dev_17371
17372,ml,dev_17372
17373,ml,dev_17373
17374,ml,dev_17374
17375,ml,dev_17375
17376,ml,dev_17376
17377,ml,dev_17377
17378,web,dev_17378
17379,ml,dev_17379
17380,ml,dev_17380
17381,ml,dev_17381
17382,ml,dev_17382
17383,web,dev_17383
17384,web,dev_17384
17385,web,dev_17385
17386,ml,dev_17386
17387,web,dev_17387
17388,ml,dev_17388
17389,ml,dev_17389
17390,ml,dev_17390
17391,ml,dev_17391
17392,web,dev_17392
17393,ml,dev_17393
17394,web,dev_17394
17395,web,dev_17395
17396,web,dev_17396
17397,web,dev_17397
17398,web,dev_17398
17399,ml,dev_17399
17400,ml,dev_17400
17401,web,dev_17401
17402,ml,dev_17402
17403,ml,dev_17403
17404,ml,dev_17404
17405,web,dev_17405
17406,ml,dev_17406
17407,ml,dev_17407
17408,web,dev_17408
17409,web,dev_17409
17410,web,dev_17410
17411,ml,dev_17411
17412,web,dev_17412
17413,ml,dev_17413
17414,ml,dev_17414
17415,ml,dev_17415
17416,ml,dev_17416
17417,web,dev_17417
17418,ml,dev_17418
17419,web,dev_17419
17420,web,dev_17420
17421,ml,dev_17421
17422,web,dev_17422
17423,ml,dev_17423
17424,web,dev_17424
17425,web,dev_17425
17426,ml,dev_17426
17427,ml,dev_17427
17428,web,dev_17428
17429,ml,dev_17429
17430,ml,dev_17430
17431,ml,dev_17431
17432,web,dev_17432
17433,web,dev_17433
17434,ml,dev_17434
17435,ml,dev_17435
17436,web,dev_17436
17437,ml,dev_17437
17438,ml,dev_17438
17439,web,dev_17439
17440,web,dev_17440
17441,web,dev_17441
17442,web,dev_17442
17443,ml,dev_17443
17444,ml,dev_17444
17445,web,dev_17445
17446,web,dev_17446
17447,ml,dev_17447
17448,ml,dev_17448
17449,ml,dev_17449
17450,web,dev_17450
17451,web,dev_17451
17452,web,dev_17452
17453,web,dev_17453
17454,ml,dev_17454
17455,web,dev_17455
17456,web,dev_17456
17457,ml,dev_17457
17458,web,dev_17458
17459,web,dev_17459
17460,ml,dev_17460
17461,web,dev_17461
17462,web,dev_17462
17463,ml,dev_17463
17464,ml,dev_17464
17465,ml,dev_17465
17466,ml,dev_17466
17467,web,dev_17467
17468,ml,dev_17468
17469,web,dev_17469
17470,ml,dev_17470
17471,web,dev_17471
17472,ml,dev_17472
17473,web,dev_17473
17474,web,dev_17474
17475,web,dev_17475
17476,ml,dev_17476
17477,ml,dev_17477
17478,web,dev_17478
17479,ml,dev_17479
17480,web,dev_17480
17481,ml,dev_17481
17482,ml,dev_17482
17483,ml,dev_17483
17484,web,dev_17484
17485,web,dev_17485
17486,ml,dev_17486
17487,ml,dev_17487
17488,ml,dev_17488
17489,ml,dev_17489
17490,ml,dev_17490
17491,ml,dev_17491
17492,web,dev_17492
17493,web,dev_17493
17494,web,dev_17494
17495,ml,dev_17495
17496,web,dev_17496
17497,web,dev_17497
17498,ml,dev_17498
17499,ml,dev_17499
17500,ml,dev_17500
17501,web,dev_17501
17502,web,dev_17502
17503,ml,dev_17503
17504,ml,dev_17504
17505,web,dev_17505
17506,ml,dev_17506
17507,ml,dev_17507
17508,ml,dev_17508
17509,ml,dev_17509
17510,ml,dev_17510
17511,ml,dev_17511
17512,web,dev_17512
17513,ml,dev_17513
17514,ml,dev_17514
17515,web,dev_17515
17516,web,dev_17516
17517,web,dev_17517
17518,web,dev_17518
17519,web,dev_17519
17520,web,dev_17520
17521,ml,dev_17521
17522,ml,dev_17522
17523,ml,dev_17523
17524,web,dev_17524
17525,web,dev_17525
17526,web,dev_17526
17527,web,dev_17527
17528,ml,dev_17528
17529,ml,dev_17529
17530,ml,dev_17530
17531,web,dev_17531
17532,web,dev_17532
17533,web,dev_17533
17534,web,dev_17534
17535,web,dev_17535
17536,web,dev_17536
17537,web,dev_17537
17538,ml,dev_17538
17539,web,dev_17539
17540,ml,dev_17540
17541,ml,dev_17541
17542,ml,dev_17542
17543,web,dev_17543
17544,web,dev_17544
17545,ml,dev_17545
17546,ml,dev_17546
17547,web,dev_17547
17548,ml,dev_17548
17549,ml,dev_17549
17550,ml,dev_17550
17551,ml,dev_17551
17552,ml,dev_17552
17553,ml,dev_17553
17554,web,dev_17554
17555,web,dev_17555
17556,web,dev_17556
17557,ml,dev_17557
17558,ml,dev_17558
17559,ml,dev_17559
17560,web,dev_17560
17561,ml,dev_17561
17562,ml,dev_17562
17563,web,dev_17563
17564,ml,dev_17564
17565,web,dev_17565
17566,ml,dev_17566
17567,web,dev_17567
17568,ml,dev_17568
17569,web,dev_17569
17570,web,dev_17570
17571,web,dev_17571
17572,web,dev_17572
17573,web,dev_17573
17574,web,dev_17574
17575,ml,dev_17575
17576,ml,dev_17576
17577,ml,dev_17577
17578,web,dev_17578
17579,ml,dev_17579
17580,web,dev_17580
17581,ml,dev_17581
17582,ml,dev_17582
17583,web,dev_17583
17584,ml,dev_17584
17585,web,dev_17585
17586,web,dev_17586
17587,ml,dev_17587
17588,web,dev_17588
17589,ml,dev_17589
17590,web,dev_17590
17591,web,dev_17591
17592,web,dev_17592
17593,web,dev_17593
17594,web,dev_17594
17595,web,dev_17595
17596,web,dev_17596
17597,web,dev_17597
17598,ml,dev_17598
17599,web,dev_17599
17600,ml,dev_17600
17601,ml,dev_17601
17602,web,dev_17602
17603,ml,dev_17603
17604,web,dev_17604
17605,ml,dev_17605
17606,ml,dev_17606
17607,web,dev_17607
17608,web,dev_17608
17609,web,dev_17609
17610,ml,dev_17610
17611,web,dev_17611
17612,ml,dev_17612
17613,web,dev_17613
17614,ml,dev_17614
17615,ml,dev_17615
17616,ml,dev_17616
17617,ml,dev_17617
17618,web,dev_17618
17619,ml,dev_17619
17620,web,dev_17620
17621,ml,dev_17621
17622,ml,dev_17622
17623,web,dev_17623
17624,web,dev_17624
17625,web,dev_17625
17626,web,dev_17626
17627,ml,dev_17627
17628,ml,dev_17628
17629,ml,dev_17629
17630,web,dev_17630
17631,ml,dev_17631
17632,web,dev_17632
17633,web,dev_17633
17634,ml,dev_17634
17635,web,dev_17635
17636,ml,dev_17636
17637,ml,dev_17637
17638,ml,dev_17638
17639,ml,dev_17639
17640,web,dev_17640
17641,web,dev_17641
17642,ml,dev_17642
17643,ml,dev_17643
17644,web,dev_17644
17645,ml,dev_17645
17646,web,dev_17646
17647,web,dev_17647
17648,ml,dev_17648
17649,ml,dev_17649
17650,web,dev_17650
17651,ml,dev_17651
17652,web,dev_17652
17653,web,dev_17653
17654,web,dev_17654
17655,web,dev_17655
17656,ml,dev_17656
17657,ml,dev_17657
17658,ml,dev_17658
17659,ml,dev_17659
17660,web,dev_17660
17661,web,dev_17661
17662,ml,dev_17662
17663,web,dev_17663
17664,web,dev_17664
17665,ml,dev_17665
17666,ml,dev_17666
17667,web,dev_17667
17668,web,dev_17668
17669,ml,dev_17669
17670,web,dev_17670
17671,web,dev_17671
17672,ml,dev_17672
17673,ml,dev_17673
17674,ml,dev_17674
17675,web,dev_17675
17676,web,dev_17676
17677,ml,dev_17677
17678,web,dev_17678
17679,web,dev_17679
17680,web,dev_17680
17681,web,dev_17681
17682,ml,dev_17682
17683,web,dev_17683
17684,ml,dev_17684
17685,ml,dev_17685
17686,ml,dev_17686
17687,web,dev_17687
17688,web,dev_17688
17689,ml,dev_17689
17690,ml,dev_17690
17691,web,dev_17691
17692,ml,dev_17692
17693,ml,dev_17693
17694,web,dev_17694
17695,web,dev_17695
17696,web,dev_17696
17697,web,dev_17697
17698,web,dev_17698
17699,ml,dev_17699
17700,web,dev_17700
17701,web,dev_17701
17702,ml,dev_17702
17703,ml,dev_17703
17704,ml,dev_17704
17705,ml,dev_17705
17706,web,dev_17706
17707,ml,dev_17707
17708,ml,dev_17708
17709,ml,dev_17709
17710,ml,dev_17710
17711,web,dev_17711
17712,ml,dev_17712
17713,ml,dev_17713
17714,ml,dev_17714
17715,ml,dev_17715
17716,web,dev_17716
17717,ml,dev_17717
17718,ml,dev_17718
17719,web,dev_17719
17720,web,dev_17720
17721,ml,dev_17721
17722,ml,dev_17722
17723,web,dev_17723
17724,web,dev_17724
17725,ml,dev_17725
17726,ml,dev_17726
17727,web,dev_17727
17728,ml,dev_17728
17729,ml,dev_17729
17730,web,dev_17730
17731,web,dev_17731
17732,web,dev_17732
17733,ml,dev_17733
17734,ml,dev_17734
17735,ml,dev_17735
17736,web,dev_17736
17737,web,dev_17737
17738,web,dev_17738
17739,web,dev_17739
17740,web,dev_17740
17741,ml,dev_17741
17742,web,dev_17742
17743,ml,dev_17743
17744,web,dev_17744
17745,web,dev_17745
17746,web,dev_17746
17747,web,dev_17747
17748,ml,dev_17748
17749,web,dev_17749
17750,web,dev_17750
17751,web,dev_17751
17752,ml,dev_17752
17753,ml,dev_17753
17754,web,dev_17754
17755,web,dev_17755
17756,web,dev_17756
17757,ml,dev_17757
17758,ml,dev_17758
17759,web,dev_17759
17760,web,dev_17760
17761,web,dev_17761
17762,web,dev_17762
17763,ml,dev_17763
17764,web,dev_17764
17765,ml,dev_17765
17766,web,dev_17766
17767,ml,dev_17767
17768,ml,dev_17768
17769,web,dev_17769
17770,web,dev_17770
17771,web,dev_17771
17772,ml,dev_17772
17773,ml,dev_17773
17774,ml,dev_17774
17775,ml,dev_17775
17776,web,dev_17776
17777,ml,dev_17777
17778,ml,dev_17778
17779,ml,dev_17779
17780,ml,dev_17780
17781,ml,dev_17781
17782,web,dev_17782
17783,web,dev_17783
17784,web,dev_17784
17785,web,dev_17785
17786,ml,dev_17786
17787,ml,dev_17787
17788,ml,dev_17788
17789,ml,dev_17789
17790,ml,dev_17790
17791,ml,dev_17791
17792,web,dev_17792
17793,ml,dev_17793
17794,ml,dev_17794
17795,ml,dev_17795
17796,ml,dev_17796
17797,web,dev_17797
17798,ml,dev_17798
17799,web,dev_17799
17800,web,dev_17800
17801,web,dev_17801
17802,ml,dev_17802
17803,ml,dev_17803
17804,ml,dev_17804
17805,ml,dev_17805
17806,web,dev_17806
17807,ml,dev_17807
17808,ml,dev_17808
17809,ml,dev_17809
17810,web,dev_17810
17811,ml,dev_17811
17812,ml,dev_17812
17813,web,dev_17813
17814,ml,dev_17814
17815,ml,dev_17815
17816,web,dev_17816
17817,web,dev_17817
17818,ml,dev_17818
17819,web,dev_17819
17820,ml,dev_17820
17821,ml,dev_17821
17822,ml,dev_17822
17823,ml,dev_17823
17824,ml,dev_17824
17825,ml,dev_17825
17826,ml,dev_17826
17827,web,dev_17827
17828,web,dev_17828
17829,ml,dev_17829
17830,web,dev_17830
17831,ml,dev_17831
17832,web,dev_17832
17833,web,dev_17833
17834,ml,dev_17834
17835,web,dev_17835
17836,ml,dev_17836
17837,ml,dev_17837
17838,web,dev_17838
17839,ml,dev_17839
17840,ml,dev_17840
17841,web,dev_17841
17842,ml,dev_17842
17843,web,dev_17843
17844,ml,dev_17844
17845,web,dev_17845
17846,web,dev_17846
17847,ml,dev_17847
17848,web,dev_17848
17849,ml,dev_17849
17850,ml,dev_17850
17851,ml,dev_17851
17852,ml,dev_17852
17853,ml,dev_17853
17854,ml,dev_17854
17855,ml,dev_17855
17856,web,dev_17856
17857,ml,dev_17857
17858,web,dev_17858
17859,ml,dev_17859
17860,web,dev_17860
17861,ml,dev_17861
17862,web,dev_17862
17863,web,dev_17863
17864,web,dev_17864
17865,web,dev_17865
17866,web,dev_17866
17867,ml,dev_17867
17868,web,dev_17868
17869,web,dev_17869
17870,web,dev_17870
17871,web,dev_17871
17872,web,dev_17872
17873,web,dev_17873
17874,web,dev_17874
17875,ml,dev_17875
17876,web,dev_17876
17877,ml,dev_17877
17878,ml,dev_17878
17879,ml,dev_17879
17880,ml,dev_17880
17881,web,dev_17881
17882,ml,dev_17882
17883,ml,dev_17883
17884,ml,dev_17884
17885,web,dev_17885
17886,ml,dev_17886
17887,web,dev_17887
17888,ml,dev_17888
17889,web,dev_17889
17890,web,dev_17890
17891,web,dev_17891
17892,web,dev_17892
17893,web,dev_17893
17894,web,dev_17894
17895,web,dev_17895
17896,web,dev_17896
17897,web,dev_17897
17898,web,dev_17898
17899,ml,dev_17899
17900,ml,dev_17900
17901,web,dev_17901
17902,web,dev_17902
17903,ml,dev_17903
17904,web,dev_17904
17905,web,dev_17905
17906,web,dev_17906
17907,ml,dev_17907
17908,ml,dev_17908
17909,ml,dev_17909
17910,web,dev_17910
17911,ml,dev_17911
17912,ml,dev_17912
17913,web,dev_17913
17914,ml,dev_17914
17915,ml,dev_17915
17916,ml,dev_17916
17917,ml,dev_17917
17918,ml,dev_17918
17919,ml,dev_17919
17920,ml,dev_17920
17921,ml,dev_17921
17922,ml,dev_17922
17923,ml,dev_17923
17924,web,dev_17924
17925,web,dev_17925
17926,ml,dev_17926
17927,web,dev_17927
17928,web,dev_17928
17929,ml,dev_17929
17930,web,dev_17930
17931,ml,dev_17931
17932,web,dev_17932
17933,web,dev_17933
17934,web,dev_17934
17935,web,dev_17935
17936,web,dev_17936
17937,ml,dev_17937
17938,ml,dev_17938
17939,web,dev_17939
17940,ml,dev_17940
17941,ml,dev_17941
17942,ml,dev_17942
17943,web,dev_17943
17944,ml,dev_17944
17945,ml,dev_17945
17946,ml,dev_17946
17947,ml,dev_17947
17948,web,dev_17948
17949,web,dev_17949
17950,web,dev_17950
17951,web,dev_17951
17952,web,dev_17952
17953,ml,dev_17953
17954,web,dev_17954
17955,ml,dev_17955
17956,web,dev_17956
17957,web,dev_17957
17958,ml,dev_17958
17959,ml,dev_17959
17960,web,dev_17960
17961,web,dev_17961
17962,ml,dev_17962
17963,web,dev_17963
17964,web,dev_17964
17965,ml,dev_17965
17966,web,dev_17966
17967,ml,dev_17967
17968,web,dev_17968
17969,web,dev_17969
17970,ml,dev_17970
17971,web,dev_17971
17972,web,dev_17972
17973,ml,dev_17973
17974,web,dev_17974
17975,web,dev_17975
17976,ml,dev_17976
17977,ml,dev_17977
17978,ml,dev_17978
17979,web,dev_17979
17980,web,dev_17980
17981,ml,dev_17981
17982,web,dev_17982
17983,ml,dev_17983
17984,ml,dev_17984
17985,web,dev_17985
17986,ml,dev_17986
17987,web,dev_17987
17988,web,dev_17988
17989,web,dev_17989
17990,ml,dev_17990
17991,ml,dev_17991
17992,ml,dev_17992
17993,ml,dev_17993
17994,ml,dev_17994
17995,ml,dev_17995
17996,web,dev_17996
17997,web,dev_17997
17998,web,dev_17998
17999,ml,dev_17999
18000,ml,dev_18000
18001,web,dev_18001
18002,web,dev_18002
18003,web,dev_18003
18004,web,dev_18004
18005,web,dev_18005
18006,ml,dev_18006
18007,ml,dev_18007
18008,ml,dev_18008
18009,ml,dev_18009
18010,web,dev_18010
18011,web,dev_18011
18012,web,dev_18012
18013,web,dev_18013
18014,web,dev_18014
18015,ml,dev_18015
18016,ml,dev_18016
18017,web,dev_18017
18018,web,dev_18018
18019,web,dev_18019
18020,web,dev_18020
18021,ml,dev_18021
18022,ml,dev_18022
18023,web,dev_18023
18024,ml,dev_18024
18025,ml,dev_18025
18026,web,dev_18026
18027,web,dev_18027
18028,ml,dev_18028
18029,web,dev_18029
18030,web,dev_18030
18031,ml,dev_18031
18032,web,dev_18032
18033,ml,dev_18033
18034,web,dev_18034
18035,web,dev_18035
18036,web,dev_18036
18037,web,dev_18037
18038,ml,dev_18038
18039,web,dev_18039
18040,web,dev_18040
18041,web,dev_18041
18042,ml,dev_18042
18043,ml,dev_18043
18044,web,dev_18044
18045,web,dev_18045
18046,ml,dev_18046
18047,web,dev_18047
18048,web,dev_18048
18049,ml,dev_18049
18050,ml,dev_18050
18051,web,dev_18051
18052,ml,dev_18052
18053,web,dev_18053
18054,web,dev_18054
18055,web,dev_18055
18056,web,dev_18056
18057,ml,dev_18057
18058,ml,dev_18058
18059,ml,dev_18059
18060,web,dev_18060
18061,web,dev_18061
18062,web,dev_18062
18063,web,dev_18063
18064,ml,dev_18064
18065,ml,dev_18065
18066,web,dev_18066
18067,ml,dev_18067
18068,web,dev_18068
18069,web,dev_18069
18070,ml,dev_18070
18071,web,dev_18071
18072,ml,dev_18072
18073,web,dev_18073
18074,web,dev_18074
18075,ml,dev_18075
18076,ml,dev_18076
18077,web,dev_18077
18078,web,dev_18078
18079,ml,dev_18079
18080,web,dev_18080
18081,web,dev_18081
18082,ml,dev_18082
18083,web,dev_18083
18084,web,dev_18084
18085,web,dev_18085
18086,ml,dev_18086
18087,web,dev_18087
18088,web,dev_18088
18089,web,dev_18089
18090,web,dev_18090
18091,web,dev_18091
18092,ml,dev_18092
18093,web,dev_18093
18094,web,dev_18094
18095,ml,dev_18095
18096,web,dev_18096
18097,ml,dev_18097
18098,web,dev_18098
18099,ml,dev_18099
18100,ml,dev_18100
18101,ml,dev_18101
18102,web,dev_18102
18103,web,dev_18103
18104,ml,dev_18104
18105,ml,dev_18105
18106,ml,dev_18106
18107,ml,dev_18107
18108,ml,dev_18108
18109,web,dev_18109
18110,web,dev_18110
18111,web,dev_18111
18112,web,dev_18112
18113,web,dev_18113
18114,web,dev_18114
18115,ml,dev_18115
18116,web,dev_18116
18117,web,dev_18117
18118,web,dev_18118
18119,ml,dev_18119
18120,web,dev_18120
18121,ml,dev_18121
18122,ml,dev_18122
18123,web,dev_18123
18124,web,dev_18124
18125,web,dev_18125
18126,web,dev_18126
18127,ml,dev_18127
18128,ml,dev_18128
18129,ml,dev_18129
18130,web,dev_18130
18131,ml,dev_18131
18132,web,dev_18132
18133,ml,dev_18133
18134,ml,dev_18134
18135,web,dev_18135
18136,ml,dev_18136
18137,ml,dev_18137
18138,web,dev_18138
18139,web,dev_18139
18140,ml,dev_18140
18141,web,dev_18141
18142,web,dev_18142
18143,ml,dev_18143
18144,web,dev_18144
18145,web,dev_18145
18146,ml,dev_18146
18147,web,dev_18147
18148,web,dev_18148
18149,ml,dev_18149
18150,web,dev_18150
18151,ml,dev_18151
18152,web,dev_18152
18153,ml,dev_18153
18154,web,dev_18154
18155,ml,dev_18155
18156,web,dev_18156
18157,ml,dev_18157
18158,web,dev_18158
18159,ml,dev_18159
18160,ml,dev_18160
18161,ml,dev_18161
18162,ml,dev_18162
18163,ml,dev_18163
18164,web,dev_18164
18165,ml,dev_18165
18166,web,dev_18166
18167,web,dev_18167
18168,ml,dev_18168
18169,ml,dev_18169
18170,ml,dev_18170
18171,web,dev_18171
18172,web,dev_18172
18173,web,dev_18173
18174,web,dev_18174
18175,ml,dev_18175
18176,ml,dev_18176
18177,ml,dev_18177
18178,web,dev_18178
18179,web,dev_18179
18180,web,dev_18180
18181,ml,dev_18181
18182,ml,dev_18182
18183,web,dev_18183
18184,web,dev_18184
18185,ml,dev_18185
18186,web,dev_18186
18187,ml,dev_18187
18188,ml,dev_18188
18189,web,dev_18189
18190,web,dev_18190
18191,web,dev_18191
18192,web,dev_18192
18193,web,dev_18193
18194,ml,dev_18194
18195,web,dev_18195
18196,ml,dev_18196
18197,ml,dev_18197
18198,web,dev_18198
18199,web,dev_18199
18200,ml,dev_18200
18201,ml,dev_18201
18202,web,dev_18202
18203,web,dev_18203
18204,web,dev_18204
18205,web,dev_18205
18206,ml,dev_18206
18207,web,dev_18207
18208,web,dev_18208
18209,ml,dev_18209
18210,ml,dev_18210
18211,web,dev_18211
18212,web,dev_18212
18213,ml,dev_18213
18214,ml,dev_18214
18215,web,dev_18215
18216,web,dev_18216
18217,web,dev_18217
18218,ml,dev_18218
18219,web,dev_18219
18220,ml,dev_18220
18221,web,dev_18221
18222,ml,dev_18222
18223,ml,dev_18223
18224,web,dev_18224
18225,web,dev_18225
18226,ml,dev_18226
18227,ml,dev_18227
18228,ml,dev_18228
18229,ml,dev_18229
18230,web,dev_18230
18231,ml,dev_18231
18232,ml,dev_18232
18233,ml,dev_18233
18234,ml,dev_18234
18235,web,dev_18235
18236,ml,dev_18236
18237,web,dev_18237
18238,web,dev_18238
18239,web,dev_18239
18240,web,dev_18240
18241,ml,dev_18241
18242,web,dev_18242
18243,ml,dev_18243
18244,ml,dev_18244
18245,ml,dev_18245
18246,ml,dev_18246
18247,web,dev_18247
18248,ml,dev_18248
18249,ml,dev_18249
18250,ml,dev_18250
18251,web,dev_18251
18252,ml,dev_18252
18253,ml,dev_18253
18254,web,dev_18254
18255,ml,dev_18255
18256,web,dev_18256
18257,ml,dev_18257
18258,web,dev_18258
18259,web,dev_18259
18260,web,dev_18260
18261,web,dev_18261
18262,ml,dev_18262
18263,ml,dev_18263
18264,web,dev_18264
18265,ml,dev_18265
18266,web,dev_18266
18267,web,dev_18267
18268,ml,dev_18268
18269,web,dev_18269
18270,web,dev_18270
18271,ml,dev_18271
18272,ml,dev_18272
18273,ml,dev_18273
18274,web,dev_18274
18275,ml,dev_18275
18276,web,dev_18276
18277,ml,dev_18277
18278,web,dev_18278
18279,web,dev_18279
18280,ml,dev_18280
18281,web,dev_18281
18282,web,dev_18282
18283,ml,dev_18283
18284,ml,dev_18284
18285,ml,dev_18285
18286,ml,dev_18286
18287,ml,dev_18287
18288,web,dev_18288
18289,ml,dev_18289
18290,web,dev_18290
18291,web,dev_18291
18292,ml,dev_18292
18293,ml,dev_18293
18294,web,dev_18294
18295,ml,dev_18295
18296,web,dev_18296
18297,ml,dev_18297
18298,web,dev_18298
18299,ml,dev_18299
18300,ml,dev_18300
18301,ml,dev_18301
18302,web,dev_18302
18303,ml,dev_18303
18304,web,dev_18304
18305,web,dev_18305
18306,web,dev_18306
18307,ml,dev_18307
18308,ml,dev_18308
18309,ml,dev_18309
18310,web,dev_18310
18311,ml,dev_18311
18312,web,dev_18312
18313,web,dev_18313
18314,web,dev_18314
18315,ml,dev_18315
18316,ml,dev_18316
18317,ml,dev_18317
18318,ml,dev_18318
18319,web,dev_18319
18320,ml,dev_18320
18321,ml,dev_18321
18322,ml,dev_18322
18323,ml,dev_18323
18324,web,dev_18324
18325,ml,dev_18325
18326,ml,dev_18326
18327,web,dev_18327
18328,web,dev_18328
18329,web,dev_18329
18330,ml,dev_18330
18331,web,dev_18331
18332,web,dev_18332
18333,web,dev_18333
18334,ml,dev_18334
18335,web,dev_18335
18336,web,dev_18336
18337,web,dev_18337
18338,web,dev_18338
18339,ml,dev_18339
18340,web,dev_18340
18341,web,dev_18341
18342,web,dev_18342
18343,web,dev_18343
18344,ml,dev_18344
18345,ml,dev_18345
18346,ml,dev_18346
18347,web,dev_18347
18348,ml,dev_18348
18349,web,dev_18349
18350,web,dev_18350
18351,ml,dev_18351
18352,web,dev_18352
18353,ml,dev_18353
18354,web,dev_18354
18355,ml,dev_18355
18356,ml,dev_18356
18357,ml,dev_18357
18358,web,dev_18358
18359,ml,dev_18359
18360,ml,dev_18360
18361,web,dev_18361
18362,ml,dev_18362
18363,web,dev_18363
18364,web,dev_18364
18365,ml,dev_18365
18366,web,dev_18366
18367,ml,dev_18367
18368,ml,dev_18368
18369,web,dev_18369
18370,ml,dev_18370
18371,ml,dev_18371
18372,web,dev_18372
18373,web,dev_18373
18374,web,dev_18374
18375,ml,dev_18375
18376,web,dev_18376
18377,ml,dev_18377
18378,ml,dev_18378
18379,web,dev_18379
18380,web,dev_18380
18381,ml,dev_18381
18382,web,dev_18382
18383,ml,dev_18383
18384,ml,dev_18384
18385,web,dev_18385
18386,web,dev_18386
18387,ml,dev_18387
18388,ml,dev_18388
18389,ml,dev_18389
18390,web,dev_18390
18391,web,dev_18391
18392,ml,dev_18392
18393,ml,dev_18393
18394,ml,dev_18394
18395,web,dev_18395
18396,ml,dev_18396
18397,ml,dev_18397
18398,web,dev_18398
18399,ml,dev_18399
18400,ml,dev_18400
18401,ml,dev_18401
18402,web,dev_18402
18403,web,dev_18403
18404,ml,dev_18404
18405,ml,dev_18405
18406,ml,dev_18406
18407,ml,dev_18407
18408,web,dev_18408
18409,web,dev_18409
18410,ml,dev_18410
18411,web,dev_18411
18412,web,dev_18412
18413,web,dev_18413
18414,ml,dev_18414
18415,web,dev_18415
18416,ml,dev_18416
18417,ml,dev_18417
18418,ml,dev_18418
18419,web,dev_18419
18420,web,dev_18420
18421,ml,dev_18421
18422,web,dev_18422
18423,web,dev_18423
18424,ml,dev_18424
18425,web,dev_18425
18426,web,dev_18426
18427,ml,dev_18427
18428,web,dev_18428
18429,web,dev_18429
18430,ml,dev_18430
18431,ml,dev_18431
18432,ml,dev_18432
18433,ml,dev_18433
18434,ml,dev_18434
18435,ml,dev_18435
18436,ml,dev_18436
18437,ml,dev_18437
18438,ml,dev_18438
18439,ml,dev_18439
18440,web,dev_18440
18441,web,dev_18441
18442,web,dev_18442
18443,ml,dev_18443
18444,ml,dev_18444
18445,web,dev_18445
18446,ml,dev_18446
18447,ml,dev_18447
18448,ml,dev_18448
18449,web,dev_18449
18450,ml,dev_18450
18451,ml,dev_18451
18452,ml,dev_18452
18453,web,dev_18453
18454,web,dev_18454
18455,ml,dev_18455
18456,ml,dev_18456
18457,web,dev_18457
18458,web,dev_18458
18459,web,dev_18459
18460,ml,dev_18460
18461,ml,dev_18461
18462,ml,dev_18462
18463,ml,dev_18463
18464,web,dev_18464
18465,ml,dev_18465
18466,web,dev_18466
18467,ml,dev_18467
18468,web,dev_18468
18469,web,dev_18469
18470,web,dev_18470
18471,web,dev_18471
18472,web,dev_18472
18473,web,dev_18473
18474,ml,dev_18474
18475,ml,dev_18475
18476,web,dev_18476
18477,web,dev_18477
18478,web,dev_18478
18479,ml,dev_18479
18480,web,dev_18480
18481,ml,dev_18481
18482,web,dev_18482
18483,web,dev_18483
18484,ml,dev_18484
18485,ml,dev_18485
18486,web,dev_18486
18487,ml,dev_18487
18488,web,dev_18488
18489,web,dev_18489
18490,ml,dev_18490
18491,web,dev_18491
18492,web,dev_18492
18493,web,dev_18493
18494,ml,dev_18494
18495,ml,dev_18495
18496,ml,dev_18496
18497,web,dev_18497
18498,ml,dev_18498
18499,web,dev_18499
18500,ml,dev_18500
18501,web,dev_18501
18502,ml,dev_18502
18503,web,dev_18503
18504,web,dev_18504
18505,ml,dev_18505
18506,ml,dev_18506
18507,ml,dev_18507
18508,web,dev_18508
18509,ml,dev_18509
18510,web,dev_18510
18511,ml,dev_18511
18512,web,dev_18512
18513,ml,dev_18513
18514,ml,dev_18514
18515,web,dev_18515
18516,ml,dev_18516
18517,web,dev_18517
18518,web,dev_18518
18519,ml,dev_18519
18520,web,dev_18520
18521,web,dev_18521
18522,web,dev_18522
18523,web,dev_18523
18524,ml,dev_18524
18525,ml,dev_18525
18526,web,dev_18526
18527,ml,dev_18527
18528,web,dev_18528
18529,ml,dev_18529
18530,ml,dev_18530
18531,ml,dev_18531
18532,web,dev_18532
18533,ml,dev_18533
18534,web,dev_18534
18535,web,dev_18535
18536,ml,dev_18536
18537,ml,dev_18537
18538,web,dev_18538
18539,web,dev_18539
18540,ml,dev_18540
18541,ml,dev_18541
18542,ml,dev_18542
18543,web,dev_18543
18544,ml,dev_18544
18545,ml,dev_18545
18546,web,dev_18546
18547,web,dev_18547
18548,ml,dev_18548
18549,ml,dev_18549
18550,web,dev_18550
18551,ml,dev_18551
18552,ml,dev_18552
18553,ml,dev_18553
18554,web,dev_18554
18555,web,dev_18555
18556,ml,dev_18556
18557,web,dev_18557
18558,ml,dev_18558
18559,web,dev_18559
18560,web,dev_18560
18561,web,dev_18561
18562,ml,dev_18562
18563,web,dev_18563
18564,ml,dev_18564
18565,ml,dev_18565
18566,web,dev_18566
18567,web,dev_18567
18568,ml,dev_18568
18569,web,dev_18569
18570,ml,dev_18570
18571,web,dev_18571
18572,ml,dev_18572
18573,ml,dev_18573
18574,web,dev_18574
18575,web,dev_18575
18576,web,dev_18576
18577,web,dev_18577
18578,ml,dev_18578
18579,ml,dev_18579
18580,ml,dev_18580
18581,ml,dev_18581
18582,ml,dev_18582
18583,web,dev_18583
18584,ml,dev_18584
18585,web,dev_18585
18586,web,dev_18586
18587,ml,dev_18587
18588,ml,dev_18588
18589,web,dev_18589
18590,ml,dev_18590
18591,web,dev_18591
18592,ml,dev_18592
18593,web,dev_18593
18594,web,dev_18594
18595,web,dev_18595
18596,web,dev_18596
18597,ml,dev_18597
18598,ml,dev_18598
18599,ml,dev_18599
18600,ml,dev_18600
18601,ml,dev_18601
18602,ml,dev_18602
18603,ml,dev_18603
18604,web,dev_18604
18605,ml,dev_18605
18606,web,dev_18606
18607,ml,dev_18607
18608,ml,dev_18608
18609,web,dev_18609
18610,web,dev_18610
18611,ml,dev_18611
18612,web,dev_18612
18613,web,dev_18613
18614,web,dev_18614
18615,web,dev_18615
18616,web,dev_18616
18617,ml,dev_18617
18618,web,dev_18618
18619,web,dev_18619
18620,ml,dev_18620
18621,web,dev_18621
18622,web,dev_18622
18623,web,dev_18623
18624,web,dev_18624
18625,web,dev_18625
18626,ml,dev_18626
18627,web,dev_18627
18628,ml,dev_18628
18629,web,dev_18629
18630,web,dev_18630
18631,web,dev_18631
18632,web,dev_18632
18633,web,dev_18633
18634,ml,dev_18634
18635,web,dev_18635
18636,ml,dev_18636
18637,ml,dev_18637
18638,web,dev_18638
18639,web,dev_18639
18640,web,dev_18640
18641,ml,dev_18641
18642,ml,dev_18642
18643,web,dev_18643
18644,web,dev_18644
18645,ml,dev_18645
18646,ml,dev_18646
18647,ml,dev_18647
18648,ml,dev_18648
18649,web,dev_18649
18650,web,dev_18650
18651,ml,dev_18651
18652,ml,dev_18652
18653,web,dev_18653
18654,ml,dev_18654
18655,web,dev_18655
18656,web,dev_18656
18657,web,dev_18657
18658,ml,dev_18658
18659,ml,dev_18659
18660,ml,dev_18660
18661,web,dev_18661
18662,ml,dev_18662
18663,web,dev_18663
18664,ml,dev_18664
18665,web,dev_18665
18666,ml,dev_18666
18667,ml,dev_18667
18668,web,dev_18668
18669,ml,dev_18669
18670,ml,dev_18670
18671,web,dev_18671
18672,ml,dev_18672
18673,web,dev_18673
18674,web,dev_18674
18675,ml,dev_18675
18676,web,dev_18676
18677,ml,dev_18677
18678,web,dev_18678
18679,ml,dev_18679
18680,web,dev_18680
18681,web,dev_18681
18682,web,dev_18682
18683,ml,dev_18683
18684,ml,dev_18684
18685,ml,dev_18685
18686,ml,dev_18686
18687,ml,dev_18687
18688,web,dev_18688
18689,web,dev_18689
18690,ml,dev_18690
18691,ml,dev_18691
18692,web,dev_18692
18693,ml,dev_18693
18694,ml,dev_18694
18695,ml,dev_18695
18696,ml,dev_18696
18697,web,dev_18697
18698,ml,dev_18698
18699,ml,dev_18699
18700,ml,dev_18700
18701,web,dev_18701
18702,web,dev_18702
18703,web,dev_18703
18704,ml,dev_18704
18705,ml,dev_18705
18706,ml,dev_18706
18707,web,dev_18707
18708,ml,dev_18708
18709,web,dev_18709
18710,web,dev_18710
18711,web,dev_18711
18712,web,dev_18712
18713,web,dev_18713
18714,ml,dev_18714
18715,web,dev_18715
18716,ml,dev_18716
18717,ml,dev_18717
18718,ml,dev_18718
18719,web,dev_18719
18720,ml,dev_18720
18721,ml,dev_18721
18722,web,dev_18722
18723,ml,dev_18723
18724,ml,dev_18724
18725,ml,dev_18725
18726,web,dev_18726
18727,web,dev_18727
18728,web,dev_18728
18729,web,dev_18729
18730,web,dev_18730
18731,ml,dev_18731
18732,ml,dev_18732
18733,ml,dev_18733
18734,ml,dev_18734
18735,web,dev_18735
18736,web,dev_18736
18737,ml,dev_18737
18738,web,dev_18738
18739,ml,dev_18739
18740,web,dev_18740
18741,ml,dev_18741
18742,web,dev_18742
18743,ml,dev_18743
18744,web,dev_18744
18745,ml,dev_18745
18746,web,dev_18746
18747,web,dev_18747
18748,ml,dev_18748
18749,ml,dev_18749
18750,web,dev_18750
18751,ml,dev_18751
18752,web,dev_18752
18753,ml,dev_18753
18754,web,dev_18754
18755,ml,dev_18755
18756,ml,dev_18756
18757,web,dev_18757
18758,web,dev_18758
18759,web,dev_18759
18760,ml,dev_18760
18761,web,dev_18761
18762,ml,dev_18762
18763,ml,dev_18763
18764,web,dev_18764
18765,ml,dev_18765
18766,ml,dev_18766
18767,ml,dev_18767
18768,ml,dev_18768
18769,web,dev_18769
18770,web,dev_18770
18771,web,dev_18771
18772,web,dev_18772
18773,web,dev_18773
18774,ml,dev_18774
18775,web,dev_18775
18776,ml,dev_18776
18777,ml,dev_18777
18778,web,dev_18778
18779,ml,dev_18779
18780,ml,dev_18780
18781,web,dev_18781
18782,web,dev_18782
18783,web,dev_18783
18784,ml,dev_18784
18785,ml,dev_18785
18786,web,dev_18786
18787,web,dev_18787
18788,web,dev_18788
18789,web,dev_18789
18790,ml,dev_18790
18791,web,dev_18791
18792,ml,dev_18792
18793,ml,dev_18793
18794,ml,dev_18794
18795,web,dev_18795
18796,web,dev_18796
18797,ml,dev_18797
18798,ml,dev_18798
18799,web,dev_18799
18800,ml,dev_18800
18801,web,dev_18801
18802,web,dev_18802
18803,web,dev_18803
18804,web,dev_18804
18805,ml,dev_18805
18806,web,dev_18806
18807,ml,dev_18807
18808,ml,dev_18808
18809,ml,dev_18809
18810,ml,dev_18810
18811,web,dev_18811
18812,web,dev_18812
18813,ml,dev_18813
18814,ml,dev_18814
18815,web,dev_18815
18816,ml,dev_18816
18817,web,dev_18817
18818,web,dev_18818
18819,web,dev_18819
18820,ml,dev_18820
18821,ml,dev_18821
18822,web,dev_18822
18823,web,dev_18823
18824,ml,dev_18824
18825,ml,dev_18825
18826,ml,dev_18826
18827,ml,dev_18827
18828,web,dev_18828
18829,web,dev_18829
18830,ml,dev_18830
18831,ml,dev_18831
18832,web,dev_18832
18833,web,dev_18833
18834,web,dev_18834
18835,web,dev_18835
18836,web,dev_18836
18837,web,dev_18837
18838,ml,dev_18838
18839,web,dev_18839
18840,web,dev_18840
18841,ml,dev_18841
18842,web,dev_18842
18843,web,dev_18843
18844,web,dev_18844
18845,ml,dev_18845
18846,web,dev_18846
18847,ml,dev_18847
18848,ml,dev_18848
18849,web,dev_18849
18850,web,dev_18850
18851,web,dev_18851
18852,ml,dev_18852
18853,ml,dev_18853
18854,web,dev_18854
18855,ml,dev_18855
18856,web,dev_18856
18857,ml,dev_18857
18858,web,dev_18858
18859,web,dev_18859
18860,web,dev_18860
18861,ml,dev_18861
18862,ml,dev_18862
18863,ml,dev_18863
18864,ml,dev_18864
18865,web,dev_18865
18866,web,dev_18866
18867,web,dev_18867
18868,ml,dev_18868
18869,web,dev_18869
18870,web,dev_18870
18871,ml,dev_18871
18872,ml,dev_18872
18873,web,dev_18873
18874,web,dev_18874
18875,ml,dev_18875
18876,ml,dev_18876
18877,web,dev_18877
18878,ml,dev_18878
18879,web,dev_18879
18880,ml,dev_18880
18881,ml,dev_18881
18882,ml,dev_18882
18883,ml,dev_18883
18884,ml,dev_18884
18885,ml,dev_18885
18886,web,dev_18886
18887,web,dev_18887
18888,ml,dev_18888
18889,ml,dev_18889
18890,web,dev_18890
18891,web,dev_18891
18892,web,dev_18892
18893,web,dev_18893
18894,ml,dev_18894
18895,web,dev_18895
18896,web,dev_18896
18897,ml,dev_18897
18898,ml,dev_18898
18899,web,dev_18899
18900,ml,dev_18900
18901,web,dev_18901
18902,ml,dev_18902
18903,ml,dev_18903
18904,web,dev_18904
18905,web,dev_18905
18906,ml,dev_18906
18907,web,dev_18907
18908,ml,dev_18908
18909,ml,dev_18909
18910,web,dev_18910
18911,web,dev_18911
18912,web,dev_18912
18913,web,dev_18913
18914,ml,dev_18914
18915,ml,dev_18915
18916,web,dev_18916
18917,ml,dev_18917
18918,web,dev_18918
18919,ml,dev_18919
18920,web,dev_18920
18921,web,dev_18921
18922,ml,dev_18922
18923,ml,dev_18923
18924,web,dev_18924
18925,ml,dev_18925
18926,ml,dev_18926
18927,ml,dev_18927
18928,ml,dev_18928
18929,web,dev_18929
18930,ml,dev_18930
18931,web,dev_18931
18932,ml,dev_18932
18933,ml,dev_18933
18934,web,dev_18934
18935,web,dev_18935
18936,ml,dev_18936
18937,web,dev_18937
18938,web,dev_18938
18939,web,dev_18939
18940,web,dev_18940
18941,ml,dev_18941
18942,web,dev_18942
18943,ml,dev_18943
18944,web,dev_18944
18945,web,dev_18945
18946,web,dev_18946
18947,ml,dev_18947
18948,web,dev_18948
18949,ml,dev_18949
18950,ml,dev_18950
18951,ml,dev_18951
18952,ml,dev_18952
18953,ml,dev_18953
18954,ml,dev_18954
18955,web,dev_18955
18956,ml,dev_18956
18957,web,dev_18957
18958,web,dev_18958
18959,ml,dev_18959
18960,ml,dev_18960
18961,web,dev_18961
18962,web,dev_18962
18963,ml,dev_18963
18964,web,dev_18964
18965,ml,dev_18965
18966,web,dev_18966
18967,web,dev_18967
18968,web,dev_18968
18969,ml,dev_18969
18970,ml,dev_18970
18971,ml,dev_18971
18972,ml,dev_18972
18973,ml,dev_18973
18974,web,dev_18974
18975,ml,dev_18975
18976,web,dev_18976
18977,ml,dev_18977
18978,ml,dev_18978
18979,ml,dev_18979
18980,ml,dev_18980
18981,ml,dev_18981
18982,web,dev_18982
18983,ml,dev_18983
18984,ml,dev_18984
18985,ml,dev_18985
18986,ml,dev_18986
18987,ml,dev_18987
18988,web,dev_18988
18989,web,dev_18989
18990,web,dev_18990
18991,web,dev_18991
18992,ml,dev_18992
18993,ml,dev_18993
18994,ml,dev_18994
18995,web,dev_18995
18996,web,dev_18996
18997,ml,dev_18997
18998,ml,dev_18998
18999,web,dev_18999
19000,ml,dev_19000
19001,ml,dev_19001
19002,ml,dev_19002
19003,ml,dev_19003
19004,web,dev_19004
19005,web,dev_19005
19006,ml,dev_19006
19007,ml,dev_19007
19008,ml,dev_19008
19009,web,dev_19009
19010,ml,dev_19010
19011,ml,dev_19011
19012,web,dev_19012
19013,ml,dev_19013
19014,ml,dev_19014
19015,web,dev_19015
19016,web,dev_19016
19017,web,dev_19017
19018,web,dev_19018
19019,ml,dev_19019
19020,ml,dev_19020
19021,web,dev_19021
19022,ml,dev_19022
19023,web,dev_19023
19024,web,dev_19024
19025,web,dev_19025
19026,web,dev_19026
19027,web,dev_19027
19028,web,dev_19028
19029,web,dev_19029
19030,ml,dev_19030
19031,web,dev_19031
19032,ml,dev_19032
19033,web,dev_19033
19034,web,dev_19034
19035,ml,dev_19035
19036,ml,dev_19036
19037,ml,dev_19037
19038,ml,dev_19038
19039,web,dev_19039
19040,ml,dev_19040
19041,web,dev_19041
19042,web,dev_19042
19043,ml,dev_19043
19044,web,dev_19044
19045,ml,dev_19045
19046,web,dev_19046
19047,web,dev_19047
19048,ml,dev_19048
19049,web,dev_19049
19050,web,dev_19050
19051,ml,dev_19051
19052,web,dev_19052
19053,ml,dev_19053
19054,web,dev_19054
19055,ml,dev_19055
19056,web,dev_19056
19057,web,dev_19057
19058,ml,dev_19058
19059,ml,dev_19059
19060,ml,dev_19060
19061,web,dev_19061
19062,ml,dev_19062
19063,web,dev_19063
19064,ml,dev_19064
19065,web,dev_19065
19066,web,dev_19066
19067,ml,dev_19067
19068,ml,dev_19068
19069,web,dev_19069
19070,ml,dev_19070
19071,web,dev_19071
19072,ml,dev_19072
19073,web,dev_19073
19074,web,dev_19074
19075,web,dev_19075
19076,web,dev_19076
19077,ml,dev_19077
19078,ml,dev_19078
19079,ml,dev_19079
19080,ml,dev_19080
19081,web,dev_19081
19082,ml,dev_19082
19083,ml,dev_19083
19084,web,dev_19084
19085,ml,dev_19085
19086,ml,dev_19086
19087,web,dev_19087
19088,ml,dev_19088
19089,web,dev_19089
19090,web,dev_19090
19091,ml,dev_19091
19092,ml,dev_19092
19093,web,dev_19093
19094,web,dev_19094
19095,ml,dev_19095
19096,web,dev_19096
19097,web,dev_19097
19098,ml,dev_19098
19099,ml,dev_19099
19100,web,dev_19100
19101,ml,dev_19101
19102,web,dev_19102
19103,ml,dev_19103
19104,ml,dev_19104
19105,ml,dev_19105
19106,web,dev_19106
19107,web,dev_19107
19108,web,dev_19108
19109,web,dev_19109
19110,web,dev_19110
19111,web,dev_19111
19112,web,dev_19112
19113,ml,dev_19113
19114,web,dev_19114
19115,web,dev_19115
19116,ml,dev_19116
19117,web,dev_19117
19118,ml,dev_19118
19119,ml,dev_19119
19120,ml,dev_19120
19121,web,dev_19121
19122,web,dev_19122
19123,web,dev_19123
19124,web,dev_19124
19125,ml,dev_19125
19126,web,dev_19126
19127,web,dev_19127
19128,web,dev_19128
19129,ml,dev_19129
19130,web,dev_19130
19131,web,dev_19131
19132,ml,dev_19132
19133,ml,dev_19133
19134,web,dev_19134
19135,ml,dev_19135
19136,ml,dev_19136
19137,ml,dev_19137
19138,ml,dev_19138
19139,ml,dev_19139
19140,web,dev_19140
19141,web,dev_19141
19142,web,dev_19142
19143,web,dev_19143
19144,ml,dev_19144
19145,ml,dev_19145
19146,ml,dev_19146
19147,ml,dev_19147
19148,ml,dev_19148
19149,web,dev_19149
19150,ml,dev_19150
19151,ml,dev_19151
19152,ml,dev_19152
19153,ml,dev_19153
19154,web,dev_19154
19155,ml,dev_19155
19156,ml,dev_19156
19157,ml,dev_19157
19158,web,dev_19158
19159,ml,dev_19159
19160,web,dev_19160
19161,ml,dev_19161
19162,web,dev_19162
19163,ml,dev_19163
19164,web,dev_19164
19165,web,dev_19165
19166,web,dev_19166
19167,web,dev_19167
19168,ml,dev_19168
19169,web,dev_19169
19170,web,dev_19170
19171,ml,dev_19171
19172,ml,dev_19172
19173,ml,dev_19173
19174,web,dev_19174
19175,ml,dev_19175
19176,web,dev_19176
19177,web,dev_19177
19178,ml,dev_19178
19179,ml,dev_19179
19180,web,dev_19180
19181,web,dev_19181
19182,web,dev_19182
19183,web,dev_19183
19184,ml,dev_19184
19185,ml,dev_19185
19186,web,dev_19186
19187,web,dev_19187
19188,web,dev_19188
19189,ml,dev_19189
19190,web,dev_19190
19191,ml,dev_19191
19192,web,dev_19192
19193,web,dev_19193
19194,web,dev_19194
19195,web,dev_19195
19196,web,dev_19196
19197,ml,dev_19197
19198,web,dev_19198
19199,ml,dev_19199
19200,web,dev_19200
19201,web,dev_19201
19202,web,dev_19202
19203,web,dev_19203
19204,web,dev_19204
19205,ml,dev_19205
19206,web,dev_19206
19207,ml,dev_19207
19208,web,dev_19208
19209,ml,dev_19209
19210,web,dev_19210
19211,ml,dev_19211
19212,web,dev_19212
19213,web,dev_19213
19214,ml,dev_19214
19215,ml,dev_19215
19216,web,dev_19216
19217,web,dev_19217
19218,ml,dev_19218
19219,ml,dev_19219
19220,web,dev_19220
19221,ml,dev_19221
19222,ml,dev_19222
19223,web,dev_19223
19224,ml,dev_19224
19225,ml,dev_19225
19226,web,dev_19226
19227,web,dev_19227
19228,ml,dev_19228
19229,web,dev_19229
19230,web,dev_19230
19231,web,dev_19231
19232,ml,dev_19232
19233,web,dev_19233
19234,ml,dev_19234
19235,ml,dev_19235
19236,web,dev_19236
19237,web,dev_19237
19238,web,dev_19238
19239,web,dev_19239
19240,ml,dev_19240
19241,web,dev_19241
19242,web,dev_19242
19243,ml,dev_19243
19244,ml,dev_19244
19245,ml,dev_19245
19246,web,dev_19246
19247,web,dev_19247
19248,ml,dev_19248
19249,web,dev_19249
19250,web,dev_19250
19251,ml,dev_19251
19252,web,dev_19252
19253,web,dev_19253
19254,ml,dev_19254
19255,web,dev_19255
19256,web,dev_19256
19257,ml,dev_19257
19258,web,dev_19258
19259,web,dev_19259
19260,web,dev_19260
19261,web,dev_19261
19262,web,dev_19262
19263,ml,dev_19263
19264,ml,dev_19264
19265,web,dev_19265
19266,ml,dev_19266
19267,ml,dev_19267
19268,ml,dev_19268
19269,ml,dev_19269
19270,web,dev_19270
19271,ml,dev_19271
19272,web,dev_19272
19273,web,dev_19273
19274,ml,dev_19274
19275,ml,dev_19275
19276,ml,dev_19276
19277,web,dev_19277
19278,ml,dev_19278
19279,web,dev_19279
19280,web,dev_19280
19281,web,dev_19281
19282,web,dev_19282
19283,web,dev_19283
19284,ml,dev_19284
19285,web,dev_19285
19286,web,dev_19286
19287,web,dev_19287
19288,web,dev_19288
19289,ml,dev_19289
19290,ml,dev_19290
19291,web,dev_19291
19292,ml,dev_19292
19293,ml,dev_19293
19294,ml,dev_19294
19295,web,dev_19295
19296,ml,dev_19296
19297,web,dev_19297
19298,ml,dev_19298
19299,ml,dev_19299
19300,web,dev_19300
19301,web,dev_19301
19302,web,dev_19302
19303,web,dev_19303
19304,web,dev_19304
19305,web,dev_19305
19306,web,dev_19306
19307,web,dev_19307
19308,web,dev_19308
19309,ml,dev_19309
19310,ml,dev_19310
19311,ml,dev_19311
19312,ml,dev_19312
19313,web,dev_19313
19314,web,dev_19314
19315,web,dev_19315
19316,ml,dev_19316
19317,ml,dev_19317
19318,ml,dev_19318
19319,ml,dev_19319
19320,web,dev_19320
19321,web,dev_19321
19322,ml,dev_19322
19323,web,dev_19323
19324,web,dev_19324
19325,ml,dev_19325
19326,web,dev_19326
19327,web,dev_19327
19328,web,dev_19328
19329,ml,dev_19329
19330,web,dev_19330
19331,ml,dev_19331
19332,ml,dev_19332
19333,ml,dev_19333
19334,ml,dev_19334
19335,ml,dev_19335
19336,ml,dev_19336
19337,web,dev_19337
19338,web,dev_19338
19339,ml,dev_19339
19340,web,dev_19340
19341,web,dev_19341
19342,ml,dev_19342
19343,web,dev_19343
19344,ml,dev_19344
19345,ml,dev_19345
19346,ml,dev_19346
19347,ml,dev_19347
19348,web,dev_19348
19349,ml,dev_19349
19350,ml,dev_19350
19351,web,dev_19351
19352,ml,dev_19352
19353,web,dev_19353
19354,ml,dev_19354
19355,ml,dev_19355
19356,ml,dev_19356
19357,ml,dev_19357
19358,web,dev_19358
19359,web,dev_19359
19360,ml,dev_19360
19361,ml,dev_19361
19362,ml,dev_19362
19363,ml,dev_19363
19364,web,dev_19364
19365,ml,dev_19365
19366,ml,dev_19366
19367,ml,dev_19367
19368,web,dev_19368
19369,web,dev_19369
19370,web,dev_19370
19371,web,dev_19371
19372,web,dev_19372
19373,ml,dev_19373
19374,web,dev_19374
19375,ml,dev_19375
19376,web,dev_19376
19377,ml,dev_19377
19378,ml,dev_19378
19379,web,dev_19379
19380,ml,dev_19380
19381,ml,dev_19381
19382,web,dev_19382
19383,ml,dev_19383
19384,web,dev_19384
19385,ml,dev_19385
19386,ml,dev_19386
19387,web,dev_19387
19388,ml,dev_19388
19389,ml,dev_19389
19390,ml,dev_19390
19391,web,dev_19391
19392,web,dev_19392
19393,web,dev_19393
19394,web,dev_19394
19395,ml,dev_19395
19396,web,dev_19396
19397,ml,dev_19397
19398,ml,dev_19398
19399,web,dev_19399
19400,web,dev_19400
19401,web,dev_19401
19402,web,dev_19402
19403,web,dev_19403
19404,web,dev_19404
19405,web,dev_19405
19406,ml,dev_19406
19407,web,dev_19407
19408,ml,dev_19408
19409,ml,dev_19409
19410,ml,dev_19410
19411,ml,dev_19411
19412,web,dev_19412
19413,ml,dev_19413
19414,ml,dev_19414
19415,ml,dev_19415
19416,web,dev_19416
19417,ml,dev_19417
19418,ml,dev_19418
19419,ml,dev_19419
19420,web,dev_19420
19421,web,dev_19421
19422,ml,dev_19422
19423,web,dev_19423
19424,web,dev_19424
19425,ml,dev_19425
19426,web,dev_19426
19427,web,dev_19427
19428,ml,dev_19428
19429,web,dev_19429
19430,web,dev_19430
19431,web,dev_19431
19432,web,dev_19432
19433,ml,dev_19433
19434,ml,dev_19434
19435,ml,dev_19435
19436,ml,dev_19436
19437,ml,dev_19437
19438,ml,dev_19438
19439,ml,dev_19439
19440,ml,dev_19440
19441,ml,dev_19441
19442,ml,dev_19442
19443,ml,dev_19443
19444,web,dev_19444
19445,ml,dev_19445
19446,ml,dev_19446
19447,ml,dev_19447
19448,ml,dev_19448
19449,web,dev_19449
19450,web,dev_19450
19451,ml,dev_19451
19452,ml,dev_19452
19453,ml,dev_19453
19454,ml,dev_19454
19455,web,dev_19455
19456,web,dev_19456
19457,web,dev_19457
19458,web,dev_19458
19459,web,dev_19459
19460,ml,dev_19460
19461,ml,dev_19461
19462,web,dev_19462
19463,ml,dev_19463
19464,ml,dev_19464
19465,ml,dev_19465
19466,ml,dev_19466
19467,ml,dev_19467
19468,web,dev_19468
19469,ml,dev_19469
19470,ml,dev_19470
19471,web,dev_19471
19472,ml,dev_19472
19473,web,dev_19473
19474,web,dev_19474
19475,ml,dev_19475
19476,web,dev_19476
19477,ml,dev_19477
19478,web,dev_19478
19479,web,dev_19479
19480,ml,dev_19480
19481,ml,dev_19481
19482,ml,dev_19482
19483,ml,dev_19483
19484,ml,dev_19484
19485,web,dev_19485
19486,web,dev_19486
19487,web,dev_19487
19488,web,dev_19488
19489,web,dev_19489
19490,ml,dev_19490
19491,ml,dev_19491
19492,web,dev_19492
19493,web,dev_19493
19494,web,dev_19494
19495,web,dev_19495
19496,ml,dev_19496
19497,ml,dev_19497
19498,web,dev_19498
19499,ml,dev_19499
19500,web,dev_19500
19501,web,dev_19501
19502,web,dev_19502
19503,web,dev_19503
19504,web,dev_19504
19505,web,dev_19505
19506,ml,dev_19506
19507,web,dev_19507
19508,ml,dev_19508
19509,web,dev_19509
19510,ml,dev_19510
19511,ml,dev_19511
19512,web,dev_19512
19513,web,dev_19513
19514,ml,dev_19514
19515,ml,dev_19515
19516,web,dev_19516
19517,web,dev_19517
19518,web,dev_19518
19519,web,dev_19519
19520,ml,dev_19520
19521,ml,dev_19521
19522,web,dev_19522
19523,ml,dev_19523
19524,ml,dev_19524
19525,web,dev_19525
19526,web,dev_19526
19527,ml,dev_19527
19528,web,dev_19528
19529,ml,dev_19529
19530,web,dev_19530
19531,ml,dev_19531
19532,web,dev_19532
19533,web,dev_19533
19534,ml,dev_19534
19535,ml,dev_19535
19536,web,dev_19536
19537,web,dev_19537
19538,web,dev_19538
19539,ml,dev_19539
19540,ml,dev_19540
19541,ml,dev_19541
19542,web,dev_19542
19543,web,dev_19543
19544,web,dev_19544
19545,ml,dev_19545
19546,web,dev_19546
19547,ml,dev_19547
19548,web,dev_19548
19549,ml,dev_19549
19550,web,dev_19550
19551,web,dev_19551
19552,web,dev_19552
19553,web,dev_19553
19554,web,dev_19554
19555,web,dev_19555
19556,ml,dev_19556
19557,ml,dev_19557
19558,ml,dev_19558
19559,web,dev_19559
19560,ml,dev_19560
19561,web,dev_19561
19562,ml,dev_19562
19563,ml,dev_19563
19564,ml,dev_19564
19565,ml,dev_19565
19566,web,dev_19566
19567,ml,dev_19567
19568,web,dev_19568
19569,web,dev_19569
19570,web,dev_19570
19571,web,dev_19571
19572,ml,dev_19572
19573,web,dev_19573
19574,ml,dev_19574
19575,ml,dev_19575
19576,ml,dev_19576
19577,ml,dev_19577
19578,ml,dev_19578
19579,ml,dev_19579
19580,web,dev_19580
19581,ml,dev_19581
19582,ml,dev_19582
19583,web,dev_19583
19584,web,dev_19584
19585,ml,dev_19585
19586,ml,dev_19586
19587,ml,dev_19587
19588,ml,dev_19588
19589,web,dev_19589
19590,web,dev_19590
19591,web,dev_19591
19592,ml,dev_19592
19593,web,dev_19593
19594,web,dev_19594
19595,ml,dev_19595
19596,ml,dev_19596
19597,ml,dev_19597
19598,web,dev_19598
19599,ml,dev_19599
19600,ml,dev_19600
19601,web,dev_19601
19602,ml,dev_19602
19603,web,dev_19603
19604,ml,dev_19604
19605,web,dev_19605
19606,web,dev_19606
19607,ml,dev_19607
19608,ml,dev_19608
19609,web,dev_19609
19610,web,dev_19610
19611,ml,dev_19611
19612,web,dev_19612
19613,ml,dev_19613
19614,ml,dev_19614
19615,web,dev_19615
19616,ml,dev_19616
19617,ml,dev_19617
19618,web,dev_19618
19619,web,dev_19619
19620,web,dev_19620
19621,web,dev_19621
19622,ml,dev_19622
19623,web,dev_19623
19624,web,dev_19624
19625,ml,dev_19625
19626,web,dev_19626
19627,ml,dev_19627
19628,web,dev_19628
19629,web,dev_19629
19630,web,dev_19630
19631,web,dev_19631
19632,ml,dev_19632
19633,web,dev_19633
19634,ml,dev_19634
19635,ml,dev_19635
19636,ml,dev_19636
19637,web,dev_19637
19638,ml,dev_19638
19639,ml,dev_19639
19640,web,dev_19640
19641,ml,dev_19641
19642,ml,dev_19642
19643,web,dev_19643
19644,web,dev_19644
19645,ml,dev_19645
19646,web,dev_19646
19647,web,dev_19647
19648,web,dev_19648
19649,ml,dev_19649
19650,ml,dev_19650
19651,ml,dev_19651
19652,ml,dev_19652
19653,web,dev_19653
19654,ml,dev_19654
19655,web,dev_19655
19656,ml,dev_19656
19657,ml,dev_19657
19658,web,dev_19658
19659,ml,dev_19659
19660,ml,dev_19660
19661,ml,dev_19661
19662,ml,dev_19662
19663,web,dev_19663
19664,web,dev_19664
19665,web,dev_19665
19666,web,dev_19666
19667,ml,dev_19667
19668,web,dev_19668
19669,ml,dev_19669
19670,ml,dev_19670
19671,web,dev_19671
19672,ml,dev_19672
19673,ml,dev_19673
19674,ml,dev_19674
19675,web,dev_19675
19676,web,dev_19676
19677,ml,dev_19677
19678,ml,dev_19678
19679,web,dev_19679
19680,ml,dev_19680
19681,web,dev_19681
19682,web,dev_19682
19683,ml,dev_19683
19684,web,dev_19684
19685,web,dev_19685
19686,ml,dev_19686
19687,ml,dev_19687
19688,ml,dev_19688
19689,ml,dev_19689
19690,web,dev_19690
19691,web,dev_19691
19692,ml,dev_19692
19693,web,dev_19693
19694,web,dev_19694
19695,ml,dev_19695
19696,web,dev_19696
19697,web,dev_19697
19698,web,dev_19698
19699,ml,dev_19699
19700,ml,dev_19700
19701,ml,dev_19701
19702,web,dev_19702
19703,ml,dev_19703
19704,ml,dev_19704
19705,web,dev_19705
19706,web,dev_19706
19707,ml,dev_19707
19708,ml,dev_19708
19709,ml,dev_19709
19710,web,dev_19710
19711,web,dev_19711
19712,web,dev_19712
19713,web,dev_19713
19714,web,dev_19714
19715,ml,dev_19715
19716,ml,dev_19716
19717,ml,dev_19717
19718,ml,dev_19718
19719,ml,dev_19719
19720,ml,dev_19720
19721,web,dev_19721
19722,web,dev_19722
19723,ml,dev_19723
19724,web,dev_19724
19725,ml,dev_19725
19726,web,dev_19726
19727,web,dev_19727
19728,web,dev_19728
19729,ml,dev_19729
19730,ml,dev_19730
19731,web,dev_19731
19732,ml,dev_19732
19733,ml,dev_19733
19734,ml,dev_19734
19735,ml,dev_19735
19736,ml,dev_19736
19737,web,dev_19737
19738,web,dev_19738
19739,ml,dev_19739
19740,web,dev_19740
19741,web,dev_19741
19742,web,dev_19742
19743,ml,dev_19743
19744,ml,dev_19744
19745,ml,dev_19745
19746,web,dev_19746
19747,ml,dev_19747
19748,ml,dev_19748
19749,web,dev_19749
19750,web,dev_19750
19751,web,dev_19751
19752,web,dev_19752
19753,web,dev_19753
19754,web,dev_19754
19755,web,dev_19755
19756,web,dev_19756
19757,web,dev_19757
19758,web,dev_19758
19759,web,dev_19759
19760,ml,dev_19760
19761,ml,dev_19761
19762,web,dev_19762
19763,ml,dev_19763
19764,web,dev_19764
19765,web,dev_19765
19766,web,dev_19766
19767,ml,dev_19767
19768,ml,dev_19768
19769,ml,dev_19769
19770,web,dev_19770
19771,ml,dev_19771
19772,web,dev_19772
19773,ml,dev_19773
19774,ml,dev_19774
19775,web,dev_19775
19776,ml,dev_19776
19777,ml,dev_19777
19778,ml,dev_19778
19779,ml,dev_19779
19780,web,dev_19780
19781,web,dev_19781
19782,ml,dev_19782
19783,web,dev_19783
19784,ml,dev_19784
19785,ml,dev_19785
19786,ml,dev_19786
19787,web,dev_19787
19788,ml,dev_19788
19789,ml,dev_19789
19790,web,dev_19790
19791,ml,dev_19791
19792,ml,dev_19792
19793,ml,dev_19793
19794,web,dev_19794
19795,web,dev_19795
19796,web,dev_19796
19797,web,dev_19797
19798,web,dev_19798
19799,web,dev_19799
19800,web,dev_19800
19801,web,dev_19801
19802,ml,dev_19802
19803,ml,dev_19803
19804,web,dev_19804
19805,web,dev_19805
19806,ml,dev_19806
19807,web,dev_19807
19808,ml,dev_19808
19809,web,dev_19809
19810,ml,dev_19810
19811,ml,dev_19811
19812,web,dev_19812
19813,web,dev_19813
19814,ml,dev_19814
19815,web,dev_19815
19816,ml,dev_19816
19817,web,dev_19817
19818,web,dev_19818
19819,ml,dev_19819
19820,web,dev_19820
19821,ml,dev_19821
19822,web,dev_19822
19823,ml,dev_19823
19824,ml,dev_19824
19825,ml,dev_19825
19826,web,dev_19826
19827,web,dev_19827
19828,web,dev_19828
19829,ml,dev_19829
19830,web,dev_19830
19831,web,dev_19831
19832,ml,dev_19832
19833,ml,dev_19833
19834,web,dev_19834
19835,ml,dev_19835
19836,ml,dev_19836
19837,web,dev_19837
19838,web,dev_19838
19839,web,dev_19839
19840,web,dev_19840
19841,web,dev_19841
19842,ml,dev_19842
19843,ml,dev_19843
19844,ml,dev_19844
19845,ml,dev_19845
19846,ml,dev_19846
19847,web,dev_19847
19848,web,dev_19848
19849,web,dev_19849
19850,ml,dev_19850
19851,web,dev_19851
19852,ml,dev_19852
19853,web,dev_19853
19854,web,dev_19854
19855,ml,dev_19855
19856,ml,dev_19856
19857,ml,dev_19857
19858,web,dev_19858
19859,web,dev_19859
19860,ml,dev_19860
19861,ml,dev_19861
19862,web,dev_19862
19863,ml,dev_19863
19864,web,dev_19864
19865,ml,dev_19865
19866,web,dev_19866
19867,ml,dev_19867
19868,ml,dev_19868
19869,web,dev_19869
19870,ml,dev_19870
19871,ml,dev_19871
19872,web,dev_19872
19873,web,dev_19873
19874,ml,dev_19874
19875,web,dev_19875
19876,ml,dev_19876
19877,ml,dev_19877
19878,web,dev_19878
19879,web,dev_19879
19880,ml,dev_19880
19881,web,dev_19881
19882,web,dev_19882
19883,ml,dev_19883
19884,web,dev_19884
19885,ml,dev_19885
19886,ml,dev_19886
19887,ml,dev_19887
19888,web,dev_19888
19889,web,dev_19889
19890,web,dev_19890
19891,ml,dev_19891
19892,web,dev_19892
19893,ml,dev_19893
19894,ml,dev_19894
19895,web,dev_19895
19896,ml,dev_19896
19897,ml,dev_19897
19898,ml,dev_19898
19899,web,dev_19899
19900,web,dev_19900
19901,web,dev_19901
19902,ml,dev_19902
19903,ml,dev_19903
19904,web,dev_19904
19905,ml,dev_19905
19906,ml,dev_19906
19907,web,dev_19907
19908,web,dev_19908
19909,ml,dev_19909
19910,ml,dev_19910
19911,web,dev_19911
19912,ml,dev_19912
19913,web,dev_19913
19914,web,dev_19914
19915,web,dev_19915
19916,web,dev_19916
19917,ml,dev_19917
19918,web,dev_19918
19919,ml,dev_19919
19920,ml,dev_19920
19921,web,dev_19921
19922,web,dev_19922
19923,web,dev_19923
19924,web,dev_19924
19925,web,dev_19925
19926,web,dev_19926
19927,ml,dev_19927
19928,ml,dev_19928
19929,ml,dev_19929
19930,ml,dev_19930
19931,web,dev_19931
19932,web,dev_19932
19933,web,dev_19933
19934,ml,dev_19934
19935,ml,dev_19935
19936,web,dev_19936
19937,ml,dev_19937
19938,web,dev_19938
19939,web,dev_19939
19940,web,dev_19940
19941,ml,dev_19941
19942,web,dev_19942
19943,ml,dev_19943
19944,web,dev_19944
19945,ml,dev_19945
19946,ml,dev_19946
19947,ml,dev_19947
19948,web,dev_19948
19949,ml,dev_19949
19950,web,dev_19950
19951,web,dev_19951
19952,ml,dev_19952
19953,web,dev_19953
19954,web,dev_19954
19955,web,dev_19955
19956,ml,dev_19956
19957,web,dev_19957
19958,ml,dev_19958
19959,web,dev_19959
19960,ml,dev_19960
19961,ml,dev_19961
19962,ml,dev_19962
19963,web,dev_19963
19964,web,dev_19964
19965,web,dev_19965
19966,web,dev_19966
19967,web,dev_19967
19968,ml,dev_19968
19969,web,dev_19969
19970,web,dev_19970
19971,ml,dev_19971
19972,ml,dev_19972
19973,ml,dev_19973
19974,ml,dev_19974
19975,web,dev_19975
19976,web,dev_19976
19977,ml,dev_19977
19978,web,dev_19978
19979,web,dev_19979
19980,ml,dev_19980
19981,web,dev_19981
19982,web,dev_19982
19983,web,dev_19983
19984,web,dev_19984
19985,web,dev_19985
19986,ml,dev_19986
19987,web,dev_19987
19988,web,dev_19988
19989,ml,dev_19989
19990,web,dev_19990
19991,web,dev_19991
19992,ml,dev_19992
19993,ml,dev_19993
19994,web,dev_19994
19995,ml,dev_19995
19996,web,dev_19996
19997,ml,dev_19997
19998,ml,dev_19998
19999,web,dev_19999
20000,ml,dev_20000
20001,ml,dev_20001
20002,ml,dev_20002
20003,web,dev_20003
20004,ml,dev_20004
20005,ml,dev_20005
20006,ml,dev_20006
20007,web,dev_20007
20008,ml,dev_20008
20009,web,dev_20009
20010,ml,dev_20010
20011,web,dev_20011
20012,ml,dev_20012
20013,web,dev_20013
20014,ml,dev_20014
20015,web,dev_20015
20016,web,dev_20016
20017,ml,dev_20017
20018,web,dev_20018
20019,ml,dev_20019
20020,web,dev_20020
20021,web,dev_20021
20022,ml,dev_20022
20023,ml,dev_20023
20024,web,dev_20024
20025,web,dev_20025
20026,ml,dev_20026
20027,web,dev_20027
20028,web,dev_20028
20029,ml,dev_20029
20030,web,dev_20030
20031,ml,dev_20031
20032,ml,dev_20032
20033,web,dev_20033
20034,web,dev_20034
20035,ml,dev_20035
20036,web,dev_20036
20037,ml,dev_20037
20038,web,dev_20038
20039,ml,dev_20039
20040,web,dev_20040
20041,ml,dev_20041
20042,ml,dev_20042
20043,ml,dev_20043
20044,ml,dev_20044
20045,web,dev_20045
20046,web,dev_20046
20047,web,dev_20047
20048,web,dev_20048
20049,web,dev_20049
20050,web,dev_20050
20051,web,dev_20051
20052,ml,dev_20052
20053,web,dev_20053
20054,web,dev_20054
20055,web,dev_20055
20056,web,dev_20056
20057,ml,dev_20057
20058,web,dev_20058
20059,ml,dev_20059
20060,ml,dev_20060
20061,web,dev_20061
20062,web,dev_20062
20063,ml,dev_20063
20064,web,dev_20064
20065,ml,dev_20065
20066,web,dev_20066
20067,web,dev_20067
20068,web,dev_20068
20069,ml,dev_20069
20070,ml,dev_20070
20071,ml,dev_20071
20072,web,dev_20072
20073,web,dev_20073
20074,web,dev_20074
20075,ml,dev_20075
20076,ml,dev_20076
20077,ml,dev_20077
20078,web,dev_20078
20079,ml,dev_20079
20080,web,dev_20080
20081,web,dev_20081
20082,web,dev_20082
20083,web,dev_20083
20084,web,dev_20084
20085,web,dev_20085
20086,web,dev_20086
20087,web,dev_20087
20088,ml,dev_20088
20089,web,dev_20089
20090,ml,dev_20090
20091,web,dev_20091
20092,web,dev_20092
20093,web,dev_20093
20094,ml,dev_20094
20095,ml,dev_20095
20096,ml,dev_20096
20097,web,dev_20097
20098,web,dev_20098
20099,ml,dev_20099
20100,ml,dev_20100
20101,ml,dev_20101
20102,web,dev_20102
20103,ml,dev_20103
20104,web,dev_20104
20105,web,dev_20105
20106,web,dev_20106
20107,ml,dev_20107
20108,ml,dev_20108
20109,ml,dev_20109
20110,web,dev_20110
20111,ml,dev_20111
20112,ml,dev_20112
20113,web,dev_20113
20114,web,dev_20114
20115,ml,dev_20115
20116,web,dev_20116
20117,web,dev_20117
20118,ml,dev_20118
20119,web,dev_20119
20120,web,dev_20120
20121,ml,dev_20121
20122,ml,dev_20122
20123,ml,dev_20123
20124,ml,dev_20124
20125,ml,dev_20125
20126,web,dev_20126
20127,web,dev_20127
20128,ml,dev_20128
20129,web,dev_20129
20130,ml,dev_20130
20131,web,dev_20131
20132,web,dev_20132
20133,web,dev_20133
20134,web,dev_20134
20135,ml,dev_20135
20136,web,dev_20136
20137,web,dev_20137
20138,web,dev_20138
20139,web,dev_20139
20140,web,dev_20140
20141,ml,dev_20141
20142,ml,dev_20142
20143,ml,dev_20143
20144,ml,dev_20144
20145,ml,dev_20145
20146,ml,dev_20146
20147,web,dev_20147
20148,web,dev_20148
20149,web,dev_20149
20150,web,dev_20150
20151,web,dev_20151
20152,web,dev_20152
20153,web,dev_20153
20154,ml,dev_20154
20155,ml,dev_20155
20156,web,dev_20156
20157,web,dev_20157
20158,web,dev_20158
20159,ml,dev_20159
20160,web,dev_20160
20161,web,dev_20161
20162,web,dev_20162
20163,ml,dev_20163
20164,web,dev_20164
20165,ml,dev_20165
20166,web,dev_20166
20167,ml,dev_20167
20168,web,dev_20168
20169,ml,dev_20169
20170,web,dev_20170
20171,ml,dev_20171
20172,web,dev_20172
20173,ml,dev_20173
20174,web,dev_20174
20175,web,dev_20175
20176,web,dev_20176
20177,ml,dev_20177
20178,web,dev_20178
20179,ml,dev_20179
20180,ml,dev_20180
20181,ml,dev_20181
20182,ml,dev_20182
20183,ml,dev_20183
20184,web,dev_20184
20185,ml,dev_20185
20186,ml,dev_20186
20187,web,dev_20187
20188,web,dev_20188
20189,ml,dev_20189
20190,ml,dev_20190
20191,web,dev_20191
20192,web,dev_20192
20193,web,dev_20193
20194,ml,dev_20194
20195,web,dev_20195
20196,ml,dev_20196
20197,web,dev_20197
20198,web,dev_20198
20199,web,dev_20199
20200,ml,dev_20200
20201,ml,dev_20201
20202,web,dev_20202
20203,web,dev_20203
20204,web,dev_20204
20205,ml,dev_20205
20206,ml,dev_20206
20207,ml,dev_20207
20208,ml,dev_20208
20209,ml,dev_20209
20210,web,dev_20210
20211,web,dev_20211
20212,web,dev_20212
20213,ml,dev_20213
20214,web,dev_20214
20215,ml,dev_20215
20216,web,dev_20216
20217,ml,dev_20217
20218,ml,dev_20218
20219,ml,dev_20219
20220,web,dev_20220
20221,web,dev_20221
20222,web,dev_20222
20223,web,dev_20223
20224,ml,dev_20224
20225,ml,dev_20225
20226,web,dev_20226
20227,ml,dev_20227
20228,web,dev_20228
20229,ml,dev_20229
20230,web,dev_20230
20231,web,dev_20231
20232,web,dev_20232
20233,ml,dev_20233
20234,web,dev_20234
20235,ml,dev_20235
20236,ml,dev_20236
20237,ml,dev_20237
20238,web,dev_20238
20239,web,dev_20239
20240,ml,dev_20240
20241,ml,dev_20241
20242,ml,dev_20242
20243,web,dev_20243
20244,ml,dev_20244
20245,web,dev_20245
20246,web,dev_20246
20247,web,dev_20247
20248,web,dev_20248
20249,web,dev_20249
20250,ml,dev_20250
20251,ml,dev_20251
20252,web,dev_20252
20253,web,dev_20253
20254,web,dev_20254
20255,web,dev_20255
20256,web,dev_20256
20257,web,dev_20257
20258,ml,dev_20258
20259,ml,dev_20259
20260,ml,dev_20260
20261,web,dev_20261
20262,web,dev_20262
20263,ml,dev_20263
20264,ml,dev_20264
20265,web,dev_20265
20266,ml,dev_20266
20267,web,dev_20267
20268,ml,dev_20268
20269,ml,dev_20269
20270,ml,dev_20270
20271,web,dev_20271
20272,ml,dev_20272
20273,web,dev_20273
20274,web,dev_20274
20275,web,dev_20275
20276,web,dev_20276
20277,web,dev_20277
20278,web,dev_20278
20279,web,dev_20279
20280,web,dev_20280
20281,web,dev_20281
20282,ml,dev_20282
20283,ml,dev_20283
20284,web,dev_20284
20285,web,dev_20285
20286,web,dev_20286
20287,ml,dev_20287
20288,ml,dev_20288
20289,web,dev_20289
20290,ml,dev_20290
20291,web,dev_20291
20292,web,dev_20292
20293,ml,dev_20293
20294,ml,dev_20294
20295,ml,dev_20295
20296,ml,dev_20296
20297,web,dev_20297
20298,ml,dev_20298
20299,web,dev_20299
20300,ml,dev_20300
20301,ml,dev_20301
20302,web,dev_20302
20303,web,dev_20303
20304,web,dev_20304
20305,ml,dev_20305
20306,ml,dev_20306
20307,ml,dev_20307
20308,ml,dev_20308
20309,ml,dev_20309
20310,ml,dev_20310
20311,ml,dev_20311
20312,web,dev_20312
20313,ml,dev_20313
20314,web,dev_20314
20315,web,dev_20315
20316,ml,dev_20316
20317,web,dev_20317
20318,web,dev_20318
20319,web,dev_20319
20320,ml,dev_20320
20321,ml,dev_20321
20322,ml,dev_20322
20323,web,dev_20323
20324,ml,dev_20324
20325,ml,dev_20325
20326,ml,dev_20326
20327,web,dev_20327
20328,ml,dev_20328
20329,web,dev_20329
20330,web,dev_20330
20331,ml,dev_20331
20332,web,dev_20332
20333,web,dev_20333
20334,ml,dev_20334
20335,ml,dev_20335
20336,web,dev_20336
20337,web,dev_20337
20338,ml,dev_20338
20339,ml,dev_20339
20340,web,dev_20340
20341,web,dev_20341
20342,web,dev_20342
20343,web,dev_20343
20344,web,dev_20344
20345,web,dev_20345
20346,web,dev_20346
20347,web,dev_20347
20348,ml,dev_20348
20349,web,dev_20349
20350,web,dev_20350
20351,web,dev_20351
20352,web,dev_20352
20353,web,dev_20353
20354,web,dev_20354
20355,web,dev_20355
20356,ml,dev_20356
20357,web,dev_20357
20358,web,dev_20358
20359,ml,dev_20359
20360,ml,dev_20360
20361,ml,dev_20361
20362,web,dev_20362
20363,ml,dev_20363
20364,ml,dev_20364
20365,ml,dev_20365
20366,ml,dev_20366
20367,ml,dev_20367
20368,ml,dev_20368
20369,web,dev_20369
20370,web,dev_20370
20371,ml,dev_20371
20372,web,dev_20372
20373,ml,dev_20373
20374,ml,dev_20374
20375,ml,dev_20375
20376,web,dev_20376
20377,ml,dev_20377
20378,ml,dev_20378
20379,web,dev_20379
20380,web,dev_20380
20381,web,dev_20381
20382,web,dev_20382
20383,web,dev_20383
20384,ml,dev_20384
20385,ml,dev_20385
20386,ml,dev_20386
20387,ml,dev_20387
20388,web,dev_20388
20389,web,dev_20389
20390,ml,dev_20390
20391,web,dev_20391
20392,web,dev_20392
20393,web,dev_20393
20394,ml,dev_20394
20395,web,dev_20395
20396,web,dev_20396
20397,web,dev_20397
20398,web,dev_20398
20399,ml,dev_20399
20400,ml,dev_20400
20401,web,dev_20401
20402,web,dev_20402
20403,web,dev_20403
20404,web,dev_20404
20405,web,dev_20405
20406,web,dev_20406
20407,web,dev_20407
20408,ml,dev_20408
20409,ml,dev_20409
20410,web,dev_20410
20411,ml,dev_20411
20412,web,dev_20412
20413,web,dev_20413
20414,ml,dev_20414
20415,web,dev_20415
20416,ml,dev_20416
20417,web,dev_20417
20418,web,dev_20418
20419,ml,dev_20419
20420,web,dev_20420
20421,web,dev_20421
20422,ml,dev_20422
20423,web,dev_20423
20424,ml,dev_20424
20425,web,dev_20425
20426,web,dev_20426
20427,ml,dev_20427
20428,web,dev_20428
20429,ml,dev_20429
20430,web,dev_20430
20431,web,dev_20431
20432,web,dev_20432
20433,ml,dev_20433
20434,web,dev_20434
20435,ml,dev_20435
20436,ml,dev_20436
20437,web,dev_20437
20438,ml,dev_20438
20439,web,dev_20439
20440,ml,dev_20440
20441,web,dev_20441
20442,web,dev_20442
20443,web,dev_20443
20444,ml,dev_20444
20445,web,dev_20445
20446,web,dev_20446
20447,web,dev_20447
20448,ml,dev_20448
20449,ml,dev_20449
20450,ml,dev_20450
20451,ml,dev_20451
20452,web,dev_20452
20453,web,dev_20453
20454,ml,dev_20454
20455,ml,dev_20455
20456,ml,dev_20456
20457,web,dev_20457
20458,ml,dev_20458
20459,ml,dev_20459
20460,web,dev_20460
20461,ml,dev_20461
20462,web,dev_20462
20463,ml,dev_20463
20464,web,dev_20464
20465,web,dev_20465
20466,ml,dev_20466
20467,ml,dev_20467
20468,ml,dev_20468
20469,web,dev_20469
20470,ml,dev_20470
20471,ml,dev_20471
20472,ml,dev_20472
20473,ml,dev_20473
20474,ml,dev_20474
20475,ml,dev_20475
20476,ml,dev_20476
20477,ml,dev_20477
20478,web,dev_20478
20479,web,dev_20479
20480,web,dev_20480
20481,ml,dev_20481
20482,web,dev_20482
20483,ml,dev_20483
20484,ml,dev_20484
20485,ml,dev_20485
20486,web,dev_20486
20487,web,dev_20487
20488,ml,dev_20488
20489,ml,dev_20489
20490,ml,dev_20490
20491,ml,dev_20491
20492,web,dev_20492
20493,ml,dev_20493
20494,web,dev_20494
20495,ml,dev_20495
20496,web,dev_20496
20497,web,dev_20497
20498,ml,dev_20498
20499,ml,dev_20499
20500,web,dev_20500
20501,web,dev_20501
20502,web,dev_20502
20503,ml,dev_20503
20504,ml,dev_20504
20505,ml,dev_20505
20506,ml,dev_20506
20507,web,dev_20507
20508,ml,dev_20508
20509,web,dev_20509
20510,ml,dev_20510
20511,ml,dev_20511
20512,web,dev_20512
20513,ml,dev_20513
20514,ml,dev_20514
20515,ml,dev_20515
20516,web,dev_20516
20517,web,dev_20517
20518,ml,dev_20518
20519,ml,dev_20519
20520,web,dev_20520
20521,web,dev_20521
20522,web,dev_20522
20523,web,dev_20523
20524,ml,dev_20524
20525,web,dev_20525
20526,ml,dev_20526
20527,ml,dev_20527
20528,ml,dev_20528
20529,web,dev_20529
20530,web,dev_20530
20531,web,dev_20531
20532,ml,dev_20532
20533,ml,dev_20533
20534,ml,dev_20534
20535,web,dev_20535
20536,ml,dev_20536
20537,web,dev_20537
20538,web,dev_20538
20539,ml,dev_20539
20540,ml,dev_20540
20541,web,dev_20541
20542,web,dev_20542
20543,web,dev_20543
20544,web,dev_20544
20545,web,dev_20545
20546,ml,dev_20546
20547,web,dev_20547
20548,ml,dev_20548
20549,ml,dev_20549
20550,web,dev_20550
20551,web,dev_20551
20552,ml,dev_20552
20553,web,dev_20553
20554,web,dev_20554
20555,web,dev_20555
20556,web,dev_20556
20557,ml,dev_20557
20558,web,dev_20558
20559,web,dev_20559
20560,web,dev_20560
20561,ml,dev_20561
20562,web,dev_20562
20563,ml,dev_20563
20564,web,dev_20564
20565,web,dev_20565
20566,ml,dev_20566
20567,ml,dev_20567
20568,web,dev_20568
20569,web,dev_20569
20570,ml,dev_20570
20571,web,dev_20571
20572,web,dev_20572
20573,web,dev_20573
20574,ml,dev_20574
20575,web,dev_20575
20576,web,dev_20576
20577,web,dev_20577
20578,web,dev_20578
20579,ml,dev_20579
20580,ml,dev_20580
20581,ml,dev_20581
20582,ml,dev_20582
20583,ml,dev_20583
20584,ml,dev_20584
20585,web,dev_20585
20586,web,dev_20586
20587,ml,dev_20587
20588,web,dev_20588
20589,ml,dev_20589
20590,ml,dev_20590
20591,web,dev_20591
20592,ml,dev_20592
20593,ml,dev_20593
20594,ml,dev_20594
20595,web,dev_20595
20596,web,dev_20596
20597,ml,dev_20597
20598,web,dev_20598
20599,web,dev_20599
20600,web,dev_20600
20601,ml,dev_20601
20602,web,dev_20602
20603,web,dev_20603
20604,web,dev_20604
20605,ml,dev_20605
20606,web,dev_20606
20607,web,dev_20607
20608,web,dev_20608
20609,ml,dev_20609
20610,web,dev_20610
20611,ml,dev_20611
20612,ml,dev_20612
20613,web,dev_20613
20614,ml,dev_20614
20615,ml,dev_20615
20616,ml,dev_20616
20617,ml,dev_20617
20618,ml,dev_20618
20619,ml,dev_20619
20620,ml,dev_20620
20621,web,dev_20621
20622,ml,dev_20622
20623,web,dev_20623
20624,ml,dev_20624
20625,ml,dev_20625
20626,web,dev_20626
20627,ml,dev_20627
20628,ml,dev_20628
20629,web,dev_20629
20630,ml,dev_20630
20631,web,dev_20631
20632,web,dev_20632
20633,ml,dev_20633
20634,web,dev_20634
20635,ml,dev_20635
20636,ml,dev_20636
20637,ml,dev_20637
20638,web,dev_20638
20639,web,dev_20639
20640,ml,dev_20640
20641,ml,dev_20641
20642,web,dev_20642
20643,web,dev_20643
20644,ml,dev_20644
20645,ml,dev_20645
20646,ml,dev_20646
20647,ml,dev_20647
20648,web,dev_20648
20649,ml,dev_20649
20650,web,dev_20650
20651,ml,dev_20651
20652,web,dev_20652
20653,ml,dev_20653
20654,ml,dev_20654
20655,web,dev_20655
20656,web,dev_20656
20657,web,dev_20657
20658,web,dev_20658
20659,web,dev_20659
20660,ml,dev_20660
20661,ml,dev_20661
20662,web,dev_20662
20663,ml,dev_20663
20664,web,dev_20664
20665,ml,dev_20665
20666,web,dev_20666
20667,web,dev_20667
20668,ml,dev_20668
20669,ml,dev_20669
20670,web,dev_20670
20671,ml,dev_20671
20672,ml,dev_20672
20673,ml,dev_20673
20674,ml,dev_20674
20675,web,dev_20675
20676,ml,dev_20676
20677,ml,dev_20677
20678,ml,dev_20678
20679,ml,dev_20679
20680,web,dev_20680
20681,ml,dev_20681
20682,ml,dev_20682
20683,web,dev_20683
20684,ml,dev_20684
20685,ml,dev_20685
20686,ml,dev_20686
20687,web,dev_20687
20688,web,dev_20688
20689,web,dev_20689
20690,web,dev_20690
20691,web,dev_20691
20692,web,dev_20692
20693,web,dev_20693
20694,ml,dev_20694
20695,web,dev_20695
20696,web,dev_20696
20697,ml,dev_20697
20698,ml,dev_20698
20699,ml,dev_20699
20700,ml,dev_20700
20701,web,dev_20701
20702,web,dev_20702
20703,web,dev_20703
20704,web,dev_20704
20705,web,dev_20705
20706,web,dev_20706
20707,web,dev_20707
20708,ml,dev_20708
20709,web,dev_20709
20710,web,dev_20710
20711,web,dev_20711
20712,web,dev_20712
20713,ml,dev_20713
20714,web,dev_20714
20715,ml,dev_20715
20716,ml,dev_20716
20717,web,dev_20717
20718,web,dev_20718
20719,ml,dev_20719
20720,web,dev_20720
20721,ml,dev_20721
20722,ml,dev_20722
20723,ml,dev_20723
20724,ml,dev_20724
20725,ml,dev_20725
20726,ml,dev_20726
20727,web,dev_20727
20728,web,dev_20728
20729,ml,dev_20729
20730,web,dev_20730
20731,web,dev_20731
20732,web,dev_20732
20733,web,dev_20733
20734,web,dev_20734
20735,web,dev_20735
20736,ml,dev_20736
20737,ml,dev_20737
20738,web,dev_20738
20739,web,dev_20739
20740,web,dev_20740
20741,web,dev_20741
20742,web,dev_20742
20743,ml,dev_20743
20744,web,dev_20744
20745,ml,dev_20745
20746,web,dev_20746
20747,ml,dev_20747
20748,ml,dev_20748
20749,ml,dev_20749
20750,ml,dev_20750
20751,ml,dev_20751
20752,web,dev_20752
20753,ml,dev_20753
20754,ml,dev_20754
20755,ml,dev_20755
20756,web,dev_20756
20757,ml,dev_20757
20758,web,dev_20758
20759,ml,dev_20759
20760,web,dev_20760
20761,web,dev_20761
20762,web,dev_20762
20763,web,dev_20763
20764,ml,dev_20764
20765,ml,dev_20765
20766,web,dev_20766
20767,web,dev_20767
20768,web,dev_20768
20769,ml,dev_20769
20770,web,dev_20770
20771,ml,dev_20771
20772,ml,dev_20772
20773,ml,dev_20773
20774,web,dev_20774
20775,web,dev_20775
20776,web,dev_20776
20777,ml,dev_20777
20778,ml,dev_20778
20779,web,dev_20779
20780,ml,dev_20780
20781,ml,dev_20781
20782,web,dev_20782
20783,ml,dev_20783
20784,web,dev_20784
20785,web,dev_20785
20786,ml,dev_20786
20787,ml,dev_20787
20788,web,dev_20788
20789,ml,dev_20789
20790,ml,dev_20790
20791,ml,dev_20791
20792,ml,dev_20792
20793,ml,dev_20793
20794,ml,dev_20794
20795,ml,dev_20795
20796,web,dev_20796
20797,web,dev_20797
20798,web,dev_20798
20799,web,dev_20799
20800,web,dev_20800
20801,ml,dev_20801
20802,web,dev_20802
20803,web,dev_20803
20804,web,dev_20804
20805,ml,dev_20805
20806,web,dev_20806
20807,web,dev_20807
20808,ml,dev_20808
20809,web,dev_20809
20810,web,dev_20810
20811,ml,dev_20811
20812,web,dev_20812
20813,web,dev_20813
20814,ml,dev_20814
20815,web,dev_20815
20816,ml,dev_20816
20817,ml,dev_20817
20818,web,dev_20818
20819,web,dev_20819
20820,ml,dev_20820
20821,ml,dev_20821
20822,ml,dev_20822
20823,ml,dev_20823
20824,web,dev_20824
20825,web,dev_20825
20826,ml,dev_20826
20827,web,dev_20827
20828,ml,dev_20828
20829,web,dev_20829
20830,web,dev_20830
20831,web,dev_20831
20832,ml,dev_20832
20833,ml,dev_20833
20834,web,dev_20834
20835,web,dev_20835
20836,web,dev_20836
20837,ml,dev_20837
20838,web,dev_20838
20839,web,dev_20839
20840,web,dev_20840
20841,ml,dev_20841
20842,web,dev_20842
20843,web,dev_20843
20844,web,dev_20844
20845,ml,dev_20845
20846,ml,dev_20846
20847,web,dev_20847
20848,ml,dev_20848
20849,web,dev_20849
20850,ml,dev_20850
20851,web,dev_20851
20852,ml,dev_20852
20853,web,dev_20853
20854,ml,dev_20854
20855,ml,dev_20855
20856,ml,dev_20856
20857,web,dev_20857
20858,web,dev_20858
20859,web,dev_20859
20860,ml,dev_20860
20861,web,dev_20861
20862,web,dev_20862
20863,web,dev_20863
20864,ml,dev_20864
20865,ml,dev_20865
20866,ml,dev_20866
20867,ml,dev_20867
20868,ml,dev_20868
20869,ml,dev_20869
20870,ml,dev_20870
20871,web,dev_20871
20872,ml,dev_20872
20873,ml,dev_20873
20874,ml,dev_20874
20875,web,dev_20875
20876,web,dev_20876
20877,web,dev_20877
20878,ml,dev_20878
20879,web,dev_20879
20880,web,dev_20880
20881,ml,dev_20881
20882,ml,dev_20882
20883,web,dev_20883
20884,ml,dev_20884
20885,web,dev_20885
20886,ml,dev_20886
20887,ml,dev_20887
20888,ml,dev_20888
20889,web,dev_20889
20890,ml,dev_20890
20891,ml,dev_20891
20892,ml,dev_20892
20893,web,dev_20893
20894,web,dev_20894
20895,ml,dev_20895
20896,ml,dev_20896
20897,web,dev_20897
20898,ml,dev_20898
20899,web,dev_20899
20900,ml,dev_20900
20901,ml,dev_20901
20902,web,dev_20902
20903,ml,dev_20903
20904,web,dev_20904
20905,web,dev_20905
20906,ml,dev_20906
20907,ml,dev_20907
20908,web,dev_20908
20909,ml,dev_20909
20910,web,dev_20910
20911,web,dev_20911
20912,web,dev_20912
20913,ml,dev_20913
20914,ml,dev_20914
20915,ml,dev_20915
20916,web,dev_20916
20917,ml,dev_20917
20918,web,dev_20918
20919,ml,dev_20919
20920,web,dev_20920
20921,web,dev_20921
20922,ml,dev_20922
20923,ml,dev_20923
20924,web,dev_20924
20925,web,dev_20925
20926,web,dev_20926
20927,ml,dev_20927
20928,web,dev_20928
20929,ml,dev_20929
20930,web,dev_20930
20931,web,dev_20931
20932,web,dev_20932
20933,ml,dev_20933
20934,web,dev_20934
20935,ml,dev_20935
20936,web,dev_20936
20937,web,dev_20937
20938,web,dev_20938
20939,web,dev_20939
20940,ml,dev_20940
20941,ml,dev_20941
20942,web,dev_20942
20943,web,dev_20943
20944,web,dev_20944
20945,web,dev_20945
20946,ml,dev_20946
20947,ml,dev_20947
20948,ml,dev_20948
20949,web,dev_20949
20950,web,dev_20950
20951,ml,dev_20951
20952,web,dev_20952
20953,web,dev_20953
20954,web,dev_20954
20955,ml,dev_20955
20956,ml,dev_20956
20957,ml,dev_20957
20958,ml,dev_20958
20959,web,dev_20959
20960,ml,dev_20960
20961,ml,dev_20961
20962,ml,dev_20962
20963,ml,dev_20963
20964,ml,dev_20964
20965,ml,dev_20965
20966,ml,dev_20966
20967,ml,dev_20967
20968,web,dev_20968
20969,web,dev_20969
20970,ml,dev_20970
20971,web,dev_20971
20972,ml,dev_20972
20973,web,dev_20973
20974,web,dev_20974
20975,ml,dev_20975
20976,ml,dev_20976
20977,ml,dev_20977
20978,web,dev_20978
20979,ml,dev_20979
20980,web,dev_20980
20981,web,dev_20981
20982,web,dev_20982
20983,web,dev_20983
20984,ml,dev_20984
20985,web,dev_20985
20986,web,dev_20986
20987,ml,dev_20987
20988,ml,dev_20988
20989,ml,dev_20989
20990,web,dev_20990
20991,ml,dev_20991
20992,ml,dev_20992
20993,web,dev_20993
20994,ml,dev_20994
20995,ml,dev_20995
20996,web,dev_20996
20997,web,dev_20997
20998,ml,dev_20998
20999,web,dev_20999
21000,web,dev_21000
21001,web,dev_21001
21002,web,dev_21002
21003,ml,dev_21003
21004,ml,dev_21004
21005,ml,dev_21005
21006,ml,dev_21006
21007,ml,dev_21007
21008,web,dev_21008
21009,web,dev_21009
21010,web,dev_21010
21011,web,dev_21011
21012,web,dev_21012
21013,ml,dev_21013
21014,web,dev_21014
21015,ml,dev_21015
21016,ml,dev_21016
21017,ml,dev_21017
21018,ml,dev_21018
21019,web,dev_21019
21020,ml,dev_21020
21021,ml,dev_21021
21022,web,dev_21022
21023,web,dev_21023
21024,ml,dev_21024
21025,web,dev_21025
21026,ml,dev_21026
21027,web,dev_21027
21028,web,dev_21028
21029,web,dev_21029
21030,ml,dev_21030
21031,ml,dev_21031
21032,web,dev_21032
21033,web,dev_21033
21034,ml,dev_21034
21035,web,dev_21035
21036,ml,dev_21036
21037,ml,dev_21037
21038,ml,dev_21038
21039,ml,dev_21039
21040,web,dev_21040
21041,ml,dev_21041
21042,ml,dev_21042
21043,ml,dev_21043
21044,web,dev_21044
21045,web,dev_21045
21046,ml,dev_21046
21047,ml,dev_21047
21048,web,dev_21048
21049,web,dev_21049
21050,ml,dev_21050
21051,ml,dev_21051
21052,web,dev_21052
21053,web,dev_21053
21054,web,dev_21054
21055,ml,dev_21055
21056,ml,dev_21056
21057,web,dev_21057
21058,web,dev_21058
21059,web,dev_21059
21060,web,dev_21060
21061,web,dev_21061
21062,web,dev_21062
21063,web,dev_21063
21064,web,dev_21064
21065,ml,dev_21065
21066,web,dev_21066
21067,web,dev_21067
21068,ml,dev_21068
21069,web,dev_21069
21070,ml,dev_21070
21071,ml,dev_21071
21072,ml,dev_21072
21073,ml,dev_21073
21074,ml,dev_21074
21075,web,dev_21075
21076,ml,dev_21076
21077,web,dev_21077
21078,ml,dev_21078
21079,web,dev_21079
21080,web,dev_21080
21081,web,dev_21081
21082,ml,dev_21082
21083,web,dev_21083
21084,ml,dev_21084
21085,ml,dev_21085
21086,web,dev_21086
21087,ml,dev_21087
21088,ml,dev_21088
21089,ml,dev_21089
21090,ml,dev_21090
21091,web,dev_21091
21092,ml,dev_21092
21093,web,dev_21093
21094,web,dev_21094
21095,ml,dev_21095
21096,web,dev_21096
21097,ml,dev_21097
21098,web,dev_21098
21099,ml,dev_21099
21100,ml,dev_21100
21101,web,dev_21101
21102,web,dev_21102
21103,web,dev_21103
21104,ml,dev_21104
21105,web,dev_21105
21106,web,dev_21106
21107,ml,dev_21107
21108,web,dev_21108
21109,web,dev_21109
21110,web,dev_21110
21111,ml,dev_21111
21112,ml,dev_21112
21113,ml,dev_21113
21114,ml,dev_21114
21115,web,dev_21115
21116,web,dev_21116
21117,web,dev_21117
21118,ml,dev_21118
21119,web,dev_21119
21120,ml,dev_21120
21121,web,dev_21121
21122,web,dev_21122
21123,web,dev_21123
21124,ml,dev_21124
21125,web,dev_21125
21126,web,dev_21126
21127,web,dev_21127
21128,web,dev_21128
21129,web,dev_21129
21130,web,dev_21130
21131,web,dev_21131
21132,ml,dev_21132
21133,ml,dev_21133
21134,ml,dev_21134
21135,web,dev_21135
21136,web,dev_21136
21137,web,dev_21137
21138,ml,dev_21138
21139,web,dev_21139
21140,ml,dev_21140
21141,web,dev_21141
21142,web,dev_21142
21143,ml,dev_21143
21144,ml,dev_21144
21145,ml,dev_21145
21146,ml,dev_21146
21147,ml,dev_21147
21148,web,dev_21148
21149,ml,dev_21149
21150,ml,dev_21150
21151,web,dev_21151
21152,web,dev_21152
21153,ml,dev_21153
21154,web,dev_21154
21155,ml,dev_21155
21156,ml,dev_21156
21157,web,dev_21157
21158,web,dev_21158
21159,ml,dev_21159
21160,ml,dev_21160
21161,web,dev_21161
21162,ml,dev_21162
21163,web,dev_21163
21164,web,dev_21164
21165,web,dev_21165
21166,ml,dev_21166
21167,ml,dev_21167
21168,ml,dev_21168
21169,ml,dev_21169
21170,ml,dev_21170
21171,web,dev_21171
21172,ml,dev_21172
21173,ml,dev_21173
21174,ml,dev_21174
21175,ml,dev_21175
21176,ml,dev_21176
21177,ml,dev_21177
21178,ml,dev_21178
21179,web,dev_21179
21180,web,dev_21180
21181,web,dev_21181
21182,web,dev_21182
21183,web,dev_21183
21184,ml,dev_21184
21185,ml,dev_21185
21186,ml,dev_21186
21187,web,dev_21187
21188,ml,dev_21188
21189,ml,dev_21189
21190,web,dev_21190
21191,ml,dev_21191
21192,ml,dev_21192
21193,web,dev_21193
21194,web,dev_21194
21195,ml,dev_21195
21196,ml,dev_21196
21197,ml,dev_21197
21198,ml,dev_21198
21199,ml,dev_21199
21200,ml,dev_21200
21201,ml,dev_21201
21202,web,dev_21202
21203,ml,dev_21203
21204,ml,dev_21204
21205,ml,dev_21205
21206,web,dev_21206
21207,ml,dev_21207
21208,ml,dev_21208
21209,ml,dev_21209
21210,web,dev_21210
21211,web,dev_21211
21212,ml,dev_21212
21213,ml,dev_21213
21214,ml,dev_21214
21215,ml,dev_21215
21216,ml,dev_21216
21217,ml,dev_21217
21218,ml,dev_21218
21219,web,dev_21219
21220,web,dev_21220
21221,web,dev_21221
21222,web,dev_21222
21223,ml,dev_21223
21224,ml,dev_21224
21225,web,dev_21225
21226,web,dev_21226
21227,web,dev_21227
21228,web,dev_21228
21229,ml,dev_21229
21230,web,dev_21230
21231,ml,dev_21231
21232,web,dev_21232
21233,ml,dev_21233
21234,ml,dev_21234
21235,web,dev_21235
21236,ml,dev_21236
21237,ml,dev_21237
21238,web,dev_21238
21239,web,dev_21239
21240,web,dev_21240
21241,web,dev_21241
21242,web,dev_21242
21243,ml,dev_21243
21244,web,dev_21244
21245,ml,dev_21245
21246,ml,dev_21246
21247,ml,dev_21247
21248,ml,dev_21248
21249,ml,dev_21249
21250,ml,dev_21250
21251,ml,dev_21251
21252,ml,dev_21252
21253,ml,dev_21253
21254,web,dev_21254
21255,ml,dev_21255
21256,ml,dev_21256
21257,web,dev_21257
21258,web,dev_21258
21259,web,dev_21259
21260,web,dev_21260
21261,web,dev_21261
21262,ml,dev_21262
21263,web,dev_21263
21264,web,dev_21264
21265,ml,dev_21265
21266,ml,dev_21266
21267,web,dev_21267
21268,web,dev_21268
21269,web,dev_21269
21270,ml,dev_21270
21271,ml,dev_21271
21272,web,dev_21272
21273,web,dev_21273
21274,ml,dev_21274
21275,ml,dev_21275
21276,web,dev_21276
21277,web,dev_21277
21278,web,dev_21278
21279,web,dev_21279
21280,web,dev_21280
21281,ml,dev_21281
21282,web,dev_21282
21283,ml,dev_21283
21284,ml,dev_21284
21285,web,dev_21285
21286,web,dev_21286
21287,web,dev_21287
21288,ml,dev_21288
21289,web,dev_21289
21290,web,dev_21290
21291,ml,dev_21291
21292,ml,dev_21292
21293,ml,dev_21293
21294,web,dev_21294
21295,ml,dev_21295
21296,ml,dev_21296
21297,ml,dev_21297
21298,web,dev_21298
21299,ml,dev_21299
21300,web,dev_21300
21301,web,dev_21301
21302,ml,dev_21302
21303,web,dev_21303
21304,ml,dev_21304
21305,ml,dev_21305
21306,web,dev_21306
21307,ml,dev_21307
21308,ml,dev_21308
21309,ml,dev_21309
21310,web,dev_21310
21311,web,dev_21311
21312,ml,dev_21312
21313,ml,dev_21313
21314,web,dev_21314
21315,web,dev_21315
21316,web,dev_21316
21317,ml,dev_21317
21318,web,dev_21318
21319,web,dev_21319
21320,ml,dev_21320
21321,web,dev_21321
21322,web,dev_21322
21323,web,dev_21323
21324,web,dev_21324
21325,ml,dev_21325
21326,web,dev_21326
21327,ml,dev_21327
21328,ml,dev_21328
21329,ml,dev_21329
21330,ml,dev_21330
21331,web,dev_21331
21332,ml,dev_21332
21333,ml,dev_21333
21334,web,dev_21334
21335,web,dev_21335
21336,ml,dev_21336
21337,web,dev_21337
21338,ml,dev_21338
21339,web,dev_21339
21340,ml,dev_21340
21341,ml,dev_21341
21342,web,dev_21342
21343,web,dev_21343
21344,ml,dev_21344
21345,ml,dev_21345
21346,ml,dev_21346
21347,ml,dev_21347
21348,web,dev_21348
21349,web,dev_21349
21350,web,dev_21350
21351,ml,dev_21351
21352,ml,dev_21352
21353,web,dev_21353
21354,ml,dev_21354
21355,web,dev_21355
21356,ml,dev_21356
21357,web,dev_21357
21358,ml,dev_21358
21359,ml,dev_21359
21360,web,dev_21360
21361,web,dev_21361
21362,web,dev_21362
21363,ml,dev_21363
21364,ml,dev_21364
21365,ml,dev_21365
21366,web,dev_21366
21367,ml,dev_21367
21368,web,dev_21368
21369,ml,dev_21369
21370,web,dev_21370
21371,web,dev_21371
21372,ml,dev_21372
21373,ml,dev_21373
21374,web,dev_21374
21375,ml,dev_21375
21376,ml,dev_21376
21377,ml,dev_21377
21378,ml,dev_21378
21379,ml,dev_21379
21380,ml,dev_21380
21381,web,dev_21381
21382,web,dev_21382
21383,ml,dev_21383
21384,ml,dev_21384
21385,ml,dev_21385
21386,ml,dev_21386
21387,web,dev_21387
21388,ml,dev_21388
21389,web,dev_21389
21390,web,dev_21390
21391,web,dev_21391
21392,web,dev_21392
21393,ml,dev_21393
21394,ml,dev_21394
21395,web,dev_21395
21396,web,dev_21396
21397,web,dev_21397
21398,ml,dev_21398
21399,ml,dev_21399
21400,web,dev_21400
21401,web,dev_21401
21402,ml,dev_21402
21403,ml,dev_21403
21404,ml,dev_21404
21405,web,dev_21405
21406,web,dev_21406
21407,ml,dev_21407
21408,ml,dev_21408
21409,ml,dev_21409
21410,web,dev_21410
21411,ml,dev_21411
21412,web,dev_21412
21413,ml,dev_21413
21414,ml,dev_21414
21415,web,dev_21415
21416,ml,dev_21416
21417,ml,dev_21417
21418,ml,dev_21418
21419,ml,dev_21419
21420,ml,dev_21420
21421,web,dev_21421
21422,ml,dev_21422
21423,web,dev_21423
21424,web,dev_21424
21425,web,dev_21425
21426,ml,dev_21426
21427,web,dev_21427
21428,web,dev_21428
21429,ml,dev_21429
21430,web,dev_21430
21431,web,dev_21431
21432,web,dev_21432
21433,ml,dev_21433
21434,ml,dev_21434
21435,web,dev_21435
21436,ml,dev_21436
21437,web,dev_21437
21438,web,dev_21438
21439,ml,dev_21439
21440,web,dev_21440
21441,ml,dev_21441
21442,ml,dev_21442
21443,web,dev_21443
21444,web,dev_21444
21445,ml,dev_21445
21446,ml,dev_21446
21447,web,dev_21447
21448,ml,dev_21448
21449,web,dev_21449
21450,ml,dev_21450
21451,web,dev_21451
21452,ml,dev_21452
21453,ml,dev_21453
21454,ml,dev_21454
21455,web,dev_21455
21456,ml,dev_21456
21457,web,dev_21457
21458,web,dev_21458
21459,web,dev_21459
21460,web,dev_21460
21461,web,dev_21461
21462,web,dev_21462
21463,ml,dev_21463
21464,ml,dev_21464
21465,ml,dev_21465
21466,ml,dev_21466
21467,ml,dev_21467
21468,web,dev_21468
21469,web,dev_21469
21470,ml,dev_21470
21471,ml,dev_21471
21472,ml,dev_21472
21473,ml,dev_21473
21474,ml,dev_21474
21475,web,dev_21475
21476,ml,dev_21476
21477,ml,dev_21477
21478,ml,dev_21478
21479,ml,dev_21479
21480,ml,dev_21480
21481,ml,dev_21481
21482,ml,dev_21482
21483,web,dev_21483
21484,web,dev_21484
21485,ml,dev_21485
21486,web,dev_21486
21487,web,dev_21487
21488,web,dev_21488
21489,ml,dev_21489
21490,ml,dev_21490
21491,ml,dev_21491
21492,ml,dev_21492
21493,ml,dev_21493
21494,web,dev_21494
21495,web,dev_21495
21496,ml,dev_21496
21497,ml,dev_21497
21498,ml,dev_21498
21499,web,dev_21499
21500,web,dev_21500
21501,ml,dev_21501
21502,web,dev_21502
21503,ml,dev_21503
21504,web,dev_21504
21505,ml,dev_21505
21506,web,dev_21506
21507,ml,dev_21507
21508,web,dev_21508
21509,web,dev_21509
21510,web,dev_21510
21511,ml,dev_21511
21512,web,dev_21512
21513,web,dev_21513
21514,ml,dev_21514
21515,ml,dev_21515
21516,web,dev_21516
21517,web,dev_21517
21518,ml,dev_21518
21519,ml,dev_21519
21520,web,dev_21520
21521,ml,dev_21521
21522,web,dev_21522
21523,web,dev_21523
21524,ml,dev_21524
21525,ml,dev_21525
21526,web,dev_21526
21527,web,dev_21527
21528,web,dev_21528
21529,web,dev_21529
21530,ml,dev_21530
21531,ml,dev_21531
21532,ml,dev_21532
21533,ml,dev_21533
21534,web,dev_21534
21535,web,dev_21535
21536,web,dev_21536
21537,web,dev_21537
21538,ml,dev_21538
21539,web,dev_21539
21540,ml,dev_21540
21541,ml,dev_21541
21542,ml,dev_21542
21543,ml,dev_21543
21544,web,dev_21544
21545,ml,dev_21545
21546,ml,dev_21546
21547,web,dev_21547
21548,ml,dev_21548
21549,ml,dev_21549
21550,ml,dev_21550
21551,web,dev_21551
21552,web,dev_21552
21553,ml,dev_21553
21554,ml,dev_21554
21555,ml,dev_21555
21556,web,dev_21556
21557,ml,dev_21557
21558,web,dev_21558
21559,ml,dev_21559
21560,web,dev_21560
21561,ml,dev_21561
21562,web,dev_21562
21563,web,dev_21563
21564,web,dev_21564
21565,ml,dev_21565
21566,web,dev_21566
21567,ml,dev_21567
21568,ml,dev_21568
21569,web,dev_21569
21570,ml,dev_21570
21571,ml,dev_21571
21572,web,dev_21572
21573,web,dev_21573
21574,web,dev_21574
21575,ml,dev_21575
21576,ml,dev_21576
21577,ml,dev_21577
21578,ml,dev_21578
21579,web,dev_21579
21580,ml,dev_21580
21581,web,dev_21581
21582,web,dev_21582
21583,ml,dev_21583
21584,ml,dev_21584
21585,ml,dev_21585
21586,ml,dev_21586
21587,ml,dev_21587
21588,ml,dev_21588
21589,web,dev_21589
21590,ml,dev_21590
21591,web,dev_21591
21592,ml,dev_21592
21593,ml,dev_21593
21594,web,dev_21594
21595,ml,dev_21595
21596,ml,dev_21596
21597,web,dev_21597
21598,ml,dev_21598
21599,web,dev_21599
21600,ml,dev_21600
21601,ml,dev_21601
21602,web,dev_21602
21603,web,dev_21603
21604,web,dev_21604
21605,web,dev_21605
21606,ml,dev_21606
21607,web,dev_21607
21608,ml,dev_21608
21609,web,dev_21609
21610,web,dev_21610
21611,ml,dev_21611
21612,ml,dev_21612
21613,ml,dev_21613
21614,ml,dev_21614
21615,ml,dev_21615
21616,web,dev_21616
21617,web,dev_21617
21618,web,dev_21618
21619,ml,dev_21619
21620,web,dev_21620
21621,ml,dev_21621
21622,ml,dev_21622
21623,web,dev_21623
21624,web,dev_21624
21625,web,dev_21625
21626,ml,dev_21626
21627,web,dev_21627
21628,web,dev_21628
21629,ml,dev_21629
21630,ml,dev_21630
21631,web,dev_21631
21632,ml,dev_21632
21633,ml,dev_21633
21634,web,dev_21634
21635,ml,dev_21635
21636,ml,dev_21636
21637,ml,dev_21637
21638,web,dev_21638
21639,ml,dev_21639
21640,web,dev_21640
21641,ml,dev_21641
21642,ml,dev_21642
21643,ml,dev_21643
21644,ml,dev_21644
21645,web,dev_21645
21646,web,dev_21646
21647,ml,dev_21647
21648,ml,dev_21648
21649,ml,dev_21649
21650,web,dev_21650
21651,ml,dev_21651
21652,ml,dev_21652
21653,web,dev_21653
21654,web,dev_21654
21655,ml,dev_21655
21656,web,dev_21656
21657,web,dev_21657
21658,web,dev_21658
21659,web,dev_21659
21660,ml,dev_21660
21661,web,dev_21661
21662,web,dev_21662
21663,ml,dev_21663
21664,ml,dev_21664
21665,ml,dev_21665
21666,web,dev_21666
21667,ml,dev_21667
21668,ml,dev_21668
21669,web,dev_21669
21670,ml,dev_21670
21671,ml,dev_21671
21672,web,dev_21672
21673,web,dev_21673
21674,ml,dev_21674
21675,ml,dev_21675
21676,ml,dev_21676
21677,web,dev_21677
21678,ml,dev_21678
21679,ml,dev_21679
21680,web,dev_21680
21681,ml,dev_21681
21682,ml,dev_21682
21683,ml,dev_21683
21684,ml,dev_21684
21685,web,dev_21685
21686,web,dev_21686
21687,ml,dev_21687
21688,ml,dev_21688
21689,web,dev_21689
21690,web,dev_21690
21691,web,dev_21691
21692,ml,dev_21692
21693,ml,dev_21693
21694,web,dev_21694
21695,web,dev_21695
21696,web,dev_21696
21697,ml,dev_21697
21698,ml,dev_21698
21699,ml,dev_21699
21700,ml,dev_21700
21701,ml,dev_21701
21702,web,dev_21702
21703,web,dev_21703
21704,ml,dev_21704
21705,ml,dev_21705
21706,ml,dev_21706
21707,web,dev_21707
21708,ml,dev_21708
21709,ml,dev_21709
21710,ml,dev_21710
21711,web,dev_21711
21712,web,dev_21712
21713,web,dev_21713
21714,ml,dev_21714
21715,ml,dev_21715
21716,web,dev_21716
21717,web,dev_21717
21718,web,dev_21718
21719,ml,dev_21719
21720,web,dev_21720
21721,web,dev_21721
21722,web,dev_21722
21723,web,dev_21723
21724,ml,dev_21724
21725,web,dev_21725
21726,web,dev_21726
21727,ml,dev_21727
21728,web,dev_21728
21729,web,dev_21729
21730,ml,dev_21730
21731,web,dev_21731
21732,web,dev_21732
21733,web,dev_21733
21734,ml,dev_21734
21735,web,dev_21735
21736,ml,dev_21736
21737,web,dev_21737
21738,web,dev_21738
21739,ml,dev_21739
21740,web,dev_21740
21741,web,dev_21741
21742,web,dev_21742
21743,web,dev_21743
21744,web,dev_21744
21745,web,dev_21745
21746,ml,dev_21746
21747,ml,dev_21747
21748,web,dev_21748
21749,web,dev_21749
21750,ml,dev_21750
21751,web,dev_21751
21752,ml,dev_21752
21753,ml,dev_21753
21754,web,dev_21754
21755,web,dev_21755
21756,ml,dev_21756
21757,web,dev_21757
21758,web,dev_21758
21759,web,dev_21759
21760,web,dev_21760
21761,web,dev_21761
21762,ml,dev_21762
21763,ml,dev_21763
21764,web,dev_21764
21765,web,dev_21765
21766,web,dev_21766
21767,ml,dev_21767
21768,ml,dev_21768
21769,web,dev_21769
21770,ml,dev_21770
21771,web,dev_21771
21772,web,dev_21772
21773,ml,dev_21773
21774,web,dev_21774
21775,ml,dev_21775
21776,web,dev_21776
21777,ml,dev_21777
21778,ml,dev_21778
21779,web,dev_21779
21780,ml,dev_21780
21781,web,dev_21781
21782,web,dev_21782
21783,ml,dev_21783
21784,web,dev_21784
21785,web,dev_21785
21786,web,dev_21786
21787,ml,dev_21787
21788,ml,dev_21788
21789,web,dev_21789
21790,ml,dev_21790
21791,web,dev_21791
21792,ml,dev_21792
21793,ml,dev_21793
21794,ml,dev_21794
21795,ml,dev_21795
21796,web,dev_21796
21797,ml,dev_21797
21798,ml,dev_21798
21799,web,dev_21799
21800,ml,dev_21800
21801,web,dev_21801
21802,web,dev_21802
21803,web,dev_21803
21804,web,dev_21804
21805,ml,dev_21805
21806,web,dev_21806
21807,web,dev_21807
21808,ml,dev_21808
21809,ml,dev_21809
21810,web,dev_21810
21811,web,dev_21811
21812,ml,dev_21812
21813,web,dev_21813
21814,web,dev_21814
21815,ml,dev_21815
21816,ml,dev_21816
21817,ml,dev_21817
21818,ml,dev_21818
21819,ml,dev_21819
21820,ml,dev_21820
21821,web,dev_21821
21822,web,dev_21822
21823,web,dev_21823
21824,web,dev_21824
21825,web,dev_21825
21826,web,dev_21826
21827,ml,dev_21827
21828,web,dev_21828
21829,ml,dev_21829
21830,ml,dev_21830
21831,ml,dev_21831
21832,ml,dev_21832
21833,ml,dev_21833
21834,ml,dev_21834
21835,ml,dev_21835
21836,ml,dev_21836
21837,ml,dev_21837
21838,web,dev_21838
21839,web,dev_21839
21840,ml,dev_21840
21841,web,dev_21841
21842,ml,dev_21842
21843,web,dev_21843
21844,ml,dev_21844
21845,web,dev_21845
21846,ml,dev_21846
21847,ml,dev_21847
21848,ml,dev_21848
21849,web,dev_21849
21850,ml,dev_21850
21851,ml,dev_21851
21852,ml,dev_21852
21853,web,dev_21853
21854,ml,dev_21854
21855,ml,dev_21855
21856,ml,dev_21856
21857,web,dev_21857
21858,ml,dev_21858
21859,web,dev_21859
21860,web,dev_21860
21861,ml,dev_21861
21862,web,dev_21862
21863,web,dev_21863
21864,web,dev_21864
21865,web,dev_21865
21866,web,dev_21866
21867,ml,dev_21867
21868,ml,dev_21868
21869,ml,dev_21869
21870,ml,dev_21870
21871,web,dev_21871
21872,ml,dev_21872
21873,web,dev_21873
21874,web,dev_21874
21875,web,dev_21875
21876,ml,dev_21876
21877,web,dev_21877
21878,web,dev_21878
21879,ml,dev_21879
21880,web,dev_21880
21881,web,dev_21881
21882,web,dev_21882
21883,web,dev_21883
21884,ml,dev_21884
21885,web,dev_21885
21886,web,dev_21886
21887,ml,dev_21887
21888,ml,dev_21888
21889,web,dev_21889
21890,ml,dev_21890
21891,web,dev_21891
21892,ml,dev_21892
21893,web,dev_21893
21894,web,dev_21894
21895,ml,dev_21895
21896,web,dev_21896
21897,ml,dev_21897
21898,ml,dev_21898
21899,ml,dev_21899
21900,web,dev_21900
21901,ml,dev_21901
21902,ml,dev_21902
21903,web,dev_21903
21904,ml,dev_21904
21905,ml,dev_21905
21906,ml,dev_21906
21907,ml,dev_21907
21908,web,dev_21908
21909,ml,dev_21909
21910,web,dev_21910
21911,web,dev_21911
21912,web,dev_21912
21913,web,dev_21913
21914,ml,dev_21914
21915,ml,dev_21915
21916,ml,dev_21916
21917,ml,dev_21917
21918,web,dev_21918
21919,web,dev_21919
21920,web,dev_21920
21921,ml,dev_21921
21922,ml,dev_21922
21923,web,dev_21923
21924,web,dev_21924
21925,ml,dev_21925
21926,ml,dev_21926
21927,web,dev_21927
21928,ml,dev_21928
21929,ml,dev_21929
21930,ml,dev_21930
21931,web,dev_21931
21932,web,dev_21932
21933,ml,dev_21933
21934,web,dev_21934
21935,ml,dev_21935
21936,web,dev_21936
21937,ml,dev_21937
21938,web,dev_21938
21939,web,dev_21939
21940,ml,dev_21940
21941,ml,dev_21941
21942,web,dev_21942
21943,web,dev_21943
21944,ml,dev_21944
21945,ml,dev_21945
21946,web,dev_21946
21947,web,dev_21947
21948,web,dev_21948
21949,web,dev_21949
21950,ml,dev_21950
21951,ml,dev_21951
21952,web,dev_21952
21953,web,dev_21953
21954,ml,dev_21954
21955,ml,dev_21955
21956,web,dev_21956
21957,ml,dev_21957
21958,ml,dev_21958
21959,web,dev_21959
21960,ml,dev_21960
21961,ml,dev_21961
21962,web,dev_21962
21963,ml,dev_21963
21964,web,dev_21964
21965,web,dev_21965
21966,ml,dev_21966
21967,ml,dev_21967
21968,ml,dev_21968
21969,web,dev_21969
21970,web,dev_21970
21971,ml,dev_21971
21972,ml,dev_21972
21973,ml,dev_21973
21974,ml,dev_21974
21975,web,dev_21975
21976,web,dev_21976
21977,ml,dev_21977
21978,ml,dev_21978
21979,web,dev_21979
21980,ml,dev_21980
21981,web,dev_21981
21982,ml,dev_21982
21983,ml,dev_21983
21984,web,dev_21984
21985,ml,dev_21985
21986,web,dev_21986
21987,ml,dev_21987
21988,web,dev_21988
21989,ml,dev_21989
21990,ml,dev_21990
21991,web,dev_21991
21992,web,dev_21992
21993,ml,dev_21993
21994,ml,dev_21994
21995,web,dev_21995
21996,web,dev_21996
21997,web,dev_21997
21998,web,dev_21998
21999,web,dev_21999
22000,ml,dev_22000
22001,web,dev_22001
22002,ml,dev_22002
22003,web,dev_22003
22004,ml,dev_22004
22005,web,dev_22005
22006,web,dev_22006
22007,web,dev_22007
22008,ml,dev_22008
22009,web,dev_22009
22010,web,dev_22010
22011,ml,dev_22011
22012,ml,dev_22012
22013,web,dev_22013
22014,web,dev_22014
22015,web,dev_22015
22016,web,dev_22016
22017,web,dev_22017
22018,web,dev_22018
22019,web,dev_22019
22020,web,dev_22020
22021,web,dev_22021
22022,ml,dev_22022
22023,web,dev_22023
22024,ml,dev_22024
22025,web,dev_22025
22026,web,dev_22026
22027,web,dev_22027
22028,ml,dev_22028
22029,ml,dev_22029
22030,ml,dev_22030
22031,web,dev_22031
22032,ml,dev_22032
22033,web,dev_22033
22034,ml,dev_22034
22035,ml,dev_22035
22036,ml,dev_22036
22037,web,dev_22037
22038,ml,dev_22038
22039,ml,dev_22039
22040,web,dev_22040
22041,web,dev_22041
22042,web,dev_22042
22043,ml,dev_22043
22044,web,dev_22044
22045,ml,dev_22045
22046,ml,dev_22046
22047,web,dev_22047
22048,ml,dev_22048
22049,ml,dev_22049
22050,web,dev_22050
22051,ml,dev_22051
22052,web,dev_22052
22053,ml,dev_22053
22054,web,dev_22054
22055,ml,dev_22055
22056,web,dev_22056
22057,ml,dev_22057
22058,web,dev_22058
22059,web,dev_22059
22060,ml,dev_22060
22061,web,dev_22061
22062,web,dev_22062
22063,web,dev_22063
22064,ml,dev_22064
22065,web,dev_22065
22066,web,dev_22066
22067,ml,dev_22067
22068,ml,dev_22068
22069,ml,dev_22069
22070,web,dev_22070
22071,ml,dev_22071
22072,ml,dev_22072
22073,web,dev_22073
22074,ml,dev_22074
22075,ml,dev_22075
22076,web,dev_22076
22077,web,dev_22077
22078,web,dev_22078
22079,web,dev_22079
22080,ml,dev_22080
22081,ml,dev_22081
22082,ml,dev_22082
22083,ml,dev_22083
22084,web,dev_22084
22085,ml,dev_22085
22086,ml,dev_22086
22087,ml,dev_22087
22088,web,dev_22088
22089,web,dev_22089
22090,web,dev_22090
22091,web,dev_22091
22092,ml,dev_22092
22093,web,dev_22093
22094,web,dev_22094
22095,ml,dev_22095
22096,web,dev_22096
22097,ml,dev_22097
22098,web,dev_22098
22099,ml,dev_22099
22100,ml,dev_22100
22101,ml,dev_22101
22102,ml,dev_22102
22103,ml,dev_22103
22104,web,dev_22104
22105,web,dev_22105
22106,ml,dev_22106
22107,web,dev_22107
22108,web,dev_22108
22109,ml,dev_22109
22110,ml,dev_22110
22111,ml,dev_22111
22112,ml,dev_22112
22113,ml,dev_22113
22114,web,dev_22114
22115,web,dev_22115
22116,ml,dev_22116
22117,web,dev_22117
22118,web,dev_22118
22119,ml,dev_22119
22120,ml,dev_22120
22121,web,dev_22121
22122,ml,dev_22122
22123,ml,dev_22123
22124,web,dev_22124
22125,ml,dev_22125
22126,web,dev_22126
22127,web,dev_22127
22128,web,dev_22128
22129,web,dev_22129
22130,ml,dev_22130
22131,ml,dev_22131
22132,web,dev_22132
22133,web,dev_22133
22134,web,dev_22134
22135,web,dev_22135
22136,web,dev_22136
22137,web,dev_22137
22138,ml,dev_22138
22139,web,dev_22139
22140,ml,dev_22140
22141,web,dev_22141
22142,web,dev_22142
22143,web,dev_22143
22144,ml,dev_22144
22145,web,dev_22145
22146,web,dev_22146
22147,web,dev_22147
22148,web,dev_22148
22149,web,dev_22149
22150,ml,dev_22150
22151,ml,dev_22151
22152,web,dev_22152
22153,web,dev_22153
22154,web,dev_22154
22155,ml,dev_22155
22156,ml,dev_22156
22157,ml,dev_22157
22158,web,dev_22158
22159,web,dev_22159
22160,ml,dev_22160
22161,web,dev_22161
22162,web,dev_22162
22163,web,dev_22163
22164,ml,dev_22164
22165,ml,dev_22165
22166,ml,dev_22166
22167,web,dev_22167
22168,ml,dev_22168
22169,web,dev_22169
22170,web,dev_22170
22171,web,dev_22171
22172,web,dev_22172
22173,ml,dev_22173
22174,web,dev_22174
22175,web,dev_22175
22176,web,dev_22176
22177,ml,dev_22177
22178,web,dev_22178
22179,ml,dev_22179
22180,ml,dev_22180
22181,web,dev_22181
22182,web,dev_22182
22183,web,dev_22183
22184,ml,dev_22184
22185,web,dev_22185
22186,ml,dev_22186
22187,ml,dev_22187
22188,web,dev_22188
22189,web,dev_22189
22190,ml,dev_22190
22191,web,dev_22191
22192,ml,dev_22192
22193,ml,dev_22193
22194,ml,dev_22194
22195,web,dev_22195
22196,ml,dev_22196
22197,web,dev_22197
22198,web,dev_22198
22199,ml,dev_22199
22200,web,dev_22200
22201,web,dev_22201
22202,web,dev_22202
22203,web,dev_22203
22204,web,dev_22204
22205,web,dev_22205
22206,ml,dev_22206
22207,web,dev_22207
22208,ml,dev_22208
22209,ml,dev_22209
22210,web,dev_22210
22211,ml,dev_22211
22212,ml,dev_22212
22213,web,dev_22213
22214,web,dev_22214
22215,ml,dev_22215
22216,web,dev_22216
22217,ml,dev_22217
22218,web,dev_22218
22219,web,dev_22219
22220,ml,dev_22220
22221,ml,dev_22221
22222,web,dev_22222
22223,web,dev_22223
22224,ml,dev_22224
22225,ml,dev_22225
22226,web,dev_22226
22227,web,dev_22227
22228,ml,dev_22228
22229,web,dev_22229
22230,ml,dev_22230
22231,web,dev_22231
22232,ml,dev_22232
22233,ml,dev_22233
22234,ml,dev_22234
22235,web,dev_22235
22236,ml,dev_22236
22237,ml,dev_22237
22238,web,dev_22238
22239,ml,dev_22239
22240,ml,dev_22240
22241,ml,dev_22241
22242,web,dev_22242
22243,ml,dev_22243
22244,web,dev_22244
22245,web,dev_22245
22246,web,dev_22246
22247,web,dev_22247
22248,ml,dev_22248
22249,ml,dev_22249
22250,ml,dev_22250
22251,web,dev_22251
22252,ml,dev_22252
22253,ml,dev_22253
22254,ml,dev_22254
22255,web,dev_22255
22256,ml,dev_22256
22257,ml,dev_22257
22258,ml,dev_22258
22259,ml,dev_22259
22260,web,dev_22260
22261,web,dev_22261
22262,ml,dev_22262
22263,web,dev_22263
22264,ml,dev_22264
22265,web,dev_22265
22266,web,dev_22266
22267,web,dev_22267
22268,web,dev_22268
22269,web,dev_22269
22270,web,dev_22270
22271,web,dev_22271
22272,ml,dev_22272
22273,web,dev_22273
22274,web,dev_22274
22275,ml,dev_22275
22276,web,dev_22276
22277,ml,dev_22277
22278,ml,dev_22278
22279,ml,dev_22279
22280,ml,dev_22280
22281,ml,dev_22281
22282,ml,dev_22282
22283,web,dev_22283
22284,web,dev_22284
22285,ml,dev_22285
22286,ml,dev_22286
22287,ml,dev_22287
22288,web,dev_22288
22289,ml,dev_22289
22290,web,dev_22290
22291,ml,dev_22291
22292,ml,dev_22292
22293,ml,dev_22293
22294,ml,dev_22294
22295,web,dev_22295
22296,ml,dev_22296
22297,web,dev_22297
22298,ml,dev_22298
22299,web,dev_22299
22300,web,dev_22300
22301,ml,dev_22301
22302,ml,dev_22302
22303,web,dev_22303
22304,web,dev_22304
22305,web,dev_22305
22306,web,dev_22306
22307,web,dev_22307
22308,ml,dev_22308
22309,web,dev_22309
22310,ml,dev_22310
22311,ml,dev_22311
22312,ml,dev_22312
22313,ml,dev_22313
22314,ml,dev_22314
22315,web,dev_22315
22316,ml,dev_22316
22317,web,dev_22317
22318,web,dev_22318
22319,ml,dev_22319
22320,ml,dev_22320
22321,ml,dev_22321
22322,ml,dev_22322
22323,web,dev_22323
22324,ml,dev_22324
22325,ml,dev_22325
22326,ml,dev_22326
22327,web,dev_22327
22328,web,dev_22328
22329,web,dev_22329
22330,web,dev_22330
22331,ml,dev_22331
22332,web,dev_22332
22333,ml,dev_22333
22334,ml,dev_22334
22335,web,dev_22335
22336,web,dev_22336
22337,ml,dev_22337
22338,ml,dev_22338
22339,web,dev_22339
22340,ml,dev_22340
22341,ml,dev_22341
22342,web,dev_22342
22343,ml,dev_22343
22344,ml,dev_22344
22345,web,dev_22345
22346,web,dev_22346
22347,web,dev_22347
22348,web,dev_22348
22349,web,dev_22349
22350,web,dev_22350
22351,ml,dev_22351
22352,web,dev_22352
22353,web,dev_22353
22354,ml,dev_22354
22355,web,dev_22355
22356,web,dev_22356
22357,web,dev_22357
22358,ml,dev_22358
22359,web,dev_22359
22360,web,dev_22360
22361,ml,dev_22361
22362,ml,dev_22362
22363,web,dev_22363
22364,ml,dev_22364
22365,ml,dev_22365
22366,ml,dev_22366
22367,ml,dev_22367
22368,web,dev_22368
22369,ml,dev_22369
22370,web,dev_22370
22371,ml,dev_22371
22372,web,dev_22372
22373,ml,dev_22373
22374,ml,dev_22374
22375,ml,dev_22375
22376,web,dev_22376
22377,web,dev_22377
22378,ml,dev_22378
22379,web,dev_22379
22380,ml,dev_22380
22381,ml,dev_22381
22382,web,dev_22382
22383,ml,dev_22383
22384,ml,dev_22384
22385,ml,dev_22385
22386,web,dev_22386
22387,web,dev_22387
22388,web,dev_22388
22389,web,dev_22389
22390,ml,dev_22390
22391,ml,dev_22391
22392,web,dev_22392
22393,ml,dev_22393
22394,web,dev_22394
22395,web,dev_22395
22396,ml,dev_22396
22397,web,dev_22397
22398,web,dev_22398
22399,ml,dev_22399
22400,web,dev_22400
22401,ml,dev_22401
22402,ml,dev_22402
22403,ml,dev_22403
22404,web,dev_22404
22405,web,dev_22405
22406,ml,dev_22406
22407,web,dev_22407
22408,web,dev_22408
22409,web,dev_22409
22410,web,dev_22410
22411,ml,dev_22411
22412,ml,dev_22412
22413,ml,dev_22413
22414,web,dev_22414
22415,ml,dev_22415
22416,web,dev_22416
22417,web,dev_22417
22418,web,dev_22418
22419,ml,dev_22419
22420,ml,dev_22420
22421,ml,dev_22421
22422,ml,dev_22422
22423,ml,dev_22423
22424,ml,dev_22424
22425,web,dev_22425
22426,ml,dev_22426
22427,ml,dev_22427
22428,ml,dev_22428
22429,ml,dev_22429
22430,ml,dev_22430
22431,ml,dev_22431
22432,ml,dev_22432
22433,web,dev_22433
22434,ml,dev_22434
22435,web,dev_22435
22436,ml,dev_22436
22437,ml,dev_22437
22438,web,dev_22438
22439,web,dev_22439
22440,ml,dev_22440
22441,web,dev_22441
22442,ml,dev_22442
22443,web,dev_22443
22444,web,dev_22444
22445,web,dev_22445
22446,web,dev_22446
22447,web,dev_22447
22448,ml,dev_22448
22449,web,dev_22449
22450,ml,dev_22450
22451,ml,dev_22451
22452,ml,dev_22452
22453,ml,dev_22453
22454,ml,dev_22454
22455,web,dev_22455
22456,ml,dev_22456
22457,ml,dev_22457
22458,web,dev_22458
22459,web,dev_22459
22460,web,dev_22460
22461,web,dev_22461
22462,web,dev_22462
22463,ml,dev_22463
22464,ml,dev_22464
22465,web,dev_22465
22466,web,dev_22466
22467,ml,dev_22467
22468,web,dev_22468
22469,ml,dev_22469
22470,web,dev_22470
22471,ml,dev_22471
22472,ml,dev_22472
22473,ml,dev_22473
22474,web,dev_22474
22475,ml,dev_22475
22476,web,dev_22476
22477,web,dev_22477
22478,web,dev_22478
22479,web,dev_22479
22480,web,dev_22480
22481,web,dev_22481
22482,ml,dev_22482
22483,ml,dev_22483
22484,web,dev_22484
22485,ml,dev_22485
22486,ml,dev_22486
22487,ml,dev_22487
22488,ml,dev_22488
22489,ml,dev_22489
22490,web,dev_22490
22491,ml,dev_22491
22492,ml,dev_22492
22493,ml,dev_22493
22494,ml,dev_22494
22495,web,dev_22495
22496,web,dev_22496
22497,ml,dev_22497
22498,web,dev_22498
22499,ml,dev_22499
22500,web,dev_22500
22501,ml,dev_22501
22502,web,dev_22502
22503,web,dev_22503
22504,web,dev_22504
22505,ml,dev_22505
22506,ml,dev_22506
22507,ml,dev_22507
22508,ml,dev_22508
22509,web,dev_22509
22510,ml,dev_22510
22511,web,dev_22511
22512,ml,dev_22512
22513,ml,dev_22513
22514,ml,dev_22514
22515,ml,dev_22515
22516,web,dev_22516
22517,ml,dev_22517
22518,ml,dev_22518
22519,ml,dev_22519
22520,ml,dev_22520
22521,ml,dev_22521
22522,web,dev_22522
22523,ml,dev_22523
22524,ml,dev_22524
22525,web,dev_22525
22526,ml,dev_22526
22527,web,dev_22527
22528,web,dev_22528
22529,web,dev_22529
22530,web,dev_22530
22531,ml,dev_22531
22532,web,dev_22532
22533,web,dev_22533
22534,ml,dev_22534
22535,web,dev_22535
22536,web,dev_22536
22537,ml,dev_22537
22538,ml,dev_22538
22539,ml,dev_22539
22540,web,dev_22540
22541,web,dev_22541
22542,ml,dev_22542
22543,ml,dev_22543
22544,ml,dev_22544
22545,web,dev_22545
22546,ml,dev_22546
22547,ml,dev_22547
22548,web,dev_22548
22549,web,dev_22549
22550,web,dev_22550
22551,web,dev_22551
22552,web,dev_22552
22553,ml,dev_22553
22554,web,dev_22554
22555,ml,dev_22555
22556,ml,dev_22556
22557,ml,dev_22557
22558,web,dev_22558
22559,web,dev_22559
22560,web,dev_22560
22561,web,dev_22561
22562,web,dev_22562
22563,ml,dev_22563
22564,ml,dev_22564
22565,web,dev_22565
22566,web,dev_22566
22567,ml,dev_22567
22568,web,dev_22568
22569,ml,dev_22569
22570,ml,dev_22570
22571,web,dev_22571
22572,web,dev_22572
22573,web,dev_22573
22574,ml,dev_22574
22575,web,dev_22575
22576,ml,dev_22576
22577,web,dev_22577
22578,ml,dev_22578
22579,ml,dev_22579
22580,web,dev_22580
22581,ml,dev_22581
22582,ml,dev_22582
22583,ml,dev_22583
22584,web,dev_22584
22585,web,dev_22585
22586,web,dev_22586
22587,ml,dev_22587
22588,ml,dev_22588
22589,web,dev_22589
22590,web,dev_22590
22591,web,dev_22591
22592,web,dev_22592
22593,ml,dev_22593
22594,web,dev_22594
22595,web,dev_22595
22596,ml,dev_22596
22597,web,dev_22597
22598,web,dev_22598
22599,web,dev_22599
22600,web,dev_22600
22601,web,dev_22601
22602,ml,dev_22602
22603,web,dev_22603
22604,web,dev_22604
22605,web,dev_22605
22606,ml,dev_22606
22607,ml,dev_22607
22608,ml,dev_22608
22609,ml,dev_22609
22610,web,dev_22610
22611,ml,dev_22611
22612,web,dev_22612
22613,ml,dev_22613
22614,ml,dev_22614
22615,ml,dev_22615
22616,ml,dev_22616
22617,web,dev_22617
22618,ml,dev_22618
22619,web,dev_22619
22620,ml,dev_22620
22621,web,dev_22621
22622,ml,dev_22622
22623,ml,dev_22623
22624,web,dev_22624
22625,ml,dev_22625
22626,web,dev_22626
22627,web,dev_22627
22628,web,dev_22628
22629,web,dev_22629
22630,web,dev_22630
22631,ml,dev_22631
22632,ml,dev_22632
22633,web,dev_22633
22634,web,dev_22634
22635,web,dev_22635
22636,ml,dev_22636
22637,web,dev_22637
22638,web,dev_22638
22639,web,dev_22639
22640,ml,dev_22640
22641,web,dev_22641
22642,web,dev_22642
22643,ml,dev_22643
22644,web,dev_22644
22645,ml,dev_22645
22646,ml,dev_22646
22647,web,dev_22647
22648,web,dev_22648
22649,ml,dev_22649
22650,web,dev_22650
22651,ml,dev_22651
22652,ml,dev_22652
22653,web,dev_22653
22654,web,dev_22654
22655,web,dev_22655
22656,web,dev_22656
22657,ml,dev_22657
22658,ml,dev_22658
22659,web,dev_22659
22660,web,dev_22660
22661,web,dev_22661
22662,ml,dev_22662
22663,web,dev_22663
22664,ml,dev_22664
22665,web,dev_22665
22666,ml,dev_22666
22667,ml,dev_22667
22668,web,dev_22668
22669,web,dev_22669
22670,web,dev_22670
22671,web,dev_22671
22672,ml,dev_22672
22673,web,dev_22673
22674,ml,dev_22674
22675,web,dev_22675
22676,web,dev_22676
22677,web,dev_22677
22678,web,dev_22678
22679,ml,dev_22679
22680,web,dev_22680
22681,ml,dev_22681
22682,ml,dev_22682
22683,ml,dev_22683
22684,ml,dev_22684
22685,web,dev_22685
22686,ml,dev_22686
22687,web,dev_22687
22688,ml,dev_22688
22689,web,dev_22689
22690,web,dev_22690
22691,ml,dev_22691
22692,web,dev_22692
22693,web,dev_22693
22694,web,dev_22694
22695,ml,dev_22695
22696,web,dev_22696
22697,ml,dev_22697
22698,ml,dev_22698
22699,web,dev_22699
22700,ml,dev_22700
22701,ml,dev_22701
22702,ml,dev_22702
22703,ml,dev_22703
22704,web,dev_22704
22705,ml,dev_22705
22706,ml,dev_22706
22707,web,dev_22707
22708,ml,dev_22708
22709,ml,dev_22709
22710,ml,dev_22710
22711,ml,dev_22711
22712,ml,dev_22712
22713,web,dev_22713
22714,web,dev_22714
22715,ml,dev_22715
22716,ml,dev_22716
22717,ml,dev_22717
22718,web,dev_22718
22719,ml,dev_22719
22720,ml,dev_22720
22721,web,dev_22721
22722,web,dev_22722
22723,ml,dev_22723
22724,ml,dev_22724
22725,web,dev_22725
22726,web,dev_22726
22727,ml,dev_22727
22728,ml,dev_22728
22729,web,dev_22729
22730,web,dev_22730
22731,ml,dev_22731
22732,web,dev_22732
22733,ml,dev_22733
22734,ml,dev_22734
22735,web,dev_22735
22736,ml,dev_22736
22737,web,dev_22737
22738,web,dev_22738
22739,web,dev_22739
22740,web,dev_22740
22741,ml,dev_22741
22742,web,dev_22742
22743,ml,dev_22743
22744,web,dev_22744
22745,ml,dev_22745
22746,ml,dev_22746
22747,web,dev_22747
22748,ml,dev_22748
22749,ml,dev_22749
22750,ml,dev_22750
22751,ml,dev_22751
22752,web,dev_22752
22753,web,dev_22753
22754,web,dev_22754
22755,ml,dev_22755
22756,ml,dev_22756
22757,web,dev_22757
22758,ml,dev_22758
22759,ml,dev_22759
22760,ml,dev_22760
22761,ml,dev_22761
22762,web,dev_22762
22763,web,dev_22763
22764,web,dev_22764
22765,ml,dev_22765
22766,ml,dev_22766
22767,ml,dev_22767
22768,web,dev_22768
22769,web,dev_22769
22770,web,dev_22770
22771,ml,dev_22771
22772,ml,dev_22772
22773,ml,dev_22773
22774,web,dev_22774
22775,web,dev_22775
22776,ml,dev_22776
22777,ml,dev_22777
22778,ml,dev_22778
22779,web,dev_22779
22780,web,dev_22780
22781,web,dev_22781
22782,web,dev_22782
22783,web,dev_22783
22784,web,dev_22784
22785,web,dev_22785
22786,web,dev_22786
22787,web,dev_22787
22788,ml,dev_22788
22789,web,dev_22789
22790,web,dev_22790
22791,web,dev_22791
22792,ml,dev_22792
22793,web,dev_22793
22794,ml,dev_22794
22795,ml,dev_22795
22796,web,dev_22796
22797,web,dev_22797
22798,web,dev_22798
22799,web,dev_22799
22800,ml,dev_22800
22801,ml,dev_22801
22802,ml,dev_22802
22803,ml,dev_22803
22804,ml,dev_22804
22805,web,dev_22805
22806,ml,dev_22806
22807,ml,dev_22807
22808,ml,dev_22808
22809,ml,dev_22809
22810,web,dev_22810
22811,ml,dev_22811
22812,web,dev_22812
22813,web,dev_22813
22814,ml,dev_22814
22815,ml,dev_22815
22816,web,dev_22816
22817,ml,dev_22817
22818,web,dev_22818
22819,web,dev_22819
22820,web,dev_22820
22821,ml,dev_22821
22822,web,dev_22822
22823,ml,dev_22823
22824,web,dev_22824
22825,web,dev_22825
22826,web,dev_22826
22827,ml,dev_22827
22828,web,dev_22828
22829,web,dev_22829
22830,web,dev_22830
22831,web,dev_22831
22832,ml,dev_22832
22833,ml,dev_22833
22834,web,dev_22834
22835,ml,dev_22835
22836,web,dev_22836
22837,web,dev_22837
22838,ml,dev_22838
22839,web,dev_22839
22840,web,dev_22840
22841,web,dev_22841
22842,ml,dev_22842
22843,ml,dev_22843
22844,ml,dev_22844
22845,ml,dev_22845
22846,ml,dev_22846
22847,ml,dev_22847
22848,web,dev_22848
22849,web,dev_22849
22850,ml,dev_22850
22851,ml,dev_22851
22852,web,dev_22852
22853,web,dev_22853
22854,web,dev_22854
22855,web,dev_22855
22856,ml,dev_22856
22857,web,dev_22857
22858,web,dev_22858
22859,ml,dev_22859
22860,ml,dev_22860
22861,web,dev_22861
22862,ml,dev_22862
22863,web,dev_22863
22864,web,dev_22864
22865,web,dev_22865
22866,web,dev_22866
22867,ml,dev_22867
22868,ml,dev_22868
22869,ml,dev_22869
22870,ml,dev_22870
22871,ml,dev_22871
22872,web,dev_22872
22873,ml,dev_22873
22874,web,dev_22874
22875,ml,dev_22875
22876,web,dev_22876
22877,web,dev_22877
22878,web,dev_22878
22879,ml,dev_22879
22880,ml,dev_22880
22881,web,dev_22881
22882,ml,dev_22882
22883,web,dev_22883
22884,ml,dev_22884
22885,web,dev_22885
22886,ml,dev_22886
22887,ml,dev_22887
22888,ml,dev_22888
22889,web,dev_22889
22890,ml,dev_22890
22891,ml,dev_22891
22892,web,dev_22892
22893,web,dev_22893
22894,web,dev_22894
22895,web,dev_22895
22896,ml,dev_22896
22897,web,dev_22897
22898,ml,dev_22898
22899,web,dev_22899
22900,ml,dev_22900
22901,ml,dev_22901
22902,web,dev_22902
22903,ml,dev_22903
22904,web,dev_22904
22905,ml,dev_22905
22906,ml,dev_22906
22907,web,dev_22907
22908,ml,dev_22908
22909,web,dev_22909
22910,web,dev_22910
22911,web,dev_22911
22912,ml,dev_22912
22913,ml,dev_22913
22914,ml,dev_22914
22915,ml,dev_22915
22916,ml,dev_22916
22917,web,dev_22917
22918,ml,dev_22918
22919,ml,dev_22919
22920,web,dev_22920
22921,web,dev_22921
22922,web,dev_22922
22923,web,dev_22923
22924,web,dev_22924
22925,web,dev_22925
22926,web,dev_22926
22927,ml,dev_22927
22928,web,dev_22928
22929,web,dev_22929
22930,ml,dev_22930
22931,web,dev_22931
22932,ml,dev_22932
22933,web,dev_22933
22934,ml,dev_22934
22935,ml,dev_22935
22936,web,dev_22936
22937,web,dev_22937
22938,ml,dev_22938
22939,web,dev_22939
22940,web,dev_22940
22941,ml,dev_22941
22942,web,dev_22942
22943,web,dev_22943
22944,web,dev_22944
22945,ml,dev_22945
22946,ml,dev_22946
22947,web,dev_22947
22948,ml,dev_22948
22949,web,dev_22949
22950,web,dev_22950
22951,ml,dev_22951
22952,ml,dev_22952
22953,web,dev_22953
22954,ml,dev_22954
22955,ml,dev_22955
22956,ml,dev_22956
22957,ml,dev_22957
22958,ml,dev_22958
22959,web,dev_22959
22960,web,dev_22960
22961,web,dev_22961
22962,ml,dev_22962
22963,ml,dev_22963
22964,ml,dev_22964
22965,ml,dev_22965
22966,web,dev_22966
22967,web,dev_22967
22968,ml,dev_22968
22969,web,dev_22969
22970,ml,dev_22970
22971,web,dev_22971
22972,ml,dev_22972
22973,web,dev_22973
22974,ml,dev_22974
22975,ml,dev_22975
22976,web,dev_22976
22977,ml,dev_22977
22978,web,dev_22978
22979,web,dev_22979
22980,ml,dev_22980
22981,web,dev_22981
22982,ml,dev_22982
22983,web,dev_22983
22984,ml,dev_22984
22985,ml,dev_22985
22986,ml,dev_22986
22987,ml,dev_22987
22988,ml,dev_22988
22989,web,dev_22989
22990,web,dev_22990
22991,ml,dev_22991
22992,ml,dev_22992
22993,ml,dev_22993
22994,web,dev_22994
22995,ml,dev_22995
22996,web,dev_22996
22997,web,dev_22997
22998,web,dev_22998
22999,web,dev_22999
23000,web,dev_23000
23001,web,dev_23001
23002,ml,dev_23002
23003,web,dev_23003
23004,ml,dev_23004
23005,ml,dev_23005
23006,ml,dev_23006
23007,ml,dev_23007
23008,ml,dev_23008
23009,web,dev_23009
23010,web,dev_23010
23011,web,dev_23011
23012,ml,dev_23012
23013,ml,dev_23013
23014,web,dev_23014
23015,web,dev_23015
23016,web,dev_23016
23017,web,dev_23017
23018,web,dev_23018
23019,web,dev_23019
23020,web,dev_23020
23021,ml,dev_23021
23022,ml,dev_23022
23023,ml,dev_23023
23024,web,dev_23024
23025,ml,dev_23025
23026,web,dev_23026
23027,web,dev_23027
23028,ml,dev_23028
23029,web,dev_23029
23030,web,dev_23030
23031,web,dev_23031
23032,web,dev_23032
23033,web,dev_23033
23034,ml,dev_23034
23035,web,dev_23035
23036,web,dev_23036
23037,ml,dev_23037
23038,ml,dev_23038
23039,ml,dev_23039
23040,ml,dev_23040
23041,ml,dev_23041
23042,web,dev_23042
23043,web,dev_23043
23044,web,dev_23044
23045,ml,dev_23045
23046,ml,dev_23046
23047,ml,dev_23047
23048,ml,dev_23048
23049,web,dev_23049
23050,ml,dev_23050
23051,web,dev_23051
23052,web,dev_23052
23053,ml,dev_23053
23054,web,dev_23054
23055,ml,dev_23055
23056,web,dev_23056
23057,web,dev_23057
23058,ml,dev_23058
23059,web,dev_23059
23060,ml,dev_23060
23061,web,dev_23061
23062,ml,dev_23062
23063,web,dev_23063
23064,web,dev_23064
23065,ml,dev_23065
23066,web,dev_23066
23067,web,dev_23067
23068,ml,dev_23068
23069,ml,dev_23069
23070,ml,dev_23070
23071,ml,dev_23071
23072,ml,dev_23072
23073,ml,dev_23073
23074,ml,dev_23074
23075,web,dev_23075
23076,web,dev_23076
23077,ml,dev_23077
23078,ml,dev_23078
23079,web,dev_23079
23080,ml,dev_23080
23081,ml,dev_23081
23082,web,dev_23082
23083,ml,dev_23083
23084,ml,dev_23084
23085,web,dev_23085
23086,ml,dev_23086
23087,ml,dev_23087
23088,ml,dev_23088
23089,ml,dev_23089
23090,ml,dev_23090
23091,web,dev_23091
23092,ml,dev_23092
23093,ml,dev_23093
23094,ml,dev_23094
23095,web,dev_23095
23096,web,dev_23096
23097,ml,dev_23097
23098,web,dev_23098
23099,web,dev_23099
23100,web,dev_23100
23101,web,dev_23101
23102,web,dev_23102
23103,web,dev_23103
23104,ml,dev_23104
23105,ml,dev_23105
23106,web,dev_23106
23107,web,dev_23107
23108,ml,dev_23108
23109,ml,dev_23109
23110,ml,dev_23110
23111,web,dev_23111
23112,web,dev_23112
23113,ml,dev_23113
23114,web,dev_23114
23115,web,dev_23115
23116,ml,dev_23116
23117,web,dev_23117
23118,ml,dev_23118
23119,web,dev_23119
23120,ml,dev_23120
23121,ml,dev_23121
23122,ml,dev_23122
23123,ml,dev_23123
23124,web,dev_23124
23125,ml,dev_23125
23126,web,dev_23126
23127,ml,dev_23127
23128,ml,dev_23128
23129,web,dev_23129
23130,web,dev_23130
23131,web,dev_23131
23132,web,dev_23132
23133,ml,dev_23133
23134,ml,dev_23134
23135,ml,dev_23135
23136,ml,dev_23136
23137,web,dev_23137
23138,web,dev_23138
23139,web,dev_23139
23140,web,dev_23140
23141,web,dev_23141
23142,web,dev_23142
23143,ml,dev_23143
23144,ml,dev_23144
23145,ml,dev_23145
23146,web,dev_23146
23147,web,dev_23147
23148,web,dev_23148
23149,web,dev_23149
23150,ml,dev_23150
23151,ml,dev_23151
23152,ml,dev_23152
23153,ml,dev_23153
23154,web,dev_23154
23155,web,dev_23155
23156,web,dev_23156
23157,ml,dev_23157
23158,web,dev_23158
23159,ml,dev_23159
23160,web,dev_23160
23161,web,dev_23161
23162,ml,dev_23162
23163,web,dev_23163
23164,web,dev_23164
23165,web,dev_23165
23166,ml,dev_23166
23167,ml,dev_23167
23168,web,dev_23168
23169,web,dev_23169
23170,web,dev_23170
23171,ml,dev_23171
23172,ml,dev_23172
23173,web,dev_23173
23174,ml,dev_23174
23175,web,dev_23175
23176,web,dev_23176
23177,web,dev_23177
23178,web,dev_23178
23179,web,dev_23179
23180,ml,dev_23180
23181,ml,dev_23181
23182,ml,dev_23182
23183,web,dev_23183
23184,ml,dev_23184
23185,ml,dev_23185
23186,web,dev_23186
23187,web,dev_23187
23188,ml,dev_23188
23189,ml,dev_23189
23190,web,dev_23190
23191,ml,dev_23191
23192,web,dev_23192
23193,web,dev_23193
23194,web,dev_23194
23195,ml,dev_23195
23196,ml,dev_23196
23197,ml,dev_23197
23198,ml,dev_23198
23199,ml,dev_23199
23200,web,dev_23200
23201,ml,dev_23201
23202,web,dev_23202
23203,ml,dev_23203
23204,ml,dev_23204
23205,ml,dev_23205
23206,web,dev_23206
23207,ml,dev_23207
23208,ml,dev_23208
23209,ml,dev_23209
23210,ml,dev_23210
23211,ml,dev_23211
23212,web,dev_23212
23213,ml,dev_23213
23214,ml,dev_23214
23215,ml,dev_23215
23216,ml,dev_23216
23217,ml,dev_23217
23218,web,dev_23218
23219,web,dev_23219
23220,ml,dev_23220
23221,web,dev_23221
23222,web,dev_23222
23223,ml,dev_23223
23224,ml,dev_23224
23225,ml,dev_23225
23226,web,dev_23226
23227,web,dev_23227
23228,web,dev_23228
23229,web,dev_23229
23230,ml,dev_23230
23231,ml,dev_23231
23232,ml,dev_23232
23233,ml,dev_23233
23234,web,dev_23234
23235,web,dev_23235
23236,web,dev_23236
23237,web,dev_23237
23238,web,dev_23238
23239,ml,dev_23239
23240,web,dev_23240
23241,ml,dev_23241
23242,web,dev_23242
23243,ml,dev_23243
23244,ml,dev_23244
23245,web,dev_23245
23246,web,dev_23246
23247,web,dev_23247
23248,ml,dev_23248
23249,ml,dev_23249
23250,ml,dev_23250
23251,ml,dev_23251
23252,ml,dev_23252
23253,ml,dev_23253
23254,web,dev_23254
23255,ml,dev_23255
23256,web,dev_23256
23257,ml,dev_23257
23258,ml,dev_23258
23259,ml,dev_23259
23260,ml,dev_23260
23261,ml,dev_23261
23262,web,dev_23262
23263,web,dev_23263
23264,ml,dev_23264
23265,web,dev_23265
23266,web,dev_23266
23267,web,dev_23267
23268,ml,dev_23268
23269,ml,dev_23269
23270,web,dev_23270
23271,ml,dev_23271
23272,web,dev_23272
23273,ml,dev_23273
23274,ml,dev_23274
23275,web,dev_23275
23276,ml,dev_23276
23277,ml,dev_23277
23278,ml,dev_23278
23279,ml,dev_23279
23280,ml,dev_23280
23281,web,dev_23281
23282,ml,dev_23282
23283,ml,dev_23283
23284,web,dev_23284
23285,ml,dev_23285
23286,ml,dev_23286
23287,web,dev_23287
23288,web,dev_23288
23289,web,dev_23289
23290,ml,dev_23290
23291,web,dev_23291
23292,web,dev_23292
23293,web,dev_23293
23294,web,dev_23294
23295,web,dev_23295
23296,ml,dev_23296
23297,web,dev_23297
23298,web,dev_23298
23299,web,dev_23299
23300,web,dev_23300
23301,web,dev_23301
23302,web,dev_23302
23303,ml,dev_23303
23304,ml,dev_23304
23305,ml,dev_23305
23306,web,dev_23306
23307,ml,dev_23307
23308,ml,dev_23308
23309,web,dev_23309
23310,web,dev_23310
23311,ml,dev_23311
23312,ml,dev_23312
23313,ml,dev_23313
23314,web,dev_23314
23315,ml,dev_23315
23316,web,dev_23316
23317,ml,dev_23317
23318,ml,dev_23318
23319,ml,dev_23319
23320,web,dev_23320
23321,web,dev_23321
23322,ml,dev_23322
23323,web,dev_23323
23324,ml,dev_23324
23325,ml,dev_23325
23326,ml,dev_23326
23327,web,dev_23327
23328,web,dev_23328
23329,web,dev_23329
23330,web,dev_23330
23331,ml,dev_23331
23332,ml,dev_23332
23333,web,dev_23333
23334,ml,dev_23334
23335,ml,dev_23335
23336,ml,dev_23336
23337,ml,dev_23337
23338,ml,dev_23338
23339,ml,dev_23339
23340,ml,dev_23340
23341,web,dev_23341
23342,web,dev_23342
23343,web,dev_23343
23344,web,dev_23344
23345,ml,dev_23345
23346,web,dev_23346
23347,ml,dev_23347
23348,ml,dev_23348
23349,ml,dev_23349
23350,web,dev_23350
23351,web,dev_23351
23352,ml,dev_23352
23353,web,dev_23353
23354,ml,dev_23354
23355,web,dev_23355
23356,web,dev_23356
23357,ml,dev_23357
23358,ml,dev_23358
23359,web,dev_23359
23360,web,dev_23360
23361,ml,dev_23361
23362,web,dev_23362
23363,web,dev_23363
23364,web,dev_23364
23365,web,dev_23365
23366,web,dev_23366
23367,web,dev_23367
23368,ml,dev_23368
23369,ml,dev_23369
23370,web,dev_23370
23371,web,dev_23371
23372,web,dev_23372
23373,ml,dev_23373
23374,web,dev_23374
23375,ml,dev_23375
23376,ml,dev_23376
23377,web,dev_23377
23378,web,dev_23378
23379,ml,dev_23379
23380,ml,dev_23380
23381,ml,dev_23381
23382,web,dev_23382
23383,web,dev_23383
23384,web,dev_23384
23385,web,dev_23385
23386,ml,dev_23386
23387,ml,dev_23387
23388,web,dev_23388
23389,ml,dev_23389
23390,web,dev_23390
23391,web,dev_23391
23392,ml,dev_23392
23393,web,dev_23393
23394,ml,dev_23394
23395,ml,dev_23395
23396,web,dev_23396
23397,web,dev_23397
23398,web,dev_23398
23399,web,dev_23399
23400,ml,dev_23400
23401,ml,dev_23401
23402,ml,dev_23402
23403,ml,dev_23403
23404,ml,dev_23404
23405,web,dev_23405
23406,ml,dev_23406
23407,web,dev_23407
23408,web,dev_23408
23409,web,dev_23409
23410,ml,dev_23410
23411,ml,dev_23411
23412,web,dev_23412
23413,ml,dev_23413
23414,ml,dev_23414
23415,web,dev_23415
23416,ml,dev_23416
23417,web,dev_23417
23418,ml,dev_23418
23419,web,dev_23419
23420,ml,dev_23420
23421,web,dev_23421
23422,ml,dev_23422
23423,web,dev_23423
23424,ml,dev_23424
23425,ml,dev_23425
23426,web,dev_23426
23427,web,dev_23427
23428,ml,dev_23428
23429,ml,dev_23429
23430,ml,dev_23430
23431,ml,dev_23431
23432,ml,dev_23432
23433,web,dev_23433
23434,ml,dev_23434
23435,ml,dev_23435
23436,ml,dev_23436
23437,ml,dev_23437
23438,web,dev_23438
23439,ml,dev_23439
23440,web,dev_23440
23441,web,dev_23441
23442,web,dev_23442
23443,ml,dev_23443
23444,web,dev_23444
23445,ml,dev_23445
23446,ml,dev_23446
23447,ml,dev_23447
23448,web,dev_23448
23449,web,dev_23449
23450,web,dev_23450
23451,ml,dev_23451
23452,ml,dev_23452
23453,web,dev_23453
23454,web,dev_23454
23455,ml,dev_23455
23456,web,dev_23456
23457,ml,dev_23457
23458,ml,dev_23458
23459,ml,dev_23459
23460,web,dev_23460
23461,ml,dev_23461
23462,web,dev_23462
23463,ml,dev_23463
23464,ml,dev_23464
23465,ml,dev_23465
23466,ml,dev_23466
23467,web,dev_23467
23468,web,dev_23468
23469,ml,dev_23469
23470,web,dev_23470
23471,ml,dev_23471
23472,ml,dev_23472
23473,ml,dev_23473
23474,web,dev_23474
23475,ml,dev_23475
23476,ml,dev_23476
23477,web,dev_23477
23478,web,dev_23478
23479,ml,dev_23479
23480,ml,dev_23480
23481,ml,dev_23481
23482,ml,dev_23482
23483,web,dev_23483
23484,web,dev_23484
23485,ml,dev_23485
23486,ml,dev_23486
23487,web,dev_23487
23488,ml,dev_23488
23489,web,dev_23489
23490,web,dev_23490
23491,web,dev_23491
23492,ml,dev_23492
23493,ml,dev_23493
23494,web,dev_23494
23495,web,dev_23495
23496,web,dev_23496
23497,web,dev_23497
23498,web,dev_23498
23499,ml,dev_23499
23500,ml,dev_23500
23501,ml,dev_23501
23502,ml,dev_23502
23503,ml,dev_23503
23504,ml,dev_23504
23505,web,dev_23505
23506,ml,dev_23506
23507,ml,dev_23507
23508,web,dev_23508
23509,ml,dev_23509
23510,ml,dev_23510
23511,ml,dev_23511
23512,web,dev_23512
23513,web,dev_23513
23514,web,dev_23514
23515,ml,dev_23515
23516,web,dev_23516
23517,web,dev_23517
23518,web,dev_23518
23519,web,dev_23519
23520,web,dev_23520
23521,ml,dev_23521
23522,web,dev_23522
23523,web,dev_23523
23524,ml,dev_23524
23525,web,dev_23525
23526,web,dev_23526
23527,ml,dev_23527
23528,ml,dev_23528
23529,ml,dev_23529
23530,ml,dev_23530
23531,web,dev_23531
23532,ml,dev_23532
23533,ml,dev_23533
23534,ml,dev_23534
23535,ml,dev_23535
23536,web,dev_23536
23537,ml,dev_23537
23538,web,dev_23538
23539,web,dev_23539
23540,ml,dev_23540
23541,web,dev_23541
23542,ml,dev_23542
23543,ml,dev_23543
23544,web,dev_23544
23545,ml,dev_23545
23546,ml,dev_23546
23547,ml,dev_23547
23548,ml,dev_23548
23549,ml,dev_23549
23550,web,dev_23550
23551,web,dev_23551
23552,ml,dev_23552
23553,web,dev_23553
23554,web,dev_23554
23555,ml,dev_23555
23556,ml,dev_23556
23557,web,dev_23557
23558,ml,dev_23558
23559,ml,dev_23559
23560,web,dev_23560
23561,ml,dev_23561
23562,web,dev_23562
23563,web,dev_23563
23564,web,dev_23564
23565,ml,dev_23565
23566,web,dev_23566
23567,ml,dev_23567
23568,web,dev_23568
23569,web,dev_23569
23570,ml,dev_23570
23571,ml,dev_23571
23572,web,dev_23572
23573,web,dev_23573
23574,ml,dev_23574
23575,ml,dev_23575
23576,web,dev_23576
23577,web,dev_23577
23578,web,dev_23578
23579,ml,dev_23579
23580,ml,dev_23580
23581,ml,dev_23581
23582,ml,dev_23582
23583,ml,dev_23583
23584,ml,dev_23584
23585,web,dev_23585
23586,ml,dev_23586
23587,ml,dev_23587
23588,ml,dev_23588
23589,web,dev_23589
23590,web,dev_23590
23591,web,dev_23591
23592,ml,dev_23592
23593,web,dev_23593
23594,ml,dev_23594
23595,ml,dev_23595
23596,ml,dev_23596
23597,web,dev_23597
23598,web,dev_23598
23599,ml,dev_23599
23600,web,dev_23600
23601,ml,dev_23601
23602,web,dev_23602
23603,web,dev_23603
23604,ml,dev_23604
23605,web,dev_23605
23606,ml,dev_23606
23607,web,dev_23607
23608,ml,dev_23608
23609,web,dev_23609
23610,ml,dev_23610
23611,web,dev_23611
23612,ml,dev_23612
23613,web,dev_23613
23614,ml,dev_23614
23615,ml,dev_23615
23616,ml,dev_23616
23617,ml,dev_23617
23618,ml,dev_23618
23619,web,dev_23619
23620,web,dev_23620
23621,ml,dev_23621
23622,web,dev_23622
23623,web,dev_23623
23624,web,dev_23624
23625,web,dev_23625
23626,web,dev_23626
23627,web,dev_23627
23628,ml,dev_23628
23629,web,dev_23629
23630,ml,dev_23630
23631,ml,dev_23631
23632,ml,dev_23632
23633,ml,dev_23633
23634,web,dev_23634
23635,ml,dev_23635
23636,web,dev_23636
23637,web,dev_23637
23638,ml,dev_23638
23639,web,dev_23639
23640,web,dev_23640
23641,web,dev_23641
23642,web,dev_23642
23643,ml,dev_23643
23644,ml,dev_23644
23645,web,dev_23645
23646,web,dev_23646
23647,ml,dev_23647
23648,web,dev_23648
23649,web,dev_23649
23650,web,dev_23650
23651,web,dev_23651
23652,web,dev_23652
23653,ml,dev_23653
23654,web,dev_23654
23655,ml,dev_23655
23656,ml,dev_23656
23657,web,dev_23657
23658,ml,dev_23658
23659,web,dev_23659
23660,ml,dev_23660
23661,ml,dev_23661
23662,ml,dev_23662
23663,web,dev_23663
23664,web,dev_23664
23665,ml,dev_23665
23666,web,dev_23666
23667,ml,dev_23667
23668,ml,dev_23668
23669,ml,dev_23669
23670,ml,dev_23670
23671,web,dev_23671
23672,web,dev_23672
23673,web,dev_23673
23674,ml,dev_23674
23675,web,dev_23675
23676,ml,dev_23676
23677,web,dev_23677
23678,web,dev_23678
23679,web,dev_23679
23680,ml,dev_23680
23681,web,dev_23681
23682,ml,dev_23682
23683,web,dev_23683
23684,ml,dev_23684
23685,web,dev_23685
23686,web,dev_23686
23687,ml,dev_23687
23688,ml,dev_23688
23689,ml,dev_23689
23690,ml,dev_23690
23691,web,dev_23691
23692,web,dev_23692
23693,ml,dev_23693
23694,web,dev_23694
23695,web,dev_23695
23696,web,dev_23696
23697,web,dev_23697
23698,ml,dev_23698
23699,ml,dev_23699
23700,ml,dev_23700
23701,ml,dev_23701
23702,web,dev_23702
23703,web,dev_23703
23704,web,dev_23704
23705,ml,dev_23705
23706,web,dev_23706
23707,web,dev_23707
23708,web,dev_23708
23709,ml,dev_23709
23710,ml,dev_23710
23711,ml,dev_23711
23712,ml,dev_23712
23713,web,dev_23713
23714,web,dev_23714
23715,web,dev_23715
23716,ml,dev_23716
23717,ml,dev_23717
23718,ml,dev_23718
23719,ml,dev_23719
23720,ml,dev_23720
23721,ml,dev_23721
23722,web,dev_23722
23723,web,dev_23723
23724,ml,dev_23724
23725,ml,dev_23725
23726,ml,dev_23726
23727,ml,dev_23727
23728,web,dev_23728
23729,web,dev_23729
23730,ml,dev_23730
23731,web,dev_23731
23732,web,dev_23732
23733,web,dev_23733
23734,web,dev_23734
23735,web,dev_23735
23736,web,dev_23736
23737,web,dev_23737
23738,web,dev_23738
23739,web,dev_23739
23740,web,dev_23740
23741,ml,dev_23741
23742,ml,dev_23742
23743,ml,dev_23743
23744,web,dev_23744
23745,web,dev_23745
23746,ml,dev_23746
23747,web,dev_23747
23748,web,dev_23748
23749,web,dev_23749
23750,ml,dev_23750
23751,web,dev_23751
23752,ml,dev_23752
23753,ml,dev_23753
23754,ml,dev_23754
23755,ml,dev_23755
23756,ml,dev_23756
23757,web,dev_23757
23758,web,dev_23758
23759,ml,dev_23759
23760,ml,dev_23760
23761,ml,dev_23761
23762,web,dev_23762
23763,ml,dev_23763
23764,web,dev_23764
23765,web,dev_23765
23766,ml,dev_23766
23767,web,dev_23767
23768,web,dev_23768
23769,ml,dev_23769
23770,ml,dev_23770
23771,ml,dev_23771
23772,ml,dev_23772
23773,web,dev_23773
23774,ml,dev_23774
23775,web,dev_23775
23776,web,dev_23776
23777,ml,dev_23777
23778,web,dev_23778
23779,web,dev_23779
23780,ml,dev_23780
23781,ml,dev_23781
23782,ml,dev_23782
23783,ml,dev_23783
23784,ml,dev_23784
23785,ml,dev_23785
23786,ml,dev_23786
23787,web,dev_23787
23788,web,dev_23788
23789,web,dev_23789
23790,web,dev_23790
23791,web,dev_23791
23792,ml,dev_23792
23793,web,dev_23793
23794,web,dev_23794
23795,ml,dev_23795
23796,ml,dev_23796
23797,web,dev_23797
23798,web,dev_23798
23799,web,dev_23799
23800,ml,dev_23800
23801,ml,dev_23801
23802,ml,dev_23802
23803,ml,dev_23803
23804,web,dev_23804
23805,ml,dev_23805
23806,web,dev_23806
23807,ml,dev_23807
23808,ml,dev_23808
23809,ml,dev_23809
23810,ml,dev_23810
23811,ml,dev_23811
23812,web,dev_23812
23813,ml,dev_23813
23814,web,dev_23814
23815,web,dev_23815
23816,web,dev_23816
23817,web,dev_23817
23818,web,dev_23818
23819,ml,dev_23819
23820,web,dev_23820
23821,ml,dev_23821
23822,ml,dev_23822
23823,web,dev_23823
23824,ml,dev_23824
23825,ml,dev_23825
23826,ml,dev_23826
23827,web,dev_23827
23828,web,dev_23828
23829,ml,dev_23829
23830,ml,dev_23830
23831,web,dev_23831
23832,ml,dev_23832
23833,web,dev_23833
23834,web,dev_23834
23835,web,dev_23835
23836,ml,dev_23836
23837,web,dev_23837
23838,web,dev_23838
23839,ml,dev_23839
23840,web,dev_23840
23841,ml,dev_23841
23842,web,dev_23842
23843,ml,dev_23843
23844,web,dev_23844
23845,web,dev_23845
23846,web,dev_23846
23847,web,dev_23847
23848,ml,dev_23848
23849,web,dev_23849
23850,web,dev_23850
23851,ml,dev_23851
23852,web,dev_23852
23853,web,dev_23853
23854,ml,dev_23854
23855,ml,dev_23855
23856,ml,dev_23856
23857,ml,dev_23857
23858,ml,dev_23858
23859,web,dev_23859
23860,web,dev_23860
23861,web,dev_23861
23862,ml,dev_23862
23863,web,dev_23863
23864,ml,dev_23864
23865,ml,dev_23865
23866,ml,dev_23866
23867,web,dev_23867
23868,ml,dev_23868
23869,ml,dev_23869
23870,ml,dev_23870
23871,web,dev_23871
23872,web,dev_23872
23873,ml,dev_23873
23874,web,dev_23874
23875,ml,dev_23875
23876,ml,dev_23876
23877,web,dev_23877
23878,web,dev_23878
23879,web,dev_23879
23880,ml,dev_23880
23881,ml,dev_23881
23882,ml,dev_23882
23883,ml,dev_23883
23884,ml,dev_23884
23885,ml,dev_23885
23886,web,dev_23886
23887,web,dev_23887
23888,web,dev_23888
23889,web,dev_23889
23890,web,dev_23890
23891,ml,dev_23891
23892,web,dev_23892
23893,ml,dev_23893
23894,ml,dev_23894
23895,web,dev_23895
23896,ml,dev_23896
23897,ml,dev_23897
23898,web,dev_23898
23899,web,dev_23899
23900,ml,dev_23900
23901,ml,dev_23901
23902,ml,dev_23902
23903,web,dev_23903
23904,web,dev_23904
23905,web,dev_23905
23906,web,dev_23906
23907,web,dev_23907
23908,ml,dev_23908
23909,ml,dev_23909
23910,web,dev_23910
23911,web,dev_23911
23912,ml,dev_23912
23913,ml,dev_23913
23914,web,dev_23914
23915,ml,dev_23915
23916,ml,dev_23916
23917,web,dev_23917
23918,web,dev_23918
23919,web,dev_23919
23920,web,dev_23920
23921,ml,dev_23921
23922,ml,dev_23922
23923,ml,dev_23923
23924,web,dev_23924
23925,web,dev_23925
23926,web,dev_23926
23927,ml,dev_23927
23928,ml,dev_23928
23929,ml,dev_23929
23930,ml,dev_23930
23931,web,dev_23931
23932,ml,dev_23932
23933,ml,dev_23933
23934,ml,dev_23934
23935,web,dev_23935
23936,ml,dev_23936
23937,ml,dev_23937
23938,web,dev_23938
23939,ml,dev_23939
23940,web,dev_23940
23941,web,dev_23941
23942,web,dev_23942
23943,ml,dev_23943
23944,ml,dev_23944
23945,ml,dev_23945
23946,web,dev_23946
23947,ml,dev_23947
23948,ml,dev_23948
23949,ml,dev_23949
23950,ml,dev_23950
23951,web,dev_23951
23952,ml,dev_23952
23953,ml,dev_23953
23954,ml,dev_23954
23955,web,dev_23955
23956,ml,dev_23956
23957,ml,dev_23957
23958,web,dev_23958
23959,web,dev_23959
23960,ml,dev_23960
23961,web,dev_23961
23962,web,dev_23962
23963,web,dev_23963
23964,ml,dev_23964
23965,web,dev_23965
23966,web,dev_23966
23967,ml,dev_23967
23968,web,dev_23968
23969,web,dev_23969
23970,ml,dev_23970
23971,ml,dev_23971
23972,ml,dev_23972
23973,web,dev_23973
23974,ml,dev_23974
23975,ml,dev_23975
23976,ml,dev_23976
23977,web,dev_23977
23978,ml,dev_23978
23979,ml,dev_23979
23980,ml,dev_23980
23981,ml,dev_23981
23982,web,dev_23982
23983,web,dev_23983
23984,ml,dev_23984
23985,ml,dev_23985
23986,web,dev_23986
23987,web,dev_23987
23988,web,dev_23988
23989,web,dev_23989
23990,ml,dev_23990
23991,ml,dev_23991
23992,web,dev_23992
23993,web,dev_23993
23994,web,dev_23994
23995,ml,dev_23995
23996,web,dev_23996
23997,ml,dev_23997
23998,web,dev_23998
23999,web,dev_23999
24000,web,dev_24000
24001,web,dev_24001
24002,web,dev_24002
24003,ml,dev_24003
24004,ml,dev_24004
24005,web,dev_24005
24006,web,dev_24006
24007,ml,dev_24007
24008,web,dev_24008
24009,ml,dev_24009
24010,web,dev_24010
24011,ml,dev_24011
24012,ml,dev_24012
24013,web,dev_24013
24014,ml,dev_24014
24015,web,dev_24015
24016,ml,dev_24016
24017,ml,dev_24017
24018,ml,dev_24018
24019,ml,dev_24019
24020,ml,dev_24020
24021,web,dev_24021
24022,web,dev_24022
24023,web,dev_24023
24024,web,dev_24024
24025,web,dev_24025
24026,ml,dev_24026
24027,ml,dev_24027
24028,ml,dev_24028
24029,ml,dev_24029
24030,ml,dev_24030
24031,ml,dev_24031
24032,ml,dev_24032
24033,web,dev_24033
24034,ml,dev_24034
24035,web,dev_24035
24036,ml,dev_24036
24037,ml,dev_24037
24038,ml,dev_24038
24039,web,dev_24039
24040,web,dev_24040
24041,ml,dev_24041
24042,web,dev_24042
24043,ml,dev_24043
24044,web,dev_24044
24045,web,dev_24045
24046,web,dev_24046
24047,ml,dev_24047
24048,web,dev_24048
24049,ml,dev_24049
24050,ml,dev_24050
24051,ml,dev_24051
24052,web,dev_24052
24053,ml,dev_24053
24054,web,dev_24054
24055,ml,dev_24055
24056,ml,dev_24056
24057,web,dev_24057
24058,web,dev_24058
24059,web,dev_24059
24060,web,dev_24060
24061,web,dev_24061
24062,web,dev_24062
24063,web,dev_24063
24064,web,dev_24064
24065,ml,dev_24065
24066,ml,dev_24066
24067,ml,dev_24067
24068,ml,dev_24068
24069,web,dev_24069
24070,web,dev_24070
24071,ml,dev_24071
24072,ml,dev_24072
24073,web,dev_24073
24074,web,dev_24074
24075,web,dev_24075
24076,ml,dev_24076
24077,web,dev_24077
24078,ml,dev_24078
24079,web,dev_24079
24080,web,dev_24080
24081,web,dev_24081
24082,web,dev_24082
24083,web,dev_24083
24084,ml,dev_24084
24085,ml,dev_24085
24086,ml,dev_24086
24087,ml,dev_24087
24088,web,dev_24088
24089,web,dev_24089
24090,ml,dev_24090
24091,ml,dev_24091
24092,web,dev_24092
24093,ml,dev_24093
24094,web,dev_24094
24095,ml,dev_24095
24096,web,dev_24096
24097,ml,dev_24097
24098,web,dev_24098
24099,web,dev_24099
24100,web,dev_24100
24101,web,dev_24101
24102,web,dev_24102
24103,ml,dev_24103
24104,ml,dev_24104
24105,web,dev_24105
24106,ml,dev_24106
24107,web,dev_24107
24108,web,dev_24108
24109,web,dev_24109
24110,web,dev_24110
24111,web,dev_24111
24112,web,dev_24112
24113,ml,dev_24113
24114,ml,dev_24114
24115,ml,dev_24115
24116,web,dev_24116
24117,ml,dev_24117
24118,web,dev_24118
24119,ml,dev_24119
24120,ml,dev_24120
24121,ml,dev_24121
24122,web,dev_24122
24123,ml,dev_24123
24124,ml,dev_24124
24125,web,dev_24125
24126,ml,dev_24126
24127,web,dev_24127
24128,web,dev_24128
24129,ml,dev_24129
24130,ml,dev_24130
24131,web,dev_24131
24132,ml,dev_24132
24133,web,dev_24133
24134,ml,dev_24134
24135,web,dev_24135
24136,web,dev_24136
24137,web,dev_24137
24138,web,dev_24138
24139,ml,dev_24139
24140,web,dev_24140
24141,ml,dev_24141
24142,ml,dev_24142
24143,web,dev_24143
24144,ml,dev_24144
24145,web,dev_24145
24146,ml,dev_24146
24147,web,dev_24147
24148,ml,dev_24148
24149,ml,dev_24149
24150,web,dev_24150
24151,ml,dev_24151
24152,ml,dev_24152
24153,web,dev_24153
24154,web,dev_24154
24155,web,dev_24155
24156,ml,dev_24156
24157,web,dev_24157
24158,web,dev_24158
24159,web,dev_24159
24160,ml,dev_24160
24161,ml,dev_24161
24162,ml,dev_24162
24163,web,dev_24163
24164,ml,dev_24164
24165,web,dev_24165
24166,web,dev_24166
24167,ml,dev_24167
24168,web,dev_24168
24169,web,dev_24169
24170,web,dev_24170
24171,ml,dev_24171
24172,web,dev_24172
24173,ml,dev_24173
24174,ml,dev_24174
24175,web,dev_24175
24176,web,dev_24176
24177,ml,dev_24177
24178,web,dev_24178
24179,web,dev_24179
24180,web,dev_24180
24181,web,dev_24181
24182,ml,dev_24182
24183,ml,dev_24183
24184,web,dev_24184
24185,web,dev_24185
24186,ml,dev_24186
24187,ml,dev_24187
24188,web,dev_24188
24189,web,dev_24189
24190,ml,dev_24190
24191,ml,dev_24191
24192,web,dev_24192
24193,ml,dev_24193
24194,ml,dev_24194
24195,web,dev_24195
24196,web,dev_24196
24197,ml,dev_24197
24198,ml,dev_24198
24199,web,dev_24199
24200,web,dev_24200
24201,web,dev_24201
24202,web,dev_24202
24203,web,dev_24203
24204,web,dev_24204
24205,web,dev_24205
24206,web,dev_24206
24207,ml,dev_24207
24208,ml,dev_24208
24209,web,dev_24209
24210,web,dev_24210
24211,ml,dev_24211
24212,web,dev_24212
24213,ml,dev_24213
24214,ml,dev_24214
24215,web,dev_24215
24216,ml,dev_24216
24217,ml,dev_24217
24218,ml,dev_24218
24219,web,dev_24219
24220,web,dev_24220
24221,ml,dev_24221
24222,ml,dev_24222
24223,web,dev_24223
24224,ml,dev_24224
24225,ml,dev_24225
24226,ml,dev_24226
24227,web,dev_24227
24228,web,dev_24228
24229,ml,dev_24229
24230,web,dev_24230
24231,web,dev_24231
24232,ml,dev_24232
24233,web,dev_24233
24234,web,dev_24234
24235,web,dev_24235
24236,web,dev_24236
24237,ml,dev_24237
24238,web,dev_24238
24239,ml,dev_24239
24240,web,dev_24240
24241,ml,dev_24241
24242,ml,dev_24242
24243,web,dev_24243
24244,web,dev_24244
24245,web,dev_24245
24246,web,dev_24246
24247,ml,dev_24247
24248,web,dev_24248
24249,web,dev_24249
24250,ml,dev_24250
24251,web,dev_24251
24252,web,dev_24252
24253,ml,dev_24253
24254,web,dev_24254
24255,ml,dev_24255
24256,ml,dev_24256
24257,ml,dev_24257
24258,ml,dev_24258
24259,web,dev_24259
24260,web,dev_24260
24261,ml,dev_24261
24262,web,dev_24262
24263,ml,dev_24263
24264,ml,dev_24264
24265,ml,dev_24265
24266,web,dev_24266
24267,web,dev_24267
24268,ml,dev_24268
24269,ml,dev_24269
24270,web,dev_24270
24271,ml,dev_24271
24272,ml,dev_24272
24273,ml,dev_24273
24274,ml,dev_24274
24275,web,dev_24275
24276,ml,dev_24276
24277,ml,dev_24277
24278,web,dev_24278
24279,web,dev_24279
24280,ml,dev_24280
24281,ml,dev_24281
24282,ml,dev_24282
24283,web,dev_24283
24284,web,dev_24284
24285,ml,dev_24285
24286,web,dev_24286
24287,web,dev_24287
24288,ml,dev_24288
24289,ml,dev_24289
24290,ml,dev_24290
24291,web,dev_24291
24292,ml,dev_24292
24293,ml,dev_24293
24294,web,dev_24294
24295,ml,dev_24295
24296,ml,dev_24296
24297,web,dev_24297
24298,web,dev_24298
24299,web,dev_24299
24300,web,dev_24300
24301,web,dev_24301
24302,web,dev_24302
24303,web,dev_24303
24304,web,dev_24304
24305,web,dev_24305
24306,web,dev_24306
24307,ml,dev_24307
24308,ml,dev_24308
24309,web,dev_24309
24310,web,dev_24310
24311,ml,dev_24311
24312,web,dev_24312
24313,ml,dev_24313
24314,web,dev_24314
24315,ml,dev_24315
24316,ml,dev_24316
24317,ml,dev_24317
24318,web,dev_24318
24319,ml,dev_24319
24320,web,dev_24320
24321,web,dev_24321
24322,ml,dev_24322
24323,ml,dev_24323
24324,ml,dev_24324
24325,web,dev_24325
24326,web,dev_24326
24327,ml,dev_24327
24328,ml,dev_24328
24329,ml,dev_24329
24330,ml,dev_24330
24331,web,dev_24331
24332,ml,dev_24332
24333,ml,dev_24333
24334,ml,dev_24334
24335,ml,dev_24335
24336,ml,dev_24336
24337,web,dev_24337
24338,ml,dev_24338
24339,web,dev_24339
24340,web,dev_24340
24341,web,dev_24341
24342,web,dev_24342
24343,ml,dev_24343
24344,ml,dev_24344
24345,ml,dev_24345
24346,web,dev_24346
24347,ml,dev_24347
24348,web,dev_24348
24349,web,dev_24349
24350,ml,dev_24350
24351,ml,dev_24351
24352,web,dev_24352
24353,web,dev_24353
24354,ml,dev_24354
24355,web,dev_24355
24356,web,dev_24356
24357,web,dev_24357
24358,ml,dev_24358
24359,ml,dev_24359
24360,ml,dev_24360
24361,ml,dev_24361
24362,ml,dev_24362
24363,ml,dev_24363
24364,ml,dev_24364
24365,ml,dev_24365
24366,web,dev_24366
24367,ml,dev_24367
24368,ml,dev_24368
24369,web,dev_24369
24370,web,dev_24370
24371,web,dev_24371
24372,ml,dev_24372
24373,ml,dev_24373
24374,web,dev_24374
24375,web,dev_24375
24376,ml,dev_24376
24377,ml,dev_24377
24378,ml,dev_24378
24379,ml,dev_24379
24380,web,dev_24380
24381,web,dev_24381
24382,ml,dev_24382
24383,web,dev_24383
24384,ml,dev_24384
24385,web,dev_24385
24386,ml,dev_24386
24387,ml,dev_24387
24388,web,dev_24388
24389,web,dev_24389
24390,web,dev_24390
24391,web,dev_24391
24392,ml,dev_24392
24393,web,dev_24393
24394,web,dev_24394
24395,web,dev_24395
24396,web,dev_24396
24397,web,dev_24397
24398,web,dev_24398
24399,web,dev_24399
24400,ml,dev_24400
24401,web,dev_24401
24402,web,dev_24402
24403,web,dev_24403
24404,web,dev_24404
24405,ml,dev_24405
24406,ml,dev_24406
24407,ml,dev_24407
24408,ml,dev_24408
24409,web,dev_24409
24410,web,dev_24410
24411,web,dev_24411
24412,web,dev_24412
24413,web,dev_24413
24414,ml,dev_24414
24415,ml,dev_24415
24416,ml,dev_24416
24417,ml,dev_24417
24418,ml,dev_24418
24419,web,dev_24419
24420,ml,dev_24420
24421,web,dev_24421
24422,ml,dev_24422
24423,web,dev_24423
24424,web,dev_24424
24425,web,dev_24425
24426,ml,dev_24426
24427,ml,dev_24427
24428,ml,dev_24428
24429,ml,dev_24429
24430,ml,dev_24430
24431,web,dev_24431
24432,web,dev_24432
24433,ml,dev_24433
24434,web,dev_24434
24435,ml,dev_24435
24436,ml,dev_24436
24437,web,dev_24437
24438,ml,dev_24438
24439,web,dev_24439
24440,ml,dev_24440
24441,ml,dev_24441
24442,ml,dev_24442
24443,web,dev_24443
24444,web,dev_24444
24445,ml,dev_24445
24446,ml,dev_24446
24447,web,dev_24447
24448,ml,dev_24448
24449,ml,dev_24449
24450,ml,dev_24450
24451,web,dev_24451
24452,ml,dev_24452
24453,ml,dev_24453
24454,web,dev_24454
24455,web,dev_24455
24456,web,dev_24456
24457,ml,dev_24457
24458,web,dev_24458
24459,web,dev_24459
24460,web,dev_24460
24461,web,dev_24461
24462,ml,dev_24462
24463,ml,dev_24463
24464,ml,dev_24464
24465,web,dev_24465
24466,web,dev_24466
24467,ml,dev_24467
24468,ml,dev_24468
24469,ml,dev_24469
24470,web,dev_24470
24471,ml,dev_24471
24472,web,dev_24472
24473,web,dev_24473
24474,ml,dev_24474
24475,ml,dev_24475
24476,ml,dev_24476
24477,web,dev_24477
24478,web,dev_24478
24479,ml,dev_24479
24480,ml,dev_24480
24481,web,dev_24481
24482,ml,dev_24482
24483,web,dev_24483
24484,ml,dev_24484
24485,web,dev_24485
24486,ml,dev_24486
24487,web,dev_24487
24488,web,dev_24488
24489,ml,dev_24489
24490,web,dev_24490
24491,web,dev_24491
24492,web,dev_24492
24493,web,dev_24493
24494,ml,dev_24494
24495,web,dev_24495
24496,web,dev_24496
24497,ml,dev_24497
24498,web,dev_24498
24499,web,dev_24499
24500,ml,dev_24500
24501,ml,dev_24501
24502,web,dev_24502
24503,ml,dev_24503
24504,web,dev_24504
24505,ml,dev_24505
24506,ml,dev_24506
24507,ml,dev_24507
24508,web,dev_24508
24509,ml,dev_24509
24510,ml,dev_24510
24511,ml,dev_24511
24512,ml,dev_24512
24513,web,dev_24513
24514,web,dev_24514
24515,ml,dev_24515
24516,ml,dev_24516
24517,web,dev_24517
24518,web,dev_24518
24519,ml,dev_24519
24520,ml,dev_24520
24521,web,dev_24521
24522,ml,dev_24522
24523,ml,dev_24523
24524,ml,dev_24524
24525,ml,dev_24525
24526,web,dev_24526
24527,web,dev_24527
24528,ml,dev_24528
24529,web,dev_24529
24530,ml,dev_24530
24531,ml,dev_24531
24532,web,dev_24532
24533,web,dev_24533
24534,ml,dev_24534
24535,web,dev_24535
24536,ml,dev_24536
24537,ml,dev_24537
24538,web,dev_24538
24539,ml,dev_24539
24540,ml,dev_24540
24541,ml,dev_24541
24542,ml,dev_24542
24543,web,dev_24543
24544,ml,dev_24544
24545,ml,dev_24545
24546,web,dev_24546
24547,web,dev_24547
24548,ml,dev_24548
24549,ml,dev_24549
24550,ml,dev_24550
24551,web,dev_24551
24552,ml,dev_24552
24553,ml,dev_24553
24554,ml,dev_24554
24555,web,dev_24555
24556,web,dev_24556
24557,ml,dev_24557
24558,ml,dev_24558
24559,web,dev_24559
24560,ml,dev_24560
24561,ml,dev_24561
24562,ml,dev_24562
24563,ml,dev_24563
24564,ml,dev_24564
24565,web,dev_24565
24566,ml,dev_24566
24567,web,dev_24567
24568,ml,dev_24568
24569,ml,dev_24569
24570,web,dev_24570
24571,web,dev_24571
24572,ml,dev_24572
24573,web,dev_24573
24574,web,dev_24574
24575,ml,dev_24575
24576,ml,dev_24576
24577,web,dev_24577
24578,ml,dev_24578
24579,web,dev_24579
24580,ml,dev_24580
24581,web,dev_24581
24582,web,dev_24582
24583,web,dev_24583
24584,ml,dev_24584
24585,web,dev_24585
24586,ml,dev_24586
24587,web,dev_24587
24588,web,dev_24588
24589,web,dev_24589
24590,web,dev_24590
24591,ml,dev_24591
24592,ml,dev_24592
24593,ml,dev_24593
24594,web,dev_24594
24595,web,dev_24595
24596,ml,dev_24596
24597,web,dev_24597
24598,web,dev_24598
24599,ml,dev_24599
24600,ml,dev_24600
24601,web,dev_24601
24602,ml,dev_24602
24603,web,dev_24603
24604,ml,dev_24604
24605,ml,dev_24605
24606,ml,dev_24606
24607,ml,dev_24607
24608,web,dev_24608
24609,web,dev_24609
24610,ml,dev_24610
24611,ml,dev_24611
24612,web,dev_24612
24613,ml,dev_24613
24614,web,dev_24614
24615,ml,dev_24615
24616,web,dev_24616
24617,web,dev_24617
24618,ml,dev_24618
24619,web,dev_24619
24620,ml,dev_24620
24621,web,dev_24621
24622,ml,dev_24622
24623,web,dev_24623
24624,ml,dev_24624
24625,web,dev_24625
24626,ml,dev_24626
24627,ml,dev_24627
24628,ml,dev_24628
24629,ml,dev_24629
24630,web,dev_24630
24631,ml,dev_24631
24632,ml,dev_24632
24633,web,dev_24633
24634,ml,dev_24634
24635,web,dev_24635
24636,web,dev_24636
24637,ml,dev_24637
24638,ml,dev_24638
24639,web,dev_24639
24640,ml,dev_24640
24641,web,dev_24641
24642,web,dev_24642
24643,web,dev_24643
24644,web,dev_24644
24645,ml,dev_24645
24646,web,dev_24646
24647,ml,dev_24647
24648,web,dev_24648
24649,ml,dev_24649
24650,web,dev_24650
24651,ml,dev_24651
24652,web,dev_24652
24653,web,dev_24653
24654,ml,dev_24654
24655,web,dev_24655
24656,web,dev_24656
24657,web,dev_24657
24658,web,dev_24658
24659,ml,dev_24659
24660,web,dev_24660
24661,web,dev_24661
24662,web,dev_24662
24663,ml,dev_24663
24664,web,dev_24664
24665,ml,dev_24665
24666,ml,dev_24666
24667,web,dev_24667
24668,ml,dev_24668
24669,ml,dev_24669
24670,ml,dev_24670
24671,ml,dev_24671
24672,ml,dev_24672
24673,ml,dev_24673
24674,ml,dev_24674
24675,ml,dev_24675
24676,ml,dev_24676
24677,ml,dev_24677
24678,web,dev_24678
24679,ml,dev_24679
24680,web,dev_24680
24681,ml,dev_24681
24682,web,dev_24682
24683,ml,dev_24683
24684,ml,dev_24684
24685,ml,dev_24685
24686,web,dev_24686
24687,ml,dev_24687
24688,web,dev_24688
24689,web,dev_24689
24690,web,dev_24690
24691,web,dev_24691
24692,web,dev_24692
24693,web,dev_24693
24694,ml,dev_24694
24695,web,dev_24695
24696,ml,dev_24696
24697,ml,dev_24697
24698,web,dev_24698
24699,ml,dev_24699
24700,web,dev_24700
24701,web,dev_24701
24702,ml,dev_24702
24703,web,dev_24703
24704,ml,dev_24704
24705,ml,dev_24705
24706,ml,dev_24706
24707,web,dev_24707
24708,ml,dev_24708
24709,web,dev_24709
24710,ml,dev_24710
24711,ml,dev_24711
24712,web,dev_24712
24713,web,dev_24713
24714,web,dev_24714
24715,ml,dev_24715
24716,web,dev_24716
24717,web,dev_24717
24718,web,dev_24718
24719,ml,dev_24719
24720,web,dev_24720
24721,web,dev_24721
24722,web,dev_24722
24723,web,dev_24723
24724,web,dev_24724
24725,web,dev_24725
24726,web,dev_24726
24727,ml,dev_24727
24728,ml,dev_24728
24729,ml,dev_24729
24730,ml,dev_24730
24731,ml,dev_24731
24732,ml,dev_24732
24733,web,dev_24733
24734,ml,dev_24734
24735,web,dev_24735
24736,ml,dev_24736
24737,ml,dev_24737
24738,web,dev_24738
24739,ml,dev_24739
24740,ml,dev_24740
24741,ml,dev_24741
24742,web,dev_24742
24743,ml,dev_24743
24744,web,dev_24744
24745,web,dev_24745
24746,ml,dev_24746
24747,web,dev_24747
24748,web,dev_24748
24749,ml,dev_24749
24750,web,dev_24750
24751,web,dev_24751
24752,web,dev_24752
24753,web,dev_24753
24754,ml,dev_24754
24755,ml,dev_24755
24756,web,dev_24756
24757,web,dev_24757
24758,web,dev_24758
24759,web,dev_24759
24760,ml,dev_24760
24761,ml,dev_24761
24762,ml,dev_24762
24763,web,dev_24763
24764,web,dev_24764
24765,ml,dev_24765
24766,web,dev_24766
24767,ml,dev_24767
24768,ml,dev_24768
24769,web,dev_24769
24770,web,dev_24770
24771,web,dev_24771
24772,ml,dev_24772
24773,ml,dev_24773
24774,ml,dev_24774
24775,web,dev_24775
24776,ml,dev_24776
24777,ml,dev_24777
24778,web,dev_24778
24779,ml,dev_24779
24780,ml,dev_24780
24781,web,dev_24781
24782,web,dev_24782
24783,ml,dev_24783
24784,web,dev_24784
24785,ml,dev_24785
24786,ml,dev_24786
24787,ml,dev_24787
24788,ml,dev_24788
24789,web,dev_24789
24790,web,dev_24790
24791,web,dev_24791
24792,ml,dev_24792
24793,web,dev_24793
24794,web,dev_24794
24795,web,dev_24795
24796,ml,dev_24796
24797,web,dev_24797
24798,ml,dev_24798
24799,web,dev_24799
24800,web,dev_24800
24801,web,dev_24801
24802,ml,dev_24802
24803,web,dev_24803
24804,ml,dev_24804
24805,web,dev_24805
24806,web,dev_24806
24807,web,dev_24807
24808,ml,dev_24808
24809,web,dev_24809
24810,web,dev_24810
24811,ml,dev_24811
24812,ml,dev_24812
24813,ml,dev_24813
24814,ml,dev_24814
24815,web,dev_24815
24816,ml,dev_24816
24817,web,dev_24817
24818,ml,dev_24818
24819,web,dev_24819
24820,web,dev_24820
24821,web,dev_24821
24822,web,dev_24822
24823,web,dev_24823
24824,web,dev_24824
24825,web,dev_24825
24826,web,dev_24826
24827,ml,dev_24827
24828,ml,dev_24828
24829,ml,dev_24829
24830,ml,dev_24830
24831,ml,dev_24831
24832,ml,dev_24832
24833,web,dev_24833
24834,web,dev_24834
24835,web,dev_24835
24836,ml,dev_24836
24837,web,dev_24837
24838,web,dev_24838
24839,web,dev_24839
24840,web,dev_24840
24841,ml,dev_24841
24842,web,dev_24842
24843,web,dev_24843
24844,ml,dev_24844
24845,ml,dev_24845
24846,web,dev_24846
24847,ml,dev_24847
24848,ml,dev_24848
24849,ml,dev_24849
24850,web,dev_24850
24851,web,dev_24851
24852,web,dev_24852
24853,web,dev_24853
24854,web,dev_24854
24855,ml,dev_24855
24856,ml,dev_24856
24857,web,dev_24857
24858,ml,dev_24858
24859,web,dev_24859
24860,ml,dev_24860
24861,web,dev_24861
24862,web,dev_24862
24863,web,dev_24863
24864,web,dev_24864
24865,web,dev_24865
24866,web,dev_24866
24867,ml,dev_24867
24868,web,dev_24868
24869,ml,dev_24869
24870,ml,dev_24870
24871,web,dev_24871
24872,ml,dev_24872
24873,ml,dev_24873
24874,web,dev_24874
24875,web,dev_24875
24876,ml,dev_24876
24877,web,dev_24877
24878,ml,dev_24878
24879,web,dev_24879
24880,ml,dev_24880
24881,web,dev_24881
24882,ml,dev_24882
24883,ml,dev_24883
24884,web,dev_24884
24885,ml,dev_24885
24886,web,dev_24886
24887,web,dev_24887
24888,web,dev_24888
24889,web,dev_24889
24890,web,dev_24890
24891,ml,dev_24891
24892,web,dev_24892
24893,web,dev_24893
24894,ml,dev_24894
24895,web,dev_24895
24896,ml,dev_24896
24897,ml,dev_24897
24898,ml,dev_24898
24899,web,dev_24899
24900,web,dev_24900
24901,ml,dev_24901
24902,ml,dev_24902
24903,ml,dev_24903
24904,web,dev_24904
24905,ml,dev_24905
24906,ml,dev_24906
24907,ml,dev_24907
24908,ml,dev_24908
24909,ml,dev_24909
24910,web,dev_24910
24911,ml,dev_24911
24912,ml,dev_24912
24913,web,dev_24913
24914,ml,dev_24914
24915,web,dev_24915
24916,ml,dev_24916
24917,ml,dev_24917
24918,ml,dev_24918
24919,web,dev_24919
24920,web,dev_24920
24921,web,dev_24921
24922,web,dev_24922
24923,web,dev_24923
24924,ml,dev_24924
24925,ml,dev_24925
24926,web,dev_24926
24927,ml,dev_24927
24928,ml,dev_24928
24929,ml,dev_24929
24930,ml,dev_24930
24931,ml,dev_24931
24932,ml,dev_24932
24933,web,dev_24933
24934,web,dev_24934
24935,web,dev_24935
24936,ml,dev_24936
24937,ml,dev_24937
24938,web,dev_24938
24939,web,dev_24939
24940,ml,dev_24940
24941,web,dev_24941
24942,ml,dev_24942
24943,web,dev_24943
24944,ml,dev_24944
24945,ml,dev_24945
24946,web,dev_24946
24947,web,dev_24947
24948,ml,dev_24948
24949,web,dev_24949
24950,ml,dev_24950
24951,web,dev_24951
24952,web,dev_24952
24953,web,dev_24953
24954,ml,dev_24954
24955,web,dev_24955
24956,ml,dev_24956
24957,web,dev_24957
24958,web,dev_24958
24959,ml,dev_24959
24960,web,dev_24960
24961,ml,dev_24961
24962,ml,dev_24962
24963,web,dev_24963
24964,web,dev_24964
24965,web,dev_24965
24966,web,dev_24966
24967,web,dev_24967
24968,ml,dev_24968
24969,ml,dev_24969
24970,web,dev_24970
24971,ml,dev_24971
24972,web,dev_24972
24973,web,dev_24973
24974,ml,dev_24974
24975,web,dev_24975
24976,web,dev_24976
24977,ml,dev_24977
24978,ml,dev_24978
24979,ml,dev_24979
24980,web,dev_24980
24981,web,dev_24981
24982,ml,dev_24982
24983,web,dev_24983
24984,ml,dev_24984
24985,web,dev_24985
24986,web,dev_24986
24987,web,dev_24987
24988,ml,dev_24988
24989,web,dev_24989
24990,web,dev_24990
24991,web,dev_24991
24992,web,dev_24992
24993,ml,dev_24993
24994,web,dev_24994
24995,ml,dev_24995
24996,ml,dev_24996
24997,ml,dev_24997
24998,ml,dev_24998
24999,web,dev_24999
25000,ml,dev_25000
25001,ml,dev_25001
25002,web,dev_25002
25003,web,dev_25003
25004,ml,dev_25004
25005,web,dev_25005
25006,ml,dev_25006
25007,web,dev_25007
25008,ml,dev_25008
25009,ml,dev_25009
25010,web,dev_25010
25011,ml,dev_25011
25012,ml,dev_25012
25013,web,dev_25013
25014,ml,dev_25014
25015,ml,dev_25015
25016,web,dev_25016
25017,web,dev_25017
25018,ml,dev_25018
25019,ml,dev_25019
25020,web,dev_25020
25021,ml,dev_25021
25022,web,dev_25022
25023,web,dev_25023
25024,ml,dev_25024
25025,web,dev_25025
25026,ml,dev_25026
25027,web,dev_25027
25028,ml,dev_25028
25029,web,dev_25029
25030,web,dev_25030
25031,ml,dev_25031
25032,ml,dev_25032
25033,web,dev_25033
25034,ml,dev_25034
25035,ml,dev_25035
25036,web,dev_25036
25037,web,dev_25037
25038,ml,dev_25038
25039,ml,dev_25039
25040,ml,dev_25040
25041,ml,dev_25041
25042,web,dev_25042
25043,ml,dev_25043
25044,web,dev_25044
25045,ml,dev_25045
25046,ml,dev_25046
25047,ml,dev_25047
25048,ml,dev_25048
25049,ml,dev_25049
25050,ml,dev_25050
25051,ml,dev_25051
25052,web,dev_25052
25053,ml,dev_25053
25054,web,dev_25054
25055,web,dev_25055
25056,web,dev_25056
25057,ml,dev_25057
25058,web,dev_25058
25059,web,dev_25059
25060,ml,dev_25060
25061,ml,dev_25061
25062,ml,dev_25062
25063,ml,dev_25063
25064,web,dev_25064
25065,ml,dev_25065
25066,web,dev_25066
25067,ml,dev_25067
25068,web,dev_25068
25069,ml,dev_25069
25070,ml,dev_25070
25071,ml,dev_25071
25072,web,dev_25072
25073,ml,dev_25073
25074,ml,dev_25074
25075,web,dev_25075
25076,web,dev_25076
25077,ml,dev_25077
25078,web,dev_25078
25079,ml,dev_25079
25080,ml,dev_25080
25081,web,dev_25081
25082,ml,dev_25082
25083,web,dev_25083
25084,web,dev_25084
25085,web,dev_25085
25086,ml,dev_25086
25087,web,dev_25087
25088,web,dev_25088
25089,ml,dev_25089
25090,ml,dev_25090
25091,web,dev_25091
25092,ml,dev_25092
25093,ml,dev_25093
25094,ml,dev_25094
25095,web,dev_25095
25096,web,dev_25096
25097,ml,dev_25097
25098,ml,dev_25098
25099,ml,dev_25099
25100,ml,dev_25100
25101,web,dev_25101
25102,web,dev_25102
25103,web,dev_25103
25104,web,dev_25104
25105,ml,dev_25105
25106,web,dev_25106
25107,ml,dev_25107
25108,ml,dev_25108
25109,web,dev_25109
25110,ml,dev_25110
25111,web,dev_25111
25112,web,dev_25112
25113,web,dev_25113
25114,web,dev_25114
25115,ml,dev_25115
25116,web,dev_25116
25117,web,dev_25117
25118,web,dev_25118
25119,web,dev_25119
25120,web,dev_25120
25121,web,dev_25121
25122,ml,dev_25122
25123,web,dev_25123
25124,ml,dev_25124
25125,ml,dev_25125
25126,web,dev_25126
25127,web,dev_25127
25128,ml,dev_25128
25129,ml,dev_25129
25130,ml,dev_25130
25131,ml,dev_25131
25132,web,dev_25132
25133,ml,dev_25133
25134,web,dev_25134
25135,ml,dev_25135
25136,ml,dev_25136
25137,ml,dev_25137
25138,ml,dev_25138
25139,web,dev_25139
25140,ml,dev_25140
25141,ml,dev_25141
25142,ml,dev_25142
25143,web,dev_25143
25144,ml,dev_25144
25145,web,dev_25145
25146,ml,dev_25146
25147,ml,dev_25147
25148,web,dev_25148
25149,ml,dev_25149
25150,ml,dev_25150
25151,web,dev_25151
25152,web,dev_25152
25153,web,dev_25153
25154,web,dev_25154
25155,ml,dev_25155
25156,web,dev_25156
25157,ml,dev_25157
25158,ml,dev_25158
25159,web,dev_25159
25160,ml,dev_25160
25161,web,dev_25161
25162,web,dev_25162
25163,web,dev_25163
25164,ml,dev_25164
25165,web,dev_25165
25166,ml,dev_25166
25167,ml,dev_25167
25168,ml,dev_25168
25169,ml,dev_25169
25170,ml,dev_25170
25171,ml,dev_25171
25172,ml,dev_25172
25173,ml,dev_25173
25174,ml,dev_25174
25175,ml,dev_25175
25176,web,dev_25176
25177,ml,dev_25177
25178,ml,dev_25178
25179,web,dev_25179
25180,web,dev_25180
25181,ml,dev_25181
25182,ml,dev_25182
25183,ml,dev_25183
25184,web,dev_25184
25185,ml,dev_25185
25186,web,dev_25186
25187,web,dev_25187
25188,web,dev_25188
25189,ml,dev_25189
25190,web,dev_25190
25191,web,dev_25191
25192,web,dev_25192
25193,web,dev_25193
25194,web,dev_25194
25195,ml,dev_25195
25196,web,dev_25196
25197,ml,dev_25197
25198,ml,dev_25198
25199,web,dev_25199
25200,ml,dev_25200
25201,web,dev_25201
25202,web,dev_25202
25203,web,dev_25203
25204,ml,dev_25204
25205,web,dev_25205
25206,ml,dev_25206
25207,ml,dev_25207
25208,web,dev_25208
25209,ml,dev_25209
25210,web,dev_25210
25211,web,dev_25211
25212,web,dev_25212
25213,ml,dev_25213
25214,web,dev_25214
25215,ml,dev_25215
25216,web,dev_25216
25217,web,dev_25217
25218,ml,dev_25218
25219,ml,dev_25219
25220,web,dev_25220
25221,web,dev_25221
25222,web,dev_25222
25223,web,dev_25223
25224,ml,dev_25224
25225,web,dev_25225
25226,ml,dev_25226
25227,ml,dev_25227
25228,ml,dev_25228
25229,web,dev_25229
25230,ml,dev_25230
25231,ml,dev_25231
25232,ml,dev_25232
25233,web,dev_25233
25234,ml,dev_25234
25235,ml,dev_25235
25236,ml,dev_25236
25237,ml,dev_25237
25238,ml,dev_25238
25239,web,dev_25239
25240,web,dev_25240
25241,ml,dev_25241
25242,ml,dev_25242
25243,web,dev_25243
25244,ml,dev_25244
25245,ml,dev_25245
25246,ml,dev_25246
25247,ml,dev_25247
25248,ml,dev_25248
25249,web,dev_25249
25250,ml,dev_25250
25251,ml,dev_25251
25252,ml,dev_25252
25253,web,dev_25253
25254,ml,dev_25254
25255,ml,dev_25255
25256,web,dev_25256
25257,ml,dev_25257
25258,web,dev_25258
25259,ml,dev_25259
25260,web,dev_25260
25261,ml,dev_25261
25262,web,dev_25262
25263,ml,dev_25263
25264,web,dev_25264
25265,web,dev_25265
25266,web,dev_25266
25267,web,dev_25267
25268,web,dev_25268
25269,web,dev_25269
25270,web,dev_25270
25271,ml,dev_25271
25272,ml,dev_25272
25273,web,dev_25273
25274,ml,dev_25274
25275,ml,dev_25275
25276,ml,dev_25276
25277,web,dev_25277
25278,web,dev_25278
25279,ml,dev_25279
25280,web,dev_25280
25281,web,dev_25281
25282,ml,dev_25282
25283,web,dev_25283
25284,ml,dev_25284
25285,ml,dev_25285
25286,web,dev_25286
25287,web,dev_25287
25288,web,dev_25288
25289,web,dev_25289
25290,ml,dev_25290
25291,web,dev_25291
25292,ml,dev_25292
25293,web,dev_25293
25294,web,dev_25294
25295,web,dev_25295
25296,web,dev_25296
25297,ml,dev_25297
25298,ml,dev_25298
25299,web,dev_25299
25300,web,dev_25300
25301,ml,dev_25301
25302,web,dev_25302
25303,ml,dev_25303
25304,ml,dev_25304
25305,ml,dev_25305
25306,ml,dev_25306
25307,web,dev_25307
25308,web,dev_25308
25309,ml,dev_25309
25310,web,dev_25310
25311,ml,dev_25311
25312,ml,dev_25312
25313,ml,dev_25313
25314,web,dev_25314
25315,ml,dev_25315
25316,web,dev_25316
25317,ml,dev_25317
25318,web,dev_25318
25319,web,dev_25319
25320,web,dev_25320
25321,web,dev_25321
25322,ml,dev_25322
25323,web,dev_25323
25324,web,dev_25324
25325,ml,dev_25325
25326,ml,dev_25326
25327,web,dev_25327
25328,web,dev_25328
25329,ml,dev_25329
25330,web,dev_25330
25331,ml,dev_25331
25332,web,dev_25332
25333,ml,dev_25333
25334,web,dev_25334
25335,ml,dev_25335
25336,web,dev_25336
25337,ml,dev_25337
25338,web,dev_25338
25339,ml,dev_25339
25340,ml,dev_25340
25341,ml,dev_25341
25342,ml,dev_25342
25343,web,dev_25343
25344,web,dev_25344
25345,web,dev_25345
25346,web,dev_25346
25347,ml,dev_25347
25348,ml,dev_25348
25349,ml,dev_25349
25350,ml,dev_25350
25351,ml,dev_25351
25352,ml,dev_25352
25353,ml,dev_25353
25354,web,dev_25354
25355,web,dev_25355
25356,ml,dev_25356
25357,ml,dev_25357
25358,web,dev_25358
25359,web,dev_25359
25360,web,dev_25360
25361,web,dev_25361
25362,web,dev_25362
25363,ml,dev_25363
25364,ml,dev_25364
25365,web,dev_25365
25366,web,dev_25366
25367,ml,dev_25367
25368,web,dev_25368
25369,ml,dev_25369
25370,web,dev_25370
25371,web,dev_25371
25372,web,dev_25372
25373,ml,dev_25373
25374,ml,dev_25374
25375,web,dev_25375
25376,web,dev_25376
25377,ml,dev_25377
25378,web,dev_25378
25379,ml,dev_25379
25380,web,dev_25380
25381,ml,dev_25381
25382,ml,dev_25382
25383,web,dev_25383
25384,web,dev_25384
25385,ml,dev_25385
25386,ml,dev_25386
25387,web,dev_25387
25388,ml,dev_25388
25389,ml,dev_25389
25390,ml,dev_25390
25391,ml,dev_25391
25392,ml,dev_25392
25393,web,dev_25393
25394,web,dev_25394
25395,web,dev_25395
25396,web,dev_25396
25397,web,dev_25397
25398,ml,dev_25398
25399,ml,dev_25399
25400,ml,dev_25400
25401,web,dev_25401
25402,ml,dev_25402
25403,web,dev_25403
25404,ml,dev_25404
25405,web,dev_25405
25406,ml,dev_25406
25407,web,dev_25407
25408,web,dev_25408
25409,web,dev_25409
25410,web,dev_25410
25411,web,dev_25411
25412,web,dev_25412
25413,web,dev_25413
25414,ml,dev_25414
25415,ml,dev_25415
25416,web,dev_25416
25417,ml,dev_25417
25418,web,dev_25418
25419,ml,dev_25419
25420,ml,dev_25420
25421,web,dev_25421
25422,ml,dev_25422
25423,web,dev_25423
25424,ml,dev_25424
25425,web,dev_25425
25426,web,dev_25426
25427,web,dev_25427
25428,web,dev_25428
25429,ml,dev_25429
25430,web,dev_25430
25431,ml,dev_25431
25432,web,dev_25432
25433,web,dev_25433
25434,web,dev_25434
25435,ml,dev_25435
25436,web,dev_25436
25437,ml,dev_25437
25438,ml,dev_25438
25439,ml,dev_25439
25440,web,dev_25440
25441,ml,dev_25441
25442,ml,dev_25442
25443,web,dev_25443
25444,web,dev_25444
25445,ml,dev_25445
25446,ml,dev_25446
25447,ml,dev_25447
25448,web,dev_25448
25449,ml,dev_25449
25450,web,dev_25450
25451,web,dev_25451
25452,web,dev_25452
25453,ml,dev_25453
25454,web,dev_25454
25455,ml,dev_25455
25456,web,dev_25456
25457,ml,dev_25457
25458,web,dev_25458
25459,web,dev_25459
25460,ml,dev_25460
25461,ml,dev_25461
25462,ml,dev_25462
25463,ml,dev_25463
25464,ml,dev_25464
25465,web,dev_25465
25466,web,dev_25466
25467,web,dev_25467
25468,ml,dev_25468
25469,web,dev_25469
25470,web,dev_25470
25471,ml,dev_25471
25472,ml,dev_25472
25473,web,dev_25473
25474,ml,dev_25474
25475,web,dev_25475
25476,web,dev_25476
25477,web,dev_25477
25478,web,dev_25478
25479,web,dev_25479
25480,ml,dev_25480
25481,ml,dev_25481
25482,ml,dev_25482
25483,web,dev_25483
25484,ml,dev_25484
25485,web,dev_25485
25486,web,dev_25486
25487,ml,dev_25487
25488,web,dev_25488
25489,web,dev_25489
25490,web,dev_25490
25491,web,dev_25491
25492,ml,dev_25492
25493,ml,dev_25493
25494,ml,dev_25494
25495,ml,dev_25495
25496,web,dev_25496
25497,ml,dev_25497
25498,web,dev_25498
25499,ml,dev_25499
25500,web,dev_25500
25501,web,dev_25501
25502,ml,dev_25502
25503,web,dev_25503
25504,web,dev_25504
25505,ml,dev_25505
25506,ml,dev_25506
25507,ml,dev_25507
25508,web,dev_25508
25509,ml,dev_25509
25510,ml,dev_25510
25511,ml,dev_25511
25512,web,dev_25512
25513,ml,dev_25513
25514,ml,dev_25514
25515,web,dev_25515
25516,ml,dev_25516
25517,ml,dev_25517
25518,ml,dev_25518
25519,web,dev_25519
25520,web,dev_25520
25521,ml,dev_25521
25522,ml,dev_25522
25523,web,dev_25523
25524,web,dev_25524
25525,ml,dev_25525
25526,web,dev_25526
25527,web,dev_25527
25528,ml,dev_25528
25529,ml,dev_25529
25530,web,dev_25530
25531,ml,dev_25531
25532,web,dev_25532
25533,web,dev_25533
25534,web,dev_25534
25535,ml,dev_25535
25536,web,dev_25536
25537,web,dev_25537
25538,web,dev_25538
25539,web,dev_25539
25540,web,dev_25540
25541,ml,dev_25541
25542,web,dev_25542
25543,ml,dev_25543
25544,ml,dev_25544
25545,web,dev_25545
25546,ml,dev_25546
25547,ml,dev_25547
25548,web,dev_25548
25549,ml,dev_25549
25550,web,dev_25550
25551,web,dev_25551
25552,web,dev_25552
25553,ml,dev_25553
25554,ml,dev_25554
25555,ml,dev_25555
25556,ml,dev_25556
25557,ml,dev_25557
25558,ml,dev_25558
25559,web,dev_25559
25560,ml,dev_25560
25561,ml,dev_25561
25562,ml,dev_25562
25563,ml,dev_25563
25564,web,dev_25564
25565,ml,dev_25565
25566,web,dev_25566
25567,ml,dev_25567
25568,web,dev_25568
25569,web,dev_25569
25570,ml,dev_25570
25571,web,dev_25571
25572,ml,dev_25572
25573,web,dev_25573
25574,ml,dev_25574
25575,ml,dev_25575
25576,ml,dev_25576
25577,ml,dev_25577
25578,ml,dev_25578
25579,ml,dev_25579
25580,web,dev_25580
25581,ml,dev_25581
25582,web,dev_25582
25583,ml,dev_25583
25584,web,dev_25584
25585,web,dev_25585
25586,ml,dev_25586
25587,ml,dev_25587
25588,web,dev_25588
25589,ml,dev_25589
25590,web,dev_25590
25591,web,dev_25591
25592,web,dev_25592
25593,ml,dev_25593
25594,ml,dev_25594
25595,ml,dev_25595
25596,web,dev_25596
25597,ml,dev_25597
25598,ml,dev_25598
25599,web,dev_25599
25600,ml,dev_25600
25601,web,dev_25601
25602,web,dev_25602
25603,web,dev_25603
25604,web,dev_25604
25605,web,dev_25605
25606,ml,dev_25606
25607,ml,dev_25607
25608,web,dev_25608
25609,ml,dev_25609
25610,ml,dev_25610
25611,ml,dev_25611
25612,ml,dev_25612
25613,web,dev_25613
25614,ml,dev_25614
25615,ml,dev_25615
25616,ml,dev_25616
25617,web,dev_25617
25618,web,dev_25618
25619,web,dev_25619
25620,ml,dev_25620
25621,web,dev_25621
25622,web,dev_25622
25623,ml,dev_25623
25624,ml,dev_25624
25625,web,dev_25625
25626,web,dev_25626
25627,web,dev_25627
25628,ml,dev_25628
25629,ml,dev_25629
25630,ml,dev_25630
25631,web,dev_25631
25632,web,dev_25632
25633,ml,dev_25633
25634,ml,dev_25634
25635,web,dev_25635
25636,web,dev_25636
25637,ml,dev_25637
25638,ml,dev_25638
25639,ml,dev_25639
25640,web,dev_25640
25641,ml,dev_25641
25642,web,dev_25642
25643,ml,dev_25643
25644,ml,dev_25644
25645,web,dev_25645
25646,web,dev_25646
25647,ml,dev_25647
25648,ml,dev_25648
25649,ml,dev_25649
25650,web,dev_25650
25651,web,dev_25651
25652,web,dev_25652
25653,web,dev_25653
25654,ml,dev_25654
25655,web,dev_25655
25656,web,dev_25656
25657,ml,dev_25657
25658,web,dev_25658
25659,web,dev_25659
25660,web,dev_25660
25661,web,dev_25661
25662,ml,dev_25662
25663,ml,dev_25663
25664,ml,dev_25664
25665,ml,dev_25665
25666,web,dev_25666
25667,web,dev_25667
25668,ml,dev_25668
25669,ml,dev_25669
25670,ml,dev_25670
25671,ml,dev_25671
25672,web,dev_25672
25673,ml,dev_25673
25674,web,dev_25674
25675,web,dev_25675
25676,ml,dev_25676
25677,ml,dev_25677
25678,ml,dev_25678
25679,web,dev_25679
25680,ml,dev_25680
25681,ml,dev_25681
25682,ml,dev_25682
25683,web,dev_25683
25684,web,dev_25684
25685,web,dev_25685
25686,ml,dev_25686
25687,web,dev_25687
25688,ml,dev_25688
25689,ml,dev_25689
25690,ml,dev_25690
25691,web,dev_25691
25692,web,dev_25692
25693,web,dev_25693
25694,ml,dev_25694
25695,web,dev_25695
25696,web,dev_25696
25697,ml,dev_25697
25698,ml,dev_25698
25699,ml,dev_25699
25700,ml,dev_25700
25701,ml,dev_25701
25702,web,dev_25702
25703,web,dev_25703
25704,ml,dev_25704
25705,ml,dev_25705
25706,ml,dev_25706
25707,web,dev_25707
25708,ml,dev_25708
25709,web,dev_25709
25710,web,dev_25710
25711,web,dev_25711
25712,web,dev_25712
25713,ml,dev_25713
25714,ml,dev_25714
25715,ml,dev_25715
25716,ml,dev_25716
25717,web,dev_25717
25718,web,dev_25718
25719,ml,dev_25719
25720,web,dev_25720
25721,ml,dev_25721
25722,ml,dev_25722
25723,web,dev_25723
25724,web,dev_25724
25725,web,dev_25725
25726,ml,dev_25726
25727,web,dev_25727
25728,web,dev_25728
25729,web,dev_25729
25730,web,dev_25730
25731,ml,dev_25731
25732,web,dev_25732
25733,web,dev_25733
25734,web,dev_25734
25735,web,dev_25735
25736,ml,dev_25736
25737,web,dev_25737
25738,ml,dev_25738
25739,ml,dev_25739
25740,web,dev_25740
25741,ml,dev_25741
25742,ml,dev_25742
25743,web,dev_25743
25744,ml,dev_25744
25745,ml,dev_25745
25746,web,dev_25746
25747,web,dev_25747
25748,ml,dev_25748
25749,ml,dev_25749
25750,ml,dev_25750
25751,web,dev_25751
25752,web,dev_25752
25753,web,dev_25753
25754,ml,dev_25754
25755,web,dev_25755
25756,ml,dev_25756
25757,ml,dev_25757
25758,web,dev_25758
25759,web,dev_25759
25760,web,dev_25760
25761,web,dev_25761
25762,web,dev_25762
25763,ml,dev_25763
25764,ml,dev_25764
25765,ml,dev_25765
25766,web,dev_25766
25767,ml,dev_25767
25768,web,dev_25768
25769,web,dev_25769
25770,web,dev_25770
25771,web,dev_25771
25772,web,dev_25772
25773,web,dev_25773
25774,ml,dev_25774
25775,web,dev_25775
25776,web,dev_25776
25777,web,dev_25777
25778,ml,dev_25778
25779,ml,dev_25779
25780,ml,dev_25780
25781,ml,dev_25781
25782,ml,dev_25782
25783,ml,dev_25783
25784,web,dev_25784
25785,web,dev_25785
25786,web,dev_25786
25787,ml,dev_25787
25788,ml,dev_25788
25789,web,dev_25789
25790,ml,dev_25790
25791,ml,dev_25791
25792,ml,dev_25792
25793,ml,dev_25793
25794,web,dev_25794
25795,ml,dev_25795
25796,web,dev_25796
25797,web,dev_25797
25798,web,dev_25798
25799,web,dev_25799
25800,ml,dev_25800
25801,web,dev_25801
25802,ml,dev_25802
25803,web,dev_25803
25804,web,dev_25804
25805,web,dev_25805
25806,web,dev_25806
25807,ml,dev_25807
25808,web,dev_25808
25809,web,dev_25809
25810,ml,dev_25810
25811,web,dev_25811
25812,ml,dev_25812
25813,web,dev_25813
25814,web,dev_25814
25815,web,dev_25815
25816,ml,dev_25816
25817,web,dev_25817
25818,ml,dev_25818
25819,ml,dev_25819
25820,ml,dev_25820
25821,web,dev_25821
25822,ml,dev_25822
25823,web,dev_25823
25824,ml,dev_25824
25825,web,dev_25825
25826,ml,dev_25826
25827,web,dev_25827
25828,ml,dev_25828
25829,ml,dev_25829
25830,ml,dev_25830
25831,web,dev_25831
25832,web,dev_25832
25833,web,dev_25833
25834,web,dev_25834
25835,web,dev_25835
25836,web,dev_25836
25837,web,dev_25837
25838,web,dev_25838
25839,ml,dev_25839
25840,ml,dev_25840
25841,web,dev_25841
25842,web,dev_25842
25843,ml,dev_25843
25844,ml,dev_25844
25845,ml,dev_25845
25846,ml,dev_25846
25847,ml,dev_25847
25848,web,dev_25848
25849,web,dev_25849
25850,ml,dev_25850
25851,ml,dev_25851
25852,web,dev_25852
25853,web,dev_25853
25854,ml,dev_25854
25855,web,dev_25855
25856,ml,dev_25856
25857,web,dev_25857
25858,web,dev_25858
25859,web,dev_25859
25860,web,dev_25860
25861,ml,dev_25861
25862,web,dev_25862
25863,ml,dev_25863
25864,web,dev_25864
25865,ml,dev_25865
25866,ml,dev_25866
25867,web,dev_25867
25868,ml,dev_25868
25869,ml,dev_25869
25870,web,dev_25870
25871,ml,dev_25871
25872,web,dev_25872
25873,ml,dev_25873
25874,ml,dev_25874
25875,ml,dev_25875
25876,ml,dev_25876
25877,web,dev_25877
25878,ml,dev_25878
25879,ml,dev_25879
25880,web,dev_25880
25881,web,dev_25881
25882,web,dev_25882
25883,ml,dev_25883
25884,web,dev_25884
25885,web,dev_25885
25886,web,dev_25886
25887,ml,dev_25887
25888,web,dev_25888
25889,web,dev_25889
25890,web,dev_25890
25891,web,dev_25891
25892,ml,dev_25892
25893,ml,dev_25893
25894,web,dev_25894
25895,ml,dev_25895
25896,ml,dev_25896
25897,ml,dev_25897
25898,web,dev_25898
25899,web,dev_25899
25900,web,dev_25900
25901,ml,dev_25901
25902,web,dev_25902
25903,web,dev_25903
25904,web,dev_25904
25905,ml,dev_25905
25906,ml,dev_25906
25907,web,dev_25907
25908,web,dev_25908
25909,web,dev_25909
25910,ml,dev_25910
25911,web,dev_25911
25912,ml,dev_25912
25913,web,dev_25913
25914,ml,dev_25914
25915,ml,dev_25915
25916,ml,dev_25916
25917,ml,dev_25917
25918,web,dev_25918
25919,web,dev_25919
25920,web,dev_25920
25921,ml,dev_25921
25922,web,dev_25922
25923,ml,dev_25923
25924,web,dev_25924
25925,ml,dev_25925
25926,ml,dev_25926
25927,ml,dev_25927
25928,web,dev_25928
25929,web,dev_25929
25930,web,dev_25930
25931,web,dev_25931
25932,web,dev_25932
25933,web,dev_25933
25934,ml,dev_25934
25935,ml,dev_25935
25936,ml,dev_25936
25937,ml,dev_25937
25938,ml,dev_25938
25939,web,dev_25939
25940,ml,dev_25940
25941,ml,dev_25941
25942,ml,dev_25942
25943,web,dev_25943
25944,ml,dev_25944
25945,web,dev_25945
25946,ml,dev_25946
25947,web,dev_25947
25948,web,dev_25948
25949,web,dev_25949
25950,web,dev_25950
25951,ml,dev_25951
25952,web,dev_25952
25953,web,dev_25953
25954,ml,dev_25954
25955,ml,dev_25955
25956,web,dev_25956
25957,web,dev_25957
25958,ml,dev_25958
25959,ml,dev_25959
25960,web,dev_25960
25961,web,dev_25961
25962,ml,dev_25962
25963,web,dev_25963
25964,ml,dev_25964
25965,ml,dev_25965
25966,ml,dev_25966
25967,ml,dev_25967
25968,web,dev_25968
25969,web,dev_25969
25970,web,dev_25970
25971,ml,dev_25971
25972,web,dev_25972
25973,web,dev_25973
25974,web,dev_25974
25975,web,dev_25975
25976,ml,dev_25976
25977,web,dev_25977
25978,ml,dev_25978
25979,web,dev_25979
25980,ml,dev_25980
25981,ml,dev_25981
25982,web,dev_25982
25983,ml,dev_25983
25984,web,dev_25984
25985,ml,dev_25985
25986,ml,dev_25986
25987,web,dev_25987
25988,web,dev_25988
25989,ml,dev_25989
25990,ml,dev_25990
25991,web,dev_25991
25992,web,dev_25992
25993,web,dev_25993
25994,web,dev_25994
25995,ml,dev_25995
25996,web,dev_25996
25997,ml,dev_25997
25998,web,dev_25998
25999,web,dev_25999
26000,ml,dev_26000
26001,ml,dev_26001
26002,web,dev_26002
26003,ml,dev_26003
26004,web,dev_26004
26005,web,dev_26005
26006,ml,dev_26006
26007,web,dev_26007
26008,web,dev_26008
26009,ml,dev_26009
26010,web,dev_26010
26011,web,dev_26011
26012,web,dev_26012
26013,web,dev_26013
26014,web,dev_26014
26015,web,dev_26015
26016,web,dev_26016
26017,web,dev_26017
26018,ml,dev_26018
26019,web,dev_26019
26020,web,dev_26020
26021,web,dev_26021
26022,ml,dev_26022
26023,ml,dev_26023
26024,ml,dev_26024
26025,web,dev_26025
26026,web,dev_26026
26027,ml,dev_26027
26028,web,dev_26028
26029,ml,dev_26029
26030,ml,dev_26030
26031,web,dev_26031
26032,ml,dev_26032
26033,web,dev_26033
26034,ml,dev_26034
26035,ml,dev_26035
26036,web,dev_26036
26037,ml,dev_26037
26038,ml,dev_26038
26039,ml,dev_26039
26040,ml,dev_26040
26041,ml,dev_26041
26042,ml,dev_26042
26043,web,dev_26043
26044,ml,dev_26044
26045,ml,dev_26045
26046,ml,dev_26046
26047,ml,dev_26047
26048,web,dev_26048
26049,ml,dev_26049
26050,ml,dev_26050
26051,web,dev_26051
26052,web,dev_26052
26053,ml,dev_26053
26054,web,dev_26054
26055,ml,dev_26055
26056,web,dev_26056
26057,ml,dev_26057
26058,web,dev_26058
26059,web,dev_26059
26060,web,dev_26060
26061,web,dev_26061
26062,web,dev_26062
26063,web,dev_26063
26064,ml,dev_26064
26065,ml,dev_26065
26066,ml,dev_26066
26067,web,dev_26067
26068,web,dev_26068
26069,ml,dev_26069
26070,ml,dev_26070
26071,ml,dev_26071
26072,ml,dev_26072
26073,ml,dev_26073
26074,ml,dev_26074
26075,web,dev_26075
26076,web,dev_26076
26077,web,dev_26077
26078,web,dev_26078
26079,web,dev_26079
26080,ml,dev_26080
26081,ml,dev_26081
26082,web,dev_26082
26083,ml,dev_26083
26084,ml,dev_26084
26085,ml,dev_26085
26086,ml,dev_26086
26087,ml,dev_26087
26088,ml,dev_26088
26089,web,dev_26089
26090,web,dev_26090
26091,web,dev_26091
26092,web,dev_26092
26093,ml,dev_26093
26094,web,dev_26094
26095,ml,dev_26095
26096,ml,dev_26096
26097,ml,dev_26097
26098,ml,dev_26098
26099,ml,dev_26099
26100,ml,dev_26100
26101,ml,dev_26101
26102,web,dev_26102
26103,ml,dev_26103
26104,ml,dev_26104
26105,ml,dev_26105
26106,web,dev_26106
26107,web,dev_26107
26108,ml,dev_26108
26109,web,dev_26109
26110,web,dev_26110
26111,ml,dev_26111
26112,web,dev_26112
26113,web,dev_26113
26114,ml,dev_26114
26115,ml,dev_26115
26116,ml,dev_26116
26117,web,dev_26117
26118,ml,dev_26118
26119,web,dev_26119
26120,web,dev_26120
26121,ml,dev_26121
26122,web,dev_26122
26123,ml,dev_26123
26124,ml,dev_26124
26125,web,dev_26125
26126,web,dev_26126
26127,ml,dev_26127
26128,web,dev_26128
26129,ml,dev_26129
26130,ml,dev_26130
26131,ml,dev_26131
26132,ml,dev_26132
26133,web,dev_26133
26134,ml,dev_26134
26135,web,dev_26135
26136,ml,dev_26136
26137,web,dev_26137
26138,web,dev_26138
26139,web,dev_26139
26140,ml,dev_26140
26141,web,dev_26141
26142,ml,dev_26142
26143,web,dev_26143
26144,ml,dev_26144
26145,web,dev_26145
26146,web,dev_26146
26147,ml,dev_26147
26148,ml,dev_26148
26149,ml,dev_26149
26150,ml,dev_26150
26151,ml,dev_26151
26152,ml,dev_26152
26153,web,dev_26153
26154,web,dev_26154
26155,ml,dev_26155
26156,ml,dev_26156
26157,ml,dev_26157
26158,web,dev_26158
26159,web,dev_26159
26160,web,dev_26160
26161,web,dev_26161
26162,web,dev_26162
26163,ml,dev_26163
26164,web,dev_26164
26165,ml,dev_26165
26166,ml,dev_26166
26167,web,dev_26167
26168,ml,dev_26168
26169,ml,dev_26169
26170,web,dev_26170
26171,ml,dev_26171
26172,web,dev_26172
26173,web,dev_26173
26174,web,dev_26174
26175,web,dev_26175
26176,web,dev_26176
26177,ml,dev_26177
26178,web,dev_26178
26179,web,dev_26179
26180,web,dev_26180
26181,ml,dev_26181
26182,ml,dev_26182
26183,web,dev_26183
26184,web,dev_26184
26185,ml,dev_26185
26186,web,dev_26186
26187,ml,dev_26187
26188,ml,dev_26188
26189,web,dev_26189
26190,web,dev_26190
26191,ml,dev_26191
26192,web,dev_26192
26193,ml,dev_26193
26194,ml,dev_26194
26195,web,dev_26195
26196,ml,dev_26196
26197,web,dev_26197
26198,ml,dev_26198
26199,web,dev_26199
26200,web,dev_26200
26201,ml,dev_26201
26202,web,dev_26202
26203,web,dev_26203
26204,ml,dev_26204
26205,ml,dev_26205
26206,ml,dev_26206
26207,web,dev_26207
26208,web,dev_26208
26209,web,dev_26209
26210,ml,dev_26210
26211,web,dev_26211
26212,web,dev_26212
26213,web,dev_26213
26214,web,dev_26214
26215,web,dev_26215
26216,ml,dev_26216
26217,web,dev_26217
26218,web,dev_26218
26219,web,dev_26219
26220,ml,dev_26220
26221,ml,dev_26221
26222,ml,dev_26222
26223,ml,dev_26223
26224,web,dev_26224
26225,web,dev_26225
26226,web,dev_26226
26227,ml,dev_26227
26228,web,dev_26228
26229,web,dev_26229
26230,web,dev_26230
26231,ml,dev_26231
26232,ml,dev_26232
26233,ml,dev_26233
26234,web,dev_26234
26235,ml,dev_26235
26236,ml,dev_26236
26237,ml,dev_26237
26238,ml,dev_26238
26239,ml,dev_26239
26240,ml,dev_26240
26241,web,dev_26241
26242,web,dev_26242
26243,ml,dev_26243
26244,ml,dev_26244
26245,web,dev_26245
26246,web,dev_26246
26247,web,dev_26247
26248,ml,dev_26248
26249,web,dev_26249
26250,web,dev_26250
26251,ml,dev_26251
26252,ml,dev_26252
26253,web,dev_26253
26254,web,dev_26254
26255,ml,dev_26255
26256,ml,dev_26256
26257,web,dev_26257
26258,ml,dev_26258
26259,ml,dev_26259
26260,ml,dev_26260
26261,ml,dev_26261
26262,ml,dev_26262
26263,ml,dev_26263
26264,web,dev_26264
26265,ml,dev_26265
26266,web,dev_26266
26267,web,dev_26267
26268,web,dev_26268
26269,ml,dev_26269
26270,web,dev_26270
26271,ml,dev_26271
26272,ml,dev_26272
26273,web,dev_26273
26274,ml,dev_26274
26275,web,dev_26275
26276,ml,dev_26276
26277,web,dev_26277
26278,web,dev_26278
26279,web,dev_26279
26280,web,dev_26280
26281,ml,dev_26281
26282,web,dev_26282
26283,ml,dev_26283
26284,web,dev_26284
26285,ml,dev_26285
26286,ml,dev_26286
26287,ml,dev_26287
26288,web,dev_26288
26289,ml,dev_26289
26290,ml,dev_26290
26291,ml,dev_26291
26292,web,dev_26292
26293,web,dev_26293
26294,ml,dev_26294
26295,web,dev_26295
26296,web,dev_26296
26297,ml,dev_26297
26298,ml,dev_26298
26299,web,dev_26299
26300,web,dev_26300
26301,ml,dev_26301
26302,web,dev_26302
26303,web,dev_26303
26304,web,dev_26304
26305,web,dev_26305
26306,web,dev_26306
26307,web,dev_26307
26308,ml,dev_26308
26309,ml,dev_26309
26310,ml,dev_26310
26311,ml,dev_26311
26312,ml,dev_26312
26313,ml,dev_26313
26314,ml,dev_26314
26315,web,dev_26315
26316,ml,dev_26316
26317,ml,dev_26317
26318,web,dev_26318
26319,ml,dev_26319
26320,ml,dev_26320
26321,ml,dev_26321
26322,web,dev_26322
26323,web,dev_26323
26324,web,dev_26324
26325,ml,dev_26325
26326,ml,dev_26326
26327,ml,dev_26327
26328,ml,dev_26328
26329,web,dev_26329
26330,web,dev_26330
26331,web,dev_26331
26332,ml,dev_26332
26333,ml,dev_26333
26334,ml,dev_26334
26335,ml,dev_26335
26336,web,dev_26336
26337,ml,dev_26337
26338,ml,dev_26338
26339,web,dev_26339
26340,ml,dev_26340
26341,ml,dev_26341
26342,web,dev_26342
26343,web,dev_26343
26344,web,dev_26344
26345,ml,dev_26345
26346,ml,dev_26346
26347,web,dev_26347
26348,web,dev_26348
26349,ml,dev_26349
26350,web,dev_26350
26351,ml,dev_26351
26352,ml,dev_26352
26353,ml,dev_26353
26354,web,dev_26354
26355,ml,dev_26355
26356,web,dev_26356
26357,web,dev_26357
26358,web,dev_26358
26359,ml,dev_26359
26360,web,dev_26360
26361,ml,dev_26361
26362,web,dev_26362
26363,ml,dev_26363
26364,ml,dev_26364
26365,web,dev_26365
26366,ml,dev_26366
26367,web,dev_26367
26368,ml,dev_26368
26369,web,dev_26369
26370,web,dev_26370
26371,ml,dev_26371
26372,ml,dev_26372
26373,ml,dev_26373
26374,ml,dev_26374
26375,web,dev_26375
26376,web,dev_26376
26377,ml,dev_26377
26378,web,dev_26378
26379,ml,dev_26379
26380,web,dev_26380
26381,ml,dev_26381
26382,web,dev_26382
26383,ml,dev_26383
26384,ml,dev_26384
26385,ml,dev_26385
26386,web,dev_26386
26387,web,dev_26387
26388,web,dev_26388
26389,web,dev_26389
26390,web,dev_26390
26391,web,dev_26391
26392,web,dev_26392
26393,web,dev_26393
26394,ml,dev_26394
26395,ml,dev_26395
26396,ml,dev_26396
26397,web,dev_26397
26398,ml,dev_26398
26399,web,dev_26399
26400,ml,dev_26400
26401,web,dev_26401
26402,ml,dev_26402
26403,ml,dev_26403
26404,ml,dev_26404
26405,ml,dev_26405
26406,ml,dev_26406
26407,ml,dev_26407
26408,ml,dev_26408
26409,web,dev_26409
26410,web,dev_26410
26411,web,dev_26411
26412,web,dev_26412
26413,ml,dev_26413
26414,web,dev_26414
26415,web,dev_26415
26416,web,dev_26416
26417,ml,dev_26417
26418,web,dev_26418
26419,web,dev_26419
26420,ml,dev_26420
26421,ml,dev_26421
26422,web,dev_26422
26423,web,dev_26423
26424,ml,dev_26424
26425,ml,dev_26425
26426,web,dev_26426
26427,web,dev_26427
26428,ml,dev_26428
26429,ml,dev_26429
26430,ml,dev_26430
26431,web,dev_26431
26432,ml,dev_26432
26433,ml,dev_26433
26434,web,dev_26434
26435,ml,dev_26435
26436,ml,dev_26436
26437,web,dev_26437
26438,ml,dev_26438
26439,web,dev_26439
26440,web,dev_26440
26441,ml,dev_26441
26442,ml,dev_26442
26443,ml,dev_26443
26444,ml,dev_26444
26445,web,dev_26445
26446,ml,dev_26446
26447,ml,dev_26447
26448,web,dev_26448
26449,ml,dev_26449
26450,ml,dev_26450
26451,ml,dev_26451
26452,ml,dev_26452
26453,ml,dev_26453
26454,ml,dev_26454
26455,web,dev_26455
26456,web,dev_26456
26457,ml,dev_26457
26458,web,dev_26458
26459,ml,dev_26459
26460,ml,dev_26460
26461,ml,dev_26461
26462,ml,dev_26462
26463,ml,dev_26463
26464,ml,dev_26464
26465,ml,dev_26465
26466,web,dev_26466
26467,ml,dev_26467
26468,web,dev_26468
26469,ml,dev_26469
26470,web,dev_26470
26471,web,dev_26471
26472,web,dev_26472
26473,ml,dev_26473
26474,web,dev_26474
26475,ml,dev_26475
26476,web,dev_26476
26477,web,dev_26477
26478,web,dev_26478
26479,ml,dev_26479
26480,ml,dev_26480
26481,ml,dev_26481
26482,web,dev_26482
26483,ml,dev_26483
26484,ml,dev_26484
26485,ml,dev_26485
26486,web,dev_26486
26487,web,dev_26487
26488,ml,dev_26488
26489,web,dev_26489
26490,web,dev_26490
26491,ml,dev_26491
26492,web,dev_26492
26493,ml,dev_26493
26494,ml,dev_26494
26495,ml,dev_26495
26496,web,dev_26496
26497,web,dev_26497
26498,web,dev_26498
26499,ml,dev_26499
26500,ml,dev_26500
26501,web,dev_26501
26502,web,dev_26502
26503,web,dev_26503
26504,web,dev_26504
26505,web,dev_26505
26506,web,dev_26506
26507,ml,dev_26507
26508,web,dev_26508
26509,ml,dev_26509
26510,web,dev_26510
26511,web,dev_26511
26512,web,dev_26512
26513,ml,dev_26513
26514,ml,dev_26514
26515,web,dev_26515
26516,web,dev_26516
26517,web,dev_26517
26518,ml,dev_26518
26519,web,dev_26519
26520,ml,dev_26520
26521,web,dev_26521
26522,web,dev_26522
26523,web,dev_26523
26524,web,dev_26524
26525,ml,dev_26525
26526,ml,dev_26526
26527,web,dev_26527
26528,web,dev_26528
26529,ml,dev_26529
26530,web,dev_26530
26531,ml,dev_26531
26532,web,dev_26532
26533,ml,dev_26533
26534,ml,dev_26534
26535,web,dev_26535
26536,web,dev_26536
26537,ml,dev_26537
26538,ml,dev_26538
26539,ml,dev_26539
26540,ml,dev_26540
26541,ml,dev_26541
26542,ml,dev_26542
26543,web,dev_26543
26544,web,dev_26544
26545,web,dev_26545
26546,ml,dev_26546
26547,ml,dev_26547
26548,web,dev_26548
26549,ml,dev_26549
26550,web,dev_26550
26551,ml,dev_26551
26552,ml,dev_26552
26553,web,dev_26553
26554,ml,dev_26554
26555,web,dev_26555
26556,ml,dev_26556
26557,web,dev_26557
26558,ml,dev_26558
26559,ml,dev_26559
26560,web,dev_26560
26561,ml,dev_26561
26562,ml,dev_26562
26563,web,dev_26563
26564,web,dev_26564
26565,ml,dev_26565
26566,ml,dev_26566
26567,web,dev_26567
26568,ml,dev_26568
26569,ml,dev_26569
26570,web,dev_26570
26571,web,dev_26571
26572,web,dev_26572
26573,ml,dev_26573
26574,ml,dev_26574
26575,web,dev_26575
26576,web,dev_26576
26577,ml,dev_26577
26578,web,dev_26578
26579,web,dev_26579
26580,web,dev_26580
26581,web,dev_26581
26582,ml,dev_26582
26583,ml,dev_26583
26584,web,dev_26584
26585,ml,dev_26585
26586,web,dev_26586
26587,ml,dev_26587
26588,ml,dev_26588
26589,ml,dev_26589
26590,web,dev_26590
26591,web,dev_26591
26592,ml,dev_26592
26593,ml,dev_26593
26594,web,dev_26594
26595,web,dev_26595
26596,web,dev_26596
26597,web,dev_26597
26598,web,dev_26598
26599,ml,dev_26599
26600,web,dev_26600
26601,ml,dev_26601
26602,ml,dev_26602
26603,web,dev_26603
26604,web,dev_26604
26605,web,dev_26605
26606,ml,dev_26606
26607,ml,dev_26607
26608,ml,dev_26608
26609,ml,dev_26609
26610,ml,dev_26610
26611,web,dev_26611
26612,ml,dev_26612
26613,ml,dev_26613
26614,ml,dev_26614
26615,web,dev_26615
26616,ml,dev_26616
26617,web,dev_26617
26618,ml,dev_26618
26619,web,dev_26619
26620,ml,dev_26620
26621,web,dev_26621
26622,ml,dev_26622
26623,ml,dev_26623
26624,web,dev_26624
26625,web,dev_26625
26626,web,dev_26626
26627,web,dev_26627
26628,web,dev_26628
26629,ml,dev_26629
26630,ml,dev_26630
26631,web,dev_26631
26632,web,dev_26632
26633,web,dev_26633
26634,ml,dev_26634
26635,web,dev_26635
26636,ml,dev_26636
26637,web,dev_26637
26638,web,dev_26638
26639,ml,dev_26639
26640,web,dev_26640
26641,web,dev_26641
26642,ml,dev_26642
26643,ml,dev_26643
26644,ml,dev_26644
26645,ml,dev_26645
26646,web,dev_26646
26647,web,dev_26647
26648,ml,dev_26648
26649,ml,dev_26649
26650,web,dev_26650
26651,ml,dev_26651
26652,ml,dev_26652
26653,ml,dev_26653
26654,ml,dev_26654
26655,web,dev_26655
26656,ml,dev_26656
26657,web,dev_26657
26658,ml,dev_26658
26659,web,dev_26659
26660,ml,dev_26660
26661,web,dev_26661
26662,web,dev_26662
26663,web,dev_26663
26664,web,dev_26664
26665,web,dev_26665
26666,web,dev_26666
26667,web,dev_26667
26668,web,dev_26668
26669,web,dev_26669
26670,ml,dev_26670
26671,web,dev_26671
26672,web,dev_26672
26673,web,dev_26673
26674,ml,dev_26674
26675,web,dev_26675
26676,ml,dev_26676
26677,ml,dev_26677
26678,web,dev_26678
26679,ml,dev_26679
26680,ml,dev_26680
26681,web,dev_26681
26682,ml,dev_26682
26683,ml,dev_26683
26684,ml,dev_26684
26685,ml,dev_26685
26686,web,dev_26686
26687,ml,dev_26687
26688,ml,dev_26688
26689,ml,dev_26689
26690,web,dev_26690
26691,web,dev_26691
26692,ml,dev_26692
26693,ml,dev_26693
26694,web,dev_26694
26695,web,dev_26695
26696,ml,dev_26696
26697,ml,dev_26697
26698,ml,dev_26698
26699,web,dev_26699
26700,web,dev_26700
26701,ml,dev_26701
26702,web,dev_26702
26703,ml,dev_26703
26704,ml,dev_26704
26705,web,dev_26705
26706,web,dev_26706
26707,ml,dev_26707
26708,ml,dev_26708
26709,ml,dev_26709
26710,ml,dev_26710
26711,web,dev_26711
26712,web,dev_26712
26713,web,dev_26713
26714,web,dev_26714
26715,web,dev_26715
26716,ml,dev_26716
26717,web,dev_26717
26718,web,dev_26718
26719,ml,dev_26719
26720,web,dev_26720
26721,web,dev_26721
26722,web,dev_26722
26723,ml,dev_26723
26724,ml,dev_26724
26725,web,dev_26725
26726,ml,dev_26726
26727,ml,dev_26727
26728,web,dev_26728
26729,ml,dev_26729
26730,web,dev_26730
26731,web,dev_26731
26732,web,dev_26732
26733,web,dev_26733
26734,web,dev_26734
26735,web,dev_26735
26736,ml,dev_26736
26737,ml,dev_26737
26738,ml,dev_26738
26739,ml,dev_26739
26740,ml,dev_26740
26741,ml,dev_26741
26742,ml,dev_26742
26743,ml,dev_26743
26744,web,dev_26744
26745,web,dev_26745
26746,web,dev_26746
26747,ml,dev_26747
26748,web,dev_26748
26749,ml,dev_26749
26750,web,dev_26750
26751,ml,dev_26751
26752,ml,dev_26752
26753,ml,dev_26753
26754,ml,dev_26754
26755,ml,dev_26755
26756,ml,dev_26756
26757,web,dev_26757
26758,ml,dev_26758
26759,ml,dev_26759
26760,web,dev_26760
26761,ml,dev_26761
26762,web,dev_26762
26763,ml,dev_26763
26764,web,dev_26764
26765,web,dev_26765
26766,web,dev_26766
26767,ml,dev_26767
26768,ml,dev_26768
26769,web,dev_26769
26770,web,dev_26770
26771,web,dev_26771
26772,web,dev_26772
26773,ml,dev_26773
26774,ml,dev_26774
26775,web,dev_26775
26776,web,dev_26776
26777,web,dev_26777
26778,ml,dev_26778
26779,web,dev_26779
26780,web,dev_26780
26781,web,dev_26781
26782,ml,dev_26782
26783,ml,dev_26783
26784,ml,dev_26784
26785,ml,dev_26785
26786,web,dev_26786
26787,web,dev_26787
26788,web,dev_26788
26789,ml,dev_26789
26790,web,dev_26790
26791,web,dev_26791
26792,web,dev_26792
26793,ml,dev_26793
26794,web,dev_26794
26795,web,dev_26795
26796,ml,dev_26796
26797,web,dev_26797
26798,ml,dev_26798
26799,web,dev_26799
26800,web,dev_26800
26801,ml,dev_26801
26802,ml,dev_26802
26803,web,dev_26803
26804,web,dev_26804
26805,ml,dev_26805
26806,web,dev_26806
26807,web,dev_26807
26808,web,dev_26808
26809,ml,dev_26809
26810,ml,dev_26810
26811,ml,dev_26811
26812,web,dev_26812
26813,web,dev_26813
26814,ml,dev_26814
26815,ml,dev_26815
26816,ml,dev_26816
26817,web,dev_26817
26818,ml,dev_26818
26819,ml,dev_26819
26820,web,dev_26820
26821,ml,dev_26821
26822,ml,dev_26822
26823,web,dev_26823
26824,web,dev_26824
26825,ml,dev_26825
26826,web,dev_26826
26827,ml,dev_26827
26828,web,dev_26828
26829,ml,dev_26829
26830,ml,dev_26830
26831,ml,dev_26831
26832,ml,dev_26832
26833,web,dev_26833
26834,web,dev_26834
26835,web,dev_26835
26836,web,dev_26836
26837,ml,dev_26837
26838,web,dev_26838
26839,ml,dev_26839
26840,ml,dev_26840
26841,web,dev_26841
26842,web,dev_26842
26843,web,dev_26843
26844,ml,dev_26844
26845,ml,dev_26845
26846,ml,dev_26846
26847,ml,dev_26847
26848,ml,dev_26848
26849,ml,dev_26849
26850,ml,dev_26850
26851,web,dev_26851
26852,ml,dev_26852
26853,web,dev_26853
26854,web,dev_26854
26855,ml,dev_26855
26856,ml,dev_26856
26857,ml,dev_26857
26858,ml,dev_26858
26859,ml,dev_26859
26860,web,dev_26860
26861,web,dev_26861
26862,web,dev_26862
26863,ml,dev_26863
26864,ml,dev_26864
26865,ml,dev_26865
26866,web,dev_26866
26867,web,dev_26867
26868,ml,dev_26868
26869,ml,dev_26869
26870,ml,dev_26870
26871,ml,dev_26871
26872,web,dev_26872
26873,web,dev_26873
26874,web,dev_26874
26875,ml,dev_26875
26876,web,dev_26876
26877,web,dev_26877
26878,web,dev_26878
26879,ml,dev_26879
26880,web,dev_26880
26881,ml,dev_26881
26882,web,dev_26882
26883,web,dev_26883
26884,web,dev_26884
26885,web,dev_26885
26886,ml,dev_26886
26887,ml,dev_26887
26888,web,dev_26888
26889,web,dev_26889
26890,web,dev_26890
26891,ml,dev_26891
26892,web,dev_26892
26893,web,dev_26893
26894,web,dev_26894
26895,web,dev_26895
26896,web,dev_26896
26897,ml,dev_26897
26898,web,dev_26898
26899,ml,dev_26899
26900,web,dev_26900
26901,web,dev_26901
26902,web,dev_26902
26903,web,dev_26903
26904,web,dev_26904
26905,web,dev_26905
26906,web,dev_26906
26907,ml,dev_26907
26908,web,dev_26908
26909,ml,dev_26909
26910,web,dev_26910
26911,web,dev_26911
26912,web,dev_26912
26913,web,dev_26913
26914,web,dev_26914
26915,web,dev_26915
26916,ml,dev_26916
26917,ml,dev_26917
26918,ml,dev_26918
26919,web,dev_26919
26920,web,dev_26920
26921,ml,dev_26921
26922,ml,dev_26922
26923,web,dev_26923
26924,web,dev_26924
26925,ml,dev_26925
26926,ml,dev_26926
26927,ml,dev_26927
26928,ml,dev_26928
26929,web,dev_26929
26930,ml,dev_26930
26931,web,dev_26931
26932,ml,dev_26932
26933,web,dev_26933
26934,ml,dev_26934
26935,ml,dev_26935
26936,ml,dev_26936
26937,web,dev_26937
26938,ml,dev_26938
26939,web,dev_26939
26940,ml,dev_26940
26941,ml,dev_26941
26942,web,dev_26942
26943,web,dev_26943
26944,web,dev_26944
26945,ml,dev_26945
26946,web,dev_26946
26947,web,dev_26947
26948,ml,dev_26948
26949,ml,dev_26949
26950,ml,dev_26950
26951,web,dev_26951
26952,ml,dev_26952
26953,web,dev_26953
26954,web,dev_26954
26955,web,dev_26955
26956,ml,dev_26956
26957,web,dev_26957
26958,web,dev_26958
26959,ml,dev_26959
26960,web,dev_26960
26961,ml,dev_26961
26962,ml,dev_26962
26963,web,dev_26963
26964,ml,dev_26964
26965,web,dev_26965
26966,ml,dev_26966
26967,web,dev_26967
26968,web,dev_26968
26969,web,dev_26969
26970,ml,dev_26970
26971,ml,dev_26971
26972,web,dev_26972
26973,ml,dev_26973
26974,web,dev_26974
26975,web,dev_26975
26976,web,dev_26976
26977,web,dev_26977
26978,web,dev_26978
26979,web,dev_26979
26980,web,dev_26980
26981,web,dev_26981
26982,ml,dev_26982
26983,web,dev_26983
26984,ml,dev_26984
26985,ml,dev_26985
26986,web,dev_26986
26987,ml,dev_26987
26988,ml,dev_26988
26989,ml,dev_26989
26990,ml,dev_26990
26991,web,dev_26991
26992,web,dev_26992
26993,web,dev_26993
26994,ml,dev_26994
26995,web,dev_26995
26996,web,dev_26996
26997,web,dev_26997
26998,web,dev_26998
26999,ml,dev_26999
27000,ml,dev_27000
27001,web,dev_27001
27002,web,dev_27002
27003,web,dev_27003
27004,ml,dev_27004
27005,web,dev_27005
27006,web,dev_27006
27007,web,dev_27007
27008,ml,dev_27008
27009,web,dev_27009
27010,ml,dev_27010
27011,web,dev_27011
27012,ml,dev_27012
27013,ml,dev_27013
27014,web,dev_27014
27015,web,dev_27015
27016,ml,dev_27016
27017,web,dev_27017
27018,web,dev_27018
27019,ml,dev_27019
27020,web,dev_27020
27021,ml,dev_27021
27022,ml,dev_27022
27023,web,dev_27023
27024,ml,dev_27024
27025,web,dev_27025
27026,web,dev_27026
27027,web,dev_27027
27028,web,dev_27028
27029,web,dev_27029
27030,ml,dev_27030
27031,web,dev_27031
27032,web,dev_27032
27033,ml,dev_27033
27034,ml,dev_27034
27035,ml,dev_27035
27036,ml,dev_27036
27037,web,dev_27037
27038,ml,dev_27038
27039,ml,dev_27039
27040,web,dev_27040
27041,ml,dev_27041
27042,ml,dev_27042
27043,web,dev_27043
27044,web,dev_27044
27045,web,dev_27045
27046,web,dev_27046
27047,web,dev_27047
27048,ml,dev_27048
27049,ml,dev_27049
27050,ml,dev_27050
27051,web,dev_27051
27052,web,dev_27052
27053,web,dev_27053
27054,ml,dev_27054
27055,web,dev_27055
27056,ml,dev_27056
27057,web,dev_27057
27058,web,dev_27058
27059,web,dev_27059
27060,web,dev_27060
27061,ml,dev_27061
27062,ml,dev_27062
27063,ml,dev_27063
27064,web,dev_27064
27065,web,dev_27065
27066,web,dev_27066
27067,web,dev_27067
27068,ml,dev_27068
27069,ml,dev_27069
27070,web,dev_27070
27071,web,dev_27071
27072,ml,dev_27072
27073,web,dev_27073
27074,ml,dev_27074
27075,ml,dev_27075
27076,ml,dev_27076
27077,web,dev_27077
27078,ml,dev_27078
27079,ml,dev_27079
27080,ml,dev_27080
27081,ml,dev_27081
27082,ml,dev_27082
27083,web,dev_27083
27084,web,dev_27084
27085,ml,dev_27085
27086,web,dev_27086
27087,web,dev_27087
27088,ml,dev_27088
27089,web,dev_27089
27090,ml,dev_27090
27091,ml,dev_27091
27092,ml,dev_27092
27093,web,dev_27093
27094,ml,dev_27094
27095,web,dev_27095
27096,ml,dev_27096
27097,ml,dev_27097
27098,ml,dev_27098
27099,ml,dev_27099
27100,ml,dev_27100
27101,ml,dev_27101
27102,ml,dev_27102
27103,ml,dev_27103
27104,ml,dev_27104
27105,web,dev_27105
27106,ml,dev_27106
27107,ml,dev_27107
27108,ml,dev_27108
27109,web,dev_27109
27110,web,dev_27110
27111,ml,dev_27111
27112,ml,dev_27112
27113,ml,dev_27113
27114,ml,dev_27114
27115,web,dev_27115
27116,ml,dev_27116
27117,ml,dev_27117
27118,ml,dev_27118
27119,ml,dev_27119
27120,ml,dev_27120
27121,ml,dev_27121
27122,web,dev_27122
27123,web,dev_27123
27124,web,dev_27124
27125,ml,dev_27125
27126,ml,dev_27126
27127,web,dev_27127
27128,web,dev_27128
27129,ml,dev_27129
27130,ml,dev_27130
27131,ml,dev_27131
27132,ml,dev_27132
27133,web,dev_27133
27134,web,dev_27134
27135,web,dev_27135
27136,web,dev_27136
27137,ml,dev_27137
27138,ml,dev_27138
27139,ml,dev_27139
27140,ml,dev_27140
27141,ml,dev_27141
27142,web,dev_27142
27143,web,dev_27143
27144,ml,dev_27144
27145,ml,dev_27145
27146,ml,dev_27146
27147,ml,dev_27147
27148,web,dev_27148
27149,web,dev_27149
27150,web,dev_27150
27151,web,dev_27151
27152,web,dev_27152
27153,web,dev_27153
27154,web,dev_27154
27155,ml,dev_27155
27156,ml,dev_27156
27157,web,dev_27157
27158,web,dev_27158
27159,ml,dev_27159
27160,web,dev_27160
27161,ml,dev_27161
27162,web,dev_27162
27163,ml,dev_27163
27164,web,dev_27164
27165,web,dev_27165
27166,ml,dev_27166
27167,ml,dev_27167
27168,web,dev_27168
27169,ml,dev_27169
27170,ml,dev_27170
27171,web,dev_27171
27172,ml,dev_27172
27173,ml,dev_27173
27174,ml,dev_27174
27175,web,dev_27175
27176,web,dev_27176
27177,web,dev_27177
27178,web,dev_27178
27179,web,dev_27179
27180,ml,dev_27180
27181,web,dev_27181
27182,ml,dev_27182
27183,web,dev_27183
27184,web,dev_27184
27185,ml,dev_27185
27186,ml,dev_27186
27187,web,dev_27187
27188,ml,dev_27188
27189,ml,dev_27189
27190,ml,dev_27190
27191,web,dev_27191
27192,web,dev_27192
27193,ml,dev_27193
27194,web,dev_27194
27195,ml,dev_27195
27196,ml,dev_27196
27197,web,dev_27197
27198,ml,dev_27198
27199,ml,dev_27199
27200,web,dev_27200
27201,ml,dev_27201
27202,ml,dev_27202
27203,web,dev_27203
27204,ml,dev_27204
27205,web,dev_27205
27206,ml,dev_27206
27207,web,dev_27207
27208,web,dev_27208
27209,ml,dev_27209
27210,web,dev_27210
27211,web,dev_27211
27212,web,dev_27212
27213,ml,dev_27213
27214,ml,dev_27214
27215,web,dev_27215
27216,web,dev_27216
27217,ml,dev_27217
27218,ml,dev_27218
27219,web,dev_27219
27220,ml,dev_27220
27221,web,dev_27221
27222,ml,dev_27222
27223,web,dev_27223
27224,ml,dev_27224
27225,web,dev_27225
27226,web,dev_27226
27227,web,dev_27227
27228,ml,dev_27228
27229,web,dev_27229
27230,web,dev_27230
27231,ml,dev_27231
27232,web,dev_27232
27233,web,dev_27233
27234,web,dev_27234
27235,ml,dev_27235
27236,web,dev_27236
27237,web,dev_27237
27238,ml,dev_27238
27239,ml,dev_27239
27240,ml,dev_27240
27241,web,dev_27241
27242,ml,dev_27242
27243,web,dev_27243
27244,ml,dev_27244
27245,ml,dev_27245
27246,ml,dev_27246
27247,web,dev_27247
27248,ml,dev_27248
27249,ml,dev_27249
27250,ml,dev_27250
27251,ml,dev_27251
27252,ml,dev_27252
27253,web,dev_27253
27254,web,dev_27254
27255,ml,dev_27255
27256,ml,dev_27256
27257,web,dev_27257
27258,web,dev_27258
27259,ml,dev_27259
27260,ml,dev_27260
27261,ml,dev_27261
27262,web,dev_27262
27263,web,dev_27263
27264,web,dev_27264
27265,web,dev_27265
27266,web,dev_27266
27267,web,dev_27267
27268,ml,dev_27268
27269,ml,dev_27269
27270,web,dev_27270
27271,web,dev_27271
27272,ml,dev_27272
27273,ml,dev_27273
27274,ml,dev_27274
27275,web,dev_27275
27276,web,dev_27276
27277,ml,dev_27277
27278,web,dev_27278
27279,web,dev_27279
27280,ml,dev_27280
27281,web,dev_27281
27282,web,dev_27282
27283,ml,dev_27283
27284,web,dev_27284
27285,ml,dev_27285
27286,ml,dev_27286
27287,ml,dev_27287
27288,ml,dev_27288
27289,web,dev_27289
27290,web,dev_27290
27291,web,dev_27291
27292,web,dev_27292
27293,ml,dev_27293
27294,web,dev_27294
27295,ml,dev_27295
27296,ml,dev_27296
27297,ml,dev_27297
27298,ml,dev_27298
27299,web,dev_27299
27300,ml,dev_27300
27301,ml,dev_27301
27302,web,dev_27302
27303,web,dev_27303
27304,web,dev_27304
27305,web,dev_27305
27306,web,dev_27306
27307,web,dev_27307
27308,ml,dev_27308
27309,ml,dev_27309
27310,ml,dev_27310
27311,web,dev_27311
27312,web,dev_27312
27313,ml,dev_27313
27314,web,dev_27314
27315,web,dev_27315
27316,ml,dev_27316
27317,web,dev_27317
27318,ml,dev_27318
27319,ml,dev_27319
27320,web,dev_27320
27321,ml,dev_27321
27322,ml,dev_27322
27323,ml,dev_27323
27324,ml,dev_27324
27325,web,dev_27325
27326,ml,dev_27326
27327,ml,dev_27327
27328,ml,dev_27328
27329,ml,dev_27329
27330,web,dev_27330
27331,ml,dev_27331
27332,ml,dev_27332
27333,web,dev_27333
27334,web,dev_27334
27335,ml,dev_27335
27336,ml,dev_27336
27337,ml,dev_27337
27338,ml,dev_27338
27339,web,dev_27339
27340,ml,dev_27340
27341,web,dev_27341
27342,web,dev_27342
27343,ml,dev_27343
27344,web,dev_27344
27345,ml,dev_27345
27346,web,dev_27346
27347,ml,dev_27347
27348,web,dev_27348
27349,ml,dev_27349
27350,web,dev_27350
27351,ml,dev_27351
27352,web,dev_27352
27353,ml,dev_27353
27354,web,dev_27354
27355,web,dev_27355
27356,ml,dev_27356
27357,ml,dev_27357
27358,ml,dev_27358
27359,web,dev_27359
27360,web,dev_27360
27361,ml,dev_27361
27362,ml,dev_27362
27363,ml,dev_27363
27364,ml,dev_27364
27365,web,dev_27365
27366,web,dev_27366
27367,ml,dev_27367
27368,web,dev_27368
27369,web,dev_27369
27370,ml,dev_27370
27371,web,dev_27371
27372,web,dev_27372
27373,web,dev_27373
27374,ml,dev_27374
27375,web,dev_27375
27376,ml,dev_27376
27377,ml,dev_27377
27378,ml,dev_27378
27379,web,dev_27379
27380,ml,dev_27380
27381,web,dev_27381
27382,ml,dev_27382
27383,ml,dev_27383
27384,ml,dev_27384
27385,web,dev_27385
27386,web,dev_27386
27387,web,dev_27387
27388,web,dev_27388
27389,web,dev_27389
27390,web,dev_27390
27391,ml,dev_27391
27392,web,dev_27392
27393,ml,dev_27393
27394,web,dev_27394
27395,web,dev_27395
27396,ml,dev_27396
27397,ml,dev_27397
27398,ml,dev_27398
27399,ml,dev_27399
27400,ml,dev_27400
27401,web,dev_27401
27402,web,dev_27402
27403,web,dev_27403
27404,ml,dev_27404
27405,ml,dev_27405
27406,ml,dev_27406
27407,web,dev_27407
27408,ml,dev_27408
27409,web,dev_27409
27410,ml,dev_27410
27411,ml,dev_27411
27412,web,dev_27412
27413,web,dev_27413
27414,web,dev_27414
27415,web,dev_27415
27416,ml,dev_27416
27417,web,dev_27417
27418,ml,dev_27418
27419,ml,dev_27419
27420,ml,dev_27420
27421,web,dev_27421
27422,web,dev_27422
27423,ml,dev_27423
27424,ml,dev_27424
27425,web,dev_27425
27426,ml,dev_27426
27427,web,dev_27427
27428,ml,dev_27428
27429,ml,dev_27429
27430,web,dev_27430
27431,ml,dev_27431
27432,web,dev_27432
27433,ml,dev_27433
27434,web,dev_27434
27435,web,dev_27435
27436,web,dev_27436
27437,ml,dev_27437
27438,web,dev_27438
27439,web,dev_27439
27440,web,dev_27440
27441,ml,dev_27441
27442,web,dev_27442
27443,ml,dev_27443
27444,ml,dev_27444
27445,web,dev_27445
27446,ml,dev_27446
27447,web,dev_27447
27448,web,dev_27448
27449,web,dev_27449
27450,ml,dev_27450
27451,ml,dev_27451
27452,web,dev_27452
27453,ml,dev_27453
27454,ml,dev_27454
27455,ml,dev_27455
27456,web,dev_27456
27457,web,dev_27457
27458,web,dev_27458
27459,ml,dev_27459
27460,web,dev_27460
27461,ml,dev_27461
27462,ml,dev_27462
27463,ml,dev_27463
27464,web,dev_27464
27465,web,dev_27465
27466,web,dev_27466
27467,ml,dev_27467
27468,web,dev_27468
27469,ml,dev_27469
27470,web,dev_27470
27471,ml,dev_27471
27472,web,dev_27472
27473,ml,dev_27473
27474,ml,dev_27474
27475,web,dev_27475
27476,web,dev_27476
27477,web,dev_27477
27478,web,dev_27478
27479,web,dev_27479
27480,web,dev_27480
27481,ml,dev_27481
27482,ml,dev_27482
27483,web,dev_27483
27484,web,dev_27484
27485,web,dev_27485
27486,web,dev_27486
27487,ml,dev_27487
27488,ml,dev_27488
27489,web,dev_27489
27490,ml,dev_27490
27491,web,dev_27491
27492,web,dev_27492
27493,web,dev_27493
27494,web,dev_27494
27495,web,dev_27495
27496,ml,dev_27496
27497,web,dev_27497
27498,web,dev_27498
27499,ml,dev_27499
27500,web,dev_27500
27501,ml,dev_27501
27502,ml,dev_27502
27503,web,dev_27503
27504,ml,dev_27504
27505,ml,dev_27505
27506,ml,dev_27506
27507,ml,dev_27507
27508,web,dev_27508
27509,web,dev_27509
27510,ml,dev_27510
27511,web,dev_27511
27512,ml,dev_27512
27513,ml,dev_27513
27514,ml,dev_27514
27515,web,dev_27515
27516,ml,dev_27516
27517,ml,dev_27517
27518,ml,dev_27518
27519,web,dev_27519
27520,ml,dev_27520
27521,web,dev_27521
27522,web,dev_27522
27523,ml,dev_27523
27524,ml,dev_27524
27525,web,dev_27525
27526,web,dev_27526
27527,web,dev_27527
27528,web,dev_27528
27529,web,dev_27529
27530,web,dev_27530
27531,web,dev_27531
27532,ml,dev_27532
27533,web,dev_27533
27534,web,dev_27534
27535,ml,dev_27535
27536,web,dev_27536
27537,web,dev_27537
27538,web,dev_27538
27539,web,dev_27539
27540,web,dev_27540
27541,web,dev_27541
27542,web,dev_27542
27543,web,dev_27543
27544,web,dev_27544
27545,web,dev_27545
27546,ml,dev_27546
27547,web,dev_27547
27548,ml,dev_27548
27549,ml,dev_27549
27550,web,dev_27550
27551,web,dev_27551
27552,ml,dev_27552
27553,ml,dev_27553
27554,web,dev_27554
27555,ml,dev_27555
27556,web,dev_27556
27557,ml,dev_27557
27558,ml,dev_27558
27559,ml,dev_27559
27560,web,dev_27560
27561,ml,dev_27561
27562,web,dev_27562
27563,ml,dev_27563
27564,ml,dev_27564
27565,web,dev_27565
27566,web,dev_27566
27567,web,dev_27567
27568,ml,dev_27568
27569,web,dev_27569
27570,ml,dev_27570
27571,web,dev_27571
27572,ml,dev_27572
27573,ml,dev_27573
27574,web,dev_27574
27575,ml,dev_27575
27576,web,dev_27576
27577,ml,dev_27577
27578,web,dev_27578
27579,ml,dev_27579
27580,ml,dev_27580
27581,web,dev_27581
27582,ml,dev_27582
27583,web,dev_27583
27584,ml,dev_27584
27585,ml,dev_27585
27586,web,dev_27586
27587,ml,dev_27587
27588,web,dev_27588
27589,web,dev_27589
27590,web,dev_27590
27591,ml,dev_27591
27592,ml,dev_27592
27593,ml,dev_27593
27594,web,dev_27594
27595,ml,dev_27595
27596,ml,dev_27596
27597,ml,dev_27597
27598,ml,dev_27598
27599,ml,dev_27599
27600,ml,dev_27600
27601,web,dev_27601
27602,ml,dev_27602
27603,ml,dev_27603
27604,web,dev_27604
27605,ml,dev_27605
27606,web,dev_27606
27607,web,dev_27607
27608,ml,dev_27608
27609,web,dev_27609
27610,web,dev_27610
27611,ml,dev_27611
27612,web,dev_27612
27613,web,dev_27613
27614,web,dev_27614
27615,ml,dev_27615
27616,web,dev_27616
27617,ml,dev_27617
27618,ml,dev_27618
27619,web,dev_27619
27620,ml,dev_27620
27621,web,dev_27621
27622,ml,dev_27622
27623,web,dev_27623
27624,web,dev_27624
27625,web,dev_27625
27626,ml,dev_27626
27627,ml,dev_27627
27628,web,dev_27628
27629,web,dev_27629
27630,ml,dev_27630
27631,web,dev_27631
27632,web,dev_27632
27633,web,dev_27633
27634,ml,dev_27634
27635,ml,dev_27635
27636,web,dev_27636
27637,ml,dev_27637
27638,ml,dev_27638
27639,web,dev_27639
27640,web,dev_27640
27641,web,dev_27641
27642,ml,dev_27642
27643,ml,dev_27643
27644,web,dev_27644
27645,web,dev_27645
27646,web,dev_27646
27647,ml,dev_27647
27648,ml,dev_27648
27649,web,dev_27649
27650,ml,dev_27650
27651,ml,dev_27651
27652,web,dev_27652
27653,web,dev_27653
27654,web,dev_27654
27655,web,dev_27655
27656,web,dev_27656
27657,web,dev_27657
27658,ml,dev_27658
27659,web,dev_27659
27660,ml,dev_27660
27661,ml,dev_27661
27662,ml,dev_27662
27663,ml,dev_27663
27664,ml,dev_27664
27665,web,dev_27665
27666,ml,dev_27666
27667,ml,dev_27667
27668,web,dev_27668
27669,ml,dev_27669
27670,ml,dev_27670
27671,web,dev_27671
27672,ml,dev_27672
27673,ml,dev_27673
27674,web,dev_27674
27675,web,dev_27675
27676,ml,dev_27676
27677,ml,dev_27677
27678,web,dev_27678
27679,ml,dev_27679
27680,web,dev_27680
27681,web,dev_27681
27682,web,dev_27682
27683,ml,dev_27683
27684,ml,dev_27684
27685,ml,dev_27685
27686,ml,dev_27686
27687,web,dev_27687
27688,ml,dev_27688
27689,ml,dev_27689
27690,ml,dev_27690
27691,ml,dev_27691
27692,ml,dev_27692
27693,ml,dev_27693
27694,ml,dev_27694
27695,ml,dev_27695
27696,ml,dev_27696
27697,ml,dev_27697
27698,web,dev_27698
27699,web,dev_27699
27700,ml,dev_27700
27701,web,dev_27701
27702,web,dev_27702
27703,web,dev_27703
27704,web,dev_27704
27705,ml,dev_27705
27706,ml,dev_27706
27707,ml,dev_27707
27708,ml,dev_27708
27709,web,dev_27709
27710,web,dev_27710
27711,web,dev_27711
27712,ml,dev_27712
27713,web,dev_27713
27714,web,dev_27714
27715,web,dev_27715
27716,web,dev_27716
27717,ml,dev_27717
27718,web,dev_27718
27719,web,dev_27719
27720,ml,dev_27720
27721,ml,dev_27721
27722,ml,dev_27722
27723,web,dev_27723
27724,web,dev_27724
27725,web,dev_27725
27726,web,dev_27726
27727,ml,dev_27727
27728,ml,dev_27728
27729,web,dev_27729
27730,web,dev_27730
27731,ml,dev_27731
27732,web,dev_27732
27733,ml,dev_27733
27734,web,dev_27734
27735,ml,dev_27735
27736,web,dev_27736
27737,web,dev_27737
27738,ml,dev_27738
27739,web,dev_27739
27740,web,dev_27740
27741,ml,dev_27741
27742,web,dev_27742
27743,ml,dev_27743
27744,web,dev_27744
27745,web,dev_27745
27746,ml,dev_27746
27747,web,dev_27747
27748,ml,dev_27748
27749,ml,dev_27749
27750,web,dev_27750
27751,web,dev_27751
27752,web,dev_27752
27753,web,dev_27753
27754,web,dev_27754
27755,ml,dev_27755
27756,web,dev_27756
27757,ml,dev_27757
27758,web,dev_27758
27759,ml,dev_27759
27760,ml,dev_27760
27761,web,dev_27761
27762,web,dev_27762
27763,web,dev_27763
27764,ml,dev_27764
27765,ml,dev_27765
27766,ml,dev_27766
27767,web,dev_27767
27768,ml,dev_27768
27769,web,dev_27769
27770,web,dev_27770
27771,ml,dev_27771
27772,web,dev_27772
27773,ml,dev_27773
27774,ml,dev_27774
27775,web,dev_27775
27776,ml,dev_27776
27777,web,dev_27777
27778,web,dev_27778
27779,web,dev_27779
27780,ml,dev_27780
27781,web,dev_27781
27782,ml,dev_27782
27783,ml,dev_27783
27784,web,dev_27784
27785,web,dev_27785
27786,ml,dev_27786
27787,web,dev_27787
27788,web,dev_27788
27789,ml,dev_27789
27790,ml,dev_27790
27791,ml,dev_27791
27792,web,dev_27792
27793,web,dev_27793
27794,web,dev_27794
27795,ml,dev_27795
27796,ml,dev_27796
27797,web,dev_27797
27798,web,dev_27798
27799,web,dev_27799
27800,ml,dev_27800
27801,ml,dev_27801
27802,ml,dev_27802
27803,ml,dev_27803
27804,web,dev_27804
27805,web,dev_27805
27806,ml,dev_27806
27807,web,dev_27807
27808,web,dev_27808
27809,ml,dev_27809
27810,ml,dev_27810
27811,web,dev_27811
27812,web,dev_27812
27813,ml,dev_27813
27814,ml,dev_27814
27815,ml,dev_27815
27816,ml,dev_27816
27817,ml,dev_27817
27818,ml,dev_27818
27819,web,dev_27819
27820,ml,dev_27820
27821,web,dev_27821
27822,ml,dev_27822
27823,ml,dev_27823
27824,web,dev_27824
27825,ml,dev_27825
27826,web,dev_27826
27827,ml,dev_27827
27828,web,dev_27828
27829,web,dev_27829
27830,ml,dev_27830
27831,web,dev_27831
27832,web,dev_27832
27833,web,dev_27833
27834,web,dev_27834
27835,web,dev_27835
27836,web,dev_27836
27837,ml,dev_27837
27838,web,dev_27838
27839,web,dev_27839
27840,web,dev_27840
27841,ml,dev_27841
27842,ml,dev_27842
27843,web,dev_27843
27844,web,dev_27844
27845,ml,dev_27845
27846,web,dev_27846
27847,ml,dev_27847
27848,ml,dev_27848
27849,ml,dev_27849
27850,ml,dev_27850
27851,web,dev_27851
27852,web,dev_27852
27853,web,dev_27853
27854,ml,dev_27854
27855,web,dev_27855
27856,ml,dev_27856
27857,ml,dev_27857
27858,web,dev_27858
27859,web,dev_27859
27860,web,dev_27860
27861,ml,dev_27861
27862,ml,dev_27862
27863,ml,dev_27863
27864,ml,dev_27864
27865,web,dev_27865
27866,web,dev_27866
27867,web,dev_27867
27868,web,dev_27868
27869,web,dev_27869
27870,ml,dev_27870
27871,ml,dev_27871
27872,web,dev_27872
27873,ml,dev_27873
27874,ml,dev_27874
27875,web,dev_27875
27876,ml,dev_27876
27877,ml,dev_27877
27878,web,dev_27878
27879,web,dev_27879
27880,web,dev_27880
27881,web,dev_27881
27882,ml,dev_27882
27883,web,dev_27883
27884,web,dev_27884
27885,web,dev_27885
27886,ml,dev_27886
27887,ml,dev_27887
27888,web,dev_27888
27889,web,dev_27889
27890,ml,dev_27890
27891,ml,dev_27891
27892,ml,dev_27892
27893,ml,dev_27893
27894,web,dev_27894
27895,web,dev_27895
27896,ml,dev_27896
27897,ml,dev_27897
27898,ml,dev_27898
27899,ml,dev_27899
27900,ml,dev_27900
27901,web,dev_27901
27902,web,dev_27902
27903,ml,dev_27903
27904,web,dev_27904
27905,ml,dev_27905
27906,web,dev_27906
27907,web,dev_27907
27908,ml,dev_27908
27909,web,dev_27909
27910,ml,dev_27910
27911,ml,dev_27911
27912,web,dev_27912
27913,web,dev_27913
27914,ml,dev_27914
27915,web,dev_27915
27916,ml,dev_27916
27917,ml,dev_27917
27918,ml,dev_27918
27919,web,dev_27919
27920,web,dev_27920
27921,web,dev_27921
27922,ml,dev_27922
27923,ml,dev_27923
27924,ml,dev_27924
27925,ml,dev_27925
27926,ml,dev_27926
27927,web,dev_27927
27928,web,dev_27928
27929,web,dev_27929
27930,ml,dev_27930
27931,ml,dev_27931
27932,web,dev_27932
27933,web,dev_27933
27934,ml,dev_27934
27935,ml,dev_27935
27936,ml,dev_27936
27937,web,dev_27937
27938,web,dev_27938
27939,ml,dev_27939
27940,ml,dev_27940
27941,web,dev_27941
27942,web,dev_27942
27943,web,dev_27943
27944,ml,dev_27944
27945,ml,dev_27945
27946,web,dev_27946
27947,ml,dev_27947
27948,web,dev_27948
27949,ml,dev_27949
27950,ml,dev_27950
27951,web,dev_27951
27952,ml,dev_27952
27953,ml,dev_27953
27954,ml,dev_27954
27955,web,dev_27955
27956,ml,dev_27956
27957,web,dev_27957
27958,web,dev_27958
27959,web,dev_27959
27960,web,dev_27960
27961,ml,dev_27961
27962,ml,dev_27962
27963,ml,dev_27963
27964,web,dev_27964
27965,web,dev_27965
27966,ml,dev_27966
27967,web,dev_27967
27968,ml,dev_27968
27969,ml,dev_27969
27970,ml,dev_27970
27971,ml,dev_27971
27972,web,dev_27972
27973,web,dev_27973
27974,web,dev_27974
27975,ml,dev_27975
27976,web,dev_27976
27977,web,dev_27977
27978,web,dev_27978
27979,ml,dev_27979
27980,ml,dev_27980
27981,ml,dev_27981
27982,ml,dev_27982
27983,ml,dev_27983
27984,web,dev_27984
27985,web,dev_27985
27986,web,dev_27986
27987,web,dev_27987
27988,web,dev_27988
27989,ml,dev_27989
27990,ml,dev_27990
27991,web,dev_27991
27992,ml,dev_27992
27993,web,dev_27993
27994,web,dev_27994
27995,ml,dev_27995
27996,web,dev_27996
27997,web,dev_27997
27998,ml,dev_27998
27999,ml,dev_27999
28000,web,dev_28000
28001,ml,dev_28001
28002,web,dev_28002
28003,web,dev_28003
28004,ml,dev_28004
28005,ml,dev_28005
28006,ml,dev_28006
28007,web,dev_28007
28008,ml,dev_28008
28009,web,dev_28009
28010,web,dev_28010
28011,web,dev_28011
28012,ml,dev_28012
28013,ml,dev_28013
28014,web,dev_28014
28015,web,dev_28015
28016,web,dev_28016
28017,web,dev_28017
28018,ml,dev_28018
28019,ml,dev_28019
28020,ml,dev_28020
28021,ml,dev_28021
28022,web,dev_28022
28023,ml,dev_28023
28024,ml,dev_28024
28025,web,dev_28025
28026,ml,dev_28026
28027,ml,dev_28027
28028,ml,dev_28028
28029,ml,dev_28029
28030,web,dev_28030
28031,ml,dev_28031
28032,web,dev_28032
28033,ml,dev_28033
28034,ml,dev_28034
28035,web,dev_28035
28036,web,dev_28036
28037,web,dev_28037
28038,ml,dev_28038
28039,ml,dev_28039
28040,web,dev_28040
28041,web,dev_28041
28042,web,dev_28042
28043,web,dev_28043
28044,ml,dev_28044
28045,ml,dev_28045
28046,web,dev_28046
28047,web,dev_28047
28048,ml,dev_28048
28049,web,dev_28049
28050,ml,dev_28050
28051,web,dev_28051
28052,web,dev_28052
28053,web,dev_28053
28054,ml,dev_28054
28055,ml,dev_28055
28056,web,dev_28056
28057,web,dev_28057
28058,web,dev_28058
28059,web,dev_28059
28060,ml,dev_28060
28061,web,dev_28061
28062,ml,dev_28062
28063,ml,dev_28063
28064,web,dev_28064
28065,ml,dev_28065
28066,ml,dev_28066
28067,ml,dev_28067
28068,ml,dev_28068
28069,web,dev_28069
28070,ml,dev_28070
28071,web,dev_28071
28072,web,dev_28072
28073,web,dev_28073
28074,ml,dev_28074
28075,web,dev_28075
28076,web,dev_28076
28077,ml,dev_28077
28078,ml,dev_28078
28079,web,dev_28079
28080,web,dev_28080
28081,ml,dev_28081
28082,ml,dev_28082
28083,ml,dev_28083
28084,web,dev_28084
28085,web,dev_28085
28086,web,dev_28086
28087,ml,dev_28087
28088,web,dev_28088
28089,web,dev_28089
28090,web,dev_28090
28091,web,dev_28091
28092,ml,dev_28092
28093,ml,dev_28093
28094,web,dev_28094
28095,web,dev_28095
28096,web,dev_28096
28097,ml,dev_28097
28098,web,dev_28098
28099,web,dev_28099
28100,web,dev_28100
28101,web,dev_28101
28102,web,dev_28102
28103,ml,dev_28103
28104,ml,dev_28104
28105,web,dev_28105
28106,ml,dev_28106
28107,ml,dev_28107
28108,web,dev_28108
28109,web,dev_28109
28110,web,dev_28110
28111,ml,dev_28111
28112,web,dev_28112
28113,ml,dev_28113
28114,ml,dev_28114
28115,web,dev_28115
28116,ml,dev_28116
28117,ml,dev_28117
28118,web,dev_28118
28119,ml,dev_28119
28120,ml,dev_28120
28121,web,dev_28121
28122,ml,dev_28122
28123,web,dev_28123
28124,ml,dev_28124
28125,ml,dev_28125
28126,web,dev_28126
28127,web,dev_28127
28128,ml,dev_28128
28129,ml,dev_28129
28130,web,dev_28130
28131,web,dev_28131
28132,web,dev_28132
28133,web,dev_28133
28134,web,dev_28134
28135,web,dev_28135
28136,web,dev_28136
28137,web,dev_28137
28138,ml,dev_28138
28139,ml,dev_28139
28140,ml,dev_28140
28141,ml,dev_28141
28142,ml,dev_28142
28143,ml,dev_28143
28144,web,dev_28144
28145,ml,dev_28145
28146,web,dev_28146
28147,web,dev_28147
28148,web,dev_28148
28149,ml,dev_28149
28150,ml,dev_28150
28151,web,dev_28151
28152,ml,dev_28152
28153,web,dev_28153
28154,web,dev_28154
28155,web,dev_28155
28156,ml,dev_28156
28157,web,dev_28157
28158,ml,dev_28158
28159,ml,dev_28159
28160,ml,dev_28160
28161,web,dev_28161
28162,web,dev_28162
28163,ml,dev_28163
28164,web,dev_28164
28165,web,dev_28165
28166,ml,dev_28166
28167,web,dev_28167
28168,ml,dev_28168
28169,ml,dev_28169
28170,ml,dev_28170
28171,ml,dev_28171
28172,web,dev_28172
28173,ml,dev_28173
28174,web,dev_28174
28175,ml,dev_28175
28176,ml,dev_28176
28177,web,dev_28177
28178,web,dev_28178
28179,ml,dev_28179
28180,web,dev_28180
28181,ml,dev_28181
28182,web,dev_28182
28183,web,dev_28183
28184,ml,dev_28184
28185,web,dev_28185
28186,ml,dev_28186
28187,web,dev_28187
28188,web,dev_28188
28189,web,dev_28189
28190,web,dev_28190
28191,ml,dev_28191
28192,web,dev_28192
28193,web,dev_28193
28194,web,dev_28194
28195,web,dev_28195
28196,web,dev_28196
28197,ml,dev_28197
28198,ml,dev_28198
28199,ml,dev_28199
28200,ml,dev_28200
28201,ml,dev_28201
28202,web,dev_28202
28203,web,dev_28203
28204,web,dev_28204
28205,ml,dev_28205
28206,web,dev_28206
28207,ml,dev_28207
28208,ml,dev_28208
28209,ml,dev_28209
28210,ml,dev_28210
28211,ml,dev_28211
28212,ml,dev_28212
28213,web,dev_28213
28214,web,dev_28214
28215,ml,dev_28215
28216,web,dev_28216
28217,web,dev_28217
28218,web,dev_28218
28219,web,dev_28219
28220,ml,dev_28220
28221,web,dev_28221
28222,web,dev_28222
28223,ml,dev_28223
28224,web,dev_28224
28225,ml,dev_28225
28226,web,dev_28226
28227,web,dev_28227
28228,ml,dev_28228
28229,web,dev_28229
28230,web,dev_28230
28231,ml,dev_28231
28232,ml,dev_28232
28233,ml,dev_28233
28234,web,dev_28234
28235,web,dev_28235
28236,ml,dev_28236
28237,web,dev_28237
28238,ml,dev_28238
28239,web,dev_28239
28240,ml,dev_28240
28241,ml,dev_28241
28242,ml,dev_28242
28243,ml,dev_28243
28244,web,dev_28244
28245,web,dev_28245
28246,web,dev_28246
28247,ml,dev_28247
28248,ml,dev_28248
28249,ml,dev_28249
28250,web,dev_28250
28251,web,dev_28251
28252,ml,dev_28252
28253,ml,dev_28253
28254,web,dev_28254
28255,ml,dev_28255
28256,web,dev_28256
28257,ml,dev_28257
28258,ml,dev_28258
28259,ml,dev_28259
28260,ml,dev_28260
28261,ml,dev_28261
28262,ml,dev_28262
28263,ml,dev_28263
28264,web,dev_28264
28265,ml,dev_28265
28266,web,dev_28266
28267,web,dev_28267
28268,web,dev_28268
28269,web,dev_28269
28270,ml,dev_28270
28271,web,dev_28271
28272,web,dev_28272
28273,web,dev_28273
28274,web,dev_28274
28275,ml,dev_28275
28276,ml,dev_28276
28277,web,dev_28277
28278,web,dev_28278
28279,web,dev_28279
28280,web,dev_28280
28281,web,dev_28281
28282,ml,dev_28282
28283,web,dev_28283
28284,web,dev_28284
28285,ml,dev_28285
28286,ml,dev_28286
28287,web,dev_28287
28288,ml,dev_28288
28289,web,dev_28289
28290,web,dev_28290
28291,ml,dev_28291
28292,web,dev_28292
28293,ml,dev_28293
28294,web,dev_28294
28295,ml,dev_28295
28296,web,dev_28296
28297,web,dev_28297
28298,web,dev_28298
28299,ml,dev_28299
28300,ml,dev_28300
28301,web,dev_28301
28302,web,dev_28302
28303,ml,dev_28303
28304,web,dev_28304
28305,web,dev_28305
28306,ml,dev_28306
28307,ml,dev_28307
28308,web,dev_28308
28309,web,dev_28309
28310,web,dev_28310
28311,ml,dev_28311
28312,ml,dev_28312
28313,ml,dev_28313
28314,ml,dev_28314
28315,ml,dev_28315
28316,ml,dev_28316
28317,ml,dev_28317
28318,ml,dev_28318
28319,ml,dev_28319
28320,ml,dev_28320
28321,ml,dev_28321
28322,web,dev_28322
28323,web,dev_28323
28324,web,dev_28324
28325,web,dev_28325
28326,web,dev_28326
28327,ml,dev_28327
28328,web,dev_28328
28329,ml,dev_28329
28330,web,dev_28330
28331,ml,dev_28331
28332,web,dev_28332
28333,web,dev_28333
28334,ml,dev_28334
28335,web,dev_28335
28336,web,dev_28336
28337,ml,dev_28337
28338,ml,dev_28338
28339,ml,dev_28339
28340,web,dev_28340
28341,web,dev_28341
28342,web,dev_28342
28343,web,dev_28343
28344,ml,dev_28344
28345,ml,dev_28345
28346,web,dev_28346
28347,web,dev_28347
28348,ml,dev_28348
28349,ml,dev_28349
28350,ml,dev_28350
28351,web,dev_28351
28352,web,dev_28352
28353,web,dev_28353
28354,ml,dev_28354
28355,web,dev_28355
28356,web,dev_28356
28357,web,dev_28357
28358,web,dev_28358
28359,web,dev_28359
28360,ml,dev_28360
28361,ml,dev_28361
28362,ml,dev_28362
28363,web,dev_28363
28364,web,dev_28364
28365,ml,dev_28365
28366,ml,dev_28366
28367,web,dev_28367
28368,ml,dev_28368
28369,web,dev_28369
28370,ml,dev_28370
28371,web,dev_28371
28372,ml,dev_28372
28373,web,dev_28373
28374,web,dev_28374
28375,ml,dev_28375
28376,ml,dev_28376
28377,ml,dev_28377
28378,ml,dev_28378
28379,web,dev_28379
28380,web,dev_28380
28381,ml,dev_28381
28382,web,dev_28382
28383,web,dev_28383
28384,web,dev_28384
28385,web,dev_28385
28386,web,dev_28386
28387,ml,dev_28387
28388,ml,dev_28388
28389,web,dev_28389
28390,web,dev_28390
28391,ml,dev_28391
28392,ml,dev_28392
28393,ml,dev_28393
28394,web,dev_28394
28395,web,dev_28395
28396,web,dev_28396
28397,web,dev_28397
28398,ml,dev_28398
28399,web,dev_28399
28400,web,dev_28400
28401,web,dev_28401
28402,ml,dev_28402
28403,web,dev_28403
28404,web,dev_28404
28405,ml,dev_28405
28406,web,dev_28406
28407,ml,dev_28407
28408,ml,dev_28408
28409,ml,dev_28409
28410,web,dev_28410
28411,web,dev_28411
28412,web,dev_28412
28413,web,dev_28413
28414,ml,dev_28414
28415,web,dev_28415
28416,ml,dev_28416
28417,ml,dev_28417
28418,ml,dev_28418
28419,web,dev_28419
28420,ml,dev_28420
28421,web,dev_28421
28422,web,dev_28422
28423,ml,dev_28423
28424,web,dev_28424
28425,ml,dev_28425
28426,web,dev_28426
28427,ml,dev_28427
28428,ml,dev_28428
28429,web,dev_28429
28430,ml,dev_28430
28431,web,dev_28431
28432,web,dev_28432
28433,web,dev_28433
28434,ml,dev_28434
28435,web,dev_28435
28436,web,dev_28436
28437,ml,dev_28437
28438,web,dev_28438
28439,web,dev_28439
28440,web,dev_28440
28441,ml,dev_28441
28442,ml,dev_28442
28443,web,dev_28443
28444,ml,dev_28444
28445,ml,dev_28445
28446,ml,dev_28446
28447,ml,dev_28447
28448,ml,dev_28448
28449,web,dev_28449
28450,web,dev_28450
28451,web,dev_28451
28452,web,dev_28452
28453,ml,dev_28453
28454,web,dev_28454
28455,web,dev_28455
28456,web,dev_28456
28457,ml,dev_28457
28458,ml,dev_28458
28459,web,dev_28459
28460,ml,dev_28460
28461,web,dev_28461
28462,web,dev_28462
28463,web,dev_28463
28464,web,dev_28464
28465,ml,dev_28465
28466,ml,dev_28466
28467,ml,dev_28467
28468,web,dev_28468
28469,ml,dev_28469
28470,web,dev_28470
28471,ml,dev_28471
28472,web,dev_28472
28473,web,dev_28473
28474,ml,dev_28474
28475,ml,dev_28475
28476,web,dev_28476
28477,ml,dev_28477
28478,web,dev_28478
28479,ml,dev_28479
28480,ml,dev_28480
28481,ml,dev_28481
28482,web,dev_28482
28483,web,dev_28483
28484,web,dev_28484
28485,ml,dev_28485
28486,web,dev_28486
28487,web,dev_28487
28488,web,dev_28488
28489,web,dev_28489
28490,ml,dev_28490
28491,ml,dev_28491
28492,web,dev_28492
28493,ml,dev_28493
28494,ml,dev_28494
28495,ml,dev_28495
28496,ml,dev_28496
28497,web,dev_28497
28498,web,dev_28498
28499,web,dev_28499
28500,web,dev_28500
28501,web,dev_28501
28502,ml,dev_28502
28503,ml,dev_28503
28504,web,dev_28504
28505,web,dev_28505
28506,ml,dev_28506
28507,ml,dev_28507
28508,web,dev_28508
28509,web,dev_28509
28510,web,dev_28510
28511,ml,dev_28511
28512,web,dev_28512
28513,ml,dev_28513
28514,ml,dev_28514
28515,web,dev_28515
28516,ml,dev_28516
28517,web,dev_28517
28518,web,dev_28518
28519,ml,dev_28519
28520,ml,dev_28520
28521,ml,dev_28521
28522,web,dev_28522
28523,ml,dev_28523
28524,web,dev_28524
28525,web,dev_28525
28526,web,dev_28526
28527,ml,dev_28527
28528,web,dev_28528
28529,ml,dev_28529
28530,web,dev_28530
28531,web,dev_28531
28532,web,dev_28532
28533,ml,dev_28533
28534,ml,dev_28534
28535,ml,dev_28535
28536,web,dev_28536
28537,web,dev_28537
28538,ml,dev_28538
28539,ml,dev_28539
28540,web,dev_28540
28541,ml,dev_28541
28542,web,dev_28542
28543,web,dev_28543
28544,ml,dev_28544
28545,web,dev_28545
28546,ml,dev_28546
28547,web,dev_28547
28548,web,dev_28548
28549,ml,dev_28549
28550,web,dev_28550
28551,web,dev_28551
28552,web,dev_28552
28553,web,dev_28553
28554,ml,dev_28554
28555,web,dev_28555
28556,ml,dev_28556
28557,ml,dev_28557
28558,web,dev_28558
28559,ml,dev_28559
28560,ml,dev_28560
28561,web,dev_28561
28562,ml,dev_28562
28563,web,dev_28563
28564,ml,dev_28564
28565,web,dev_28565
28566,ml,dev_28566
28567,ml,dev_28567
28568,web,dev_28568
28569,ml,dev_28569
28570,web,dev_28570
28571,web,dev_28571
28572,web,dev_28572
28573,ml,dev_28573
28574,ml,dev_28574
28575,ml,dev_28575
28576,web,dev_28576
28577,ml,dev_28577
28578,web,dev_28578
28579,web,dev_28579
28580,ml,dev_28580
28581,ml,dev_28581
28582,ml,dev_28582
28583,ml,dev_28583
28584,web,dev_28584
28585,ml,dev_28585
28586,web,dev_28586
28587,web,dev_28587
28588,web,dev_28588
28589,ml,dev_28589
28590,web,dev_28590
28591,web,dev_28591
28592,web,dev_28592
28593,ml,dev_28593
28594,ml,dev_28594
28595,web,dev_28595
28596,ml,dev_28596
28597,web,dev_28597
28598,web,dev_28598
28599,web,dev_28599
28600,ml,dev_28600
28601,web,dev_28601
28602,web,dev_28602
28603,ml,dev_28603
28604,ml,dev_28604
28605,ml,dev_28605
28606,web,dev_28606
28607,ml,dev_28607
28608,web,dev_28608
28609,web,dev_28609
28610,web,dev_28610
28611,web,dev_28611
28612,ml,dev_28612
28613,ml,dev_28613
28614,ml,dev_28614
28615,ml,dev_28615
28616,ml,dev_28616
28617,web,dev_28617
28618,web,dev_28618
28619,web,dev_28619
28620,web,dev_28620
28621,ml,dev_28621
28622,web,dev_28622
28623,web,dev_28623
28624,web,dev_28624
28625,web,dev_28625
28626,web,dev_28626
28627,ml,dev_28627
28628,web,dev_28628
28629,web,dev_28629
28630,web,dev_28630
28631,ml,dev_28631
28632,ml,dev_28632
28633,web,dev_28633
28634,web,dev_28634
28635,web,dev_28635
28636,web,dev_28636
28637,web,dev_28637
28638,web,dev_28638
28639,ml,dev_28639
28640,web,dev_28640
28641,ml,dev_28641
28642,ml,dev_28642
28643,web,dev_28643
28644,web,dev_28644
28645,ml,dev_28645
28646,web,dev_28646
28647,ml,dev_28647
28648,ml,dev_28648
28649,ml,dev_28649
28650,web,dev_28650
28651,ml,dev_28651
28652,web,dev_28652
28653,web,dev_28653
28654,web,dev_28654
28655,ml,dev_28655
28656,web,dev_28656
28657,web,dev_28657
28658,web,dev_28658
28659,web,dev_28659
28660,web,dev_28660
28661,web,dev_28661
28662,ml,dev_28662
28663,web,dev_28663
28664,ml,dev_28664
28665,web,dev_28665
28666,ml,dev_28666
28667,web,dev_28667
28668,ml,dev_28668
28669,ml,dev_28669
28670,ml,dev_28670
28671,ml,dev_28671
28672,ml,dev_28672
28673,web,dev_28673
28674,ml,dev_28674
28675,web,dev_28675
28676,ml,dev_28676
28677,ml,dev_28677
28678,ml,dev_28678
28679,web,dev_28679
28680,web,dev_28680
28681,ml,dev_28681
28682,ml,dev_28682
28683,ml,dev_28683
28684,web,dev_28684
28685,web,dev_28685
28686,ml,dev_28686
28687,ml,dev_28687
28688,ml,dev_28688
28689,ml,dev_28689
28690,ml,dev_28690
28691,web,dev_28691
28692,web,dev_28692
28693,web,dev_28693
28694,ml,dev_28694
28695,ml,dev_28695
28696,ml,dev_28696
28697,ml,dev_28697
28698,web,dev_28698
28699,web,dev_28699
28700,web,dev_28700
28701,web,dev_28701
28702,web,dev_28702
28703,ml,dev_28703
28704,web,dev_28704
28705,ml,dev_28705
28706,ml,dev_28706
28707,web,dev_28707
28708,web,dev_28708
28709,web,dev_28709
28710,web,dev_28710
28711,ml,dev_28711
28712,ml,dev_28712
28713,ml,dev_28713
28714,web,dev_28714
28715,ml,dev_28715
28716,ml,dev_28716
28717,web,dev_28717
28718,web,dev_28718
28719,web,dev_28719
28720,ml,dev_28720
28721,web,dev_28721
28722,web,dev_28722
28723,web,dev_28723
28724,ml,dev_28724
28725,ml,dev_28725
28726,web,dev_28726
28727,web,dev_28727
28728,ml,dev_28728
28729,ml,dev_28729
28730,ml,dev_28730
28731,web,dev_28731
28732,ml,dev_28732
28733,web,dev_28733
28734,web,dev_28734
28735,web,dev_28735
28736,ml,dev_28736
28737,web,dev_28737
28738,web,dev_28738
28739,ml,dev_28739
28740,web,dev_28740
28741,ml,dev_28741
28742,web,dev_28742
28743,web,dev_28743
28744,ml,dev_28744
28745,web,dev_28745
28746,ml,dev_28746
28747,ml,dev_28747
28748,ml,dev_28748
28749,ml,dev_28749
28750,web,dev_28750
28751,ml,dev_28751
28752,web,dev_28752
28753,ml,dev_28753
28754,ml,dev_28754
28755,ml,dev_28755
28756,web,dev_28756
28757,ml,dev_28757
28758,web,dev_28758
28759,web,dev_28759
28760,web,dev_28760
28761,ml,dev_28761
28762,web,dev_28762
28763,ml,dev_28763
28764,web,dev_28764
28765,ml,dev_28765
28766,web,dev_28766
28767,ml,dev_28767
28768,ml,dev_28768
28769,web,dev_28769
28770,ml,dev_28770
28771,web,dev_28771
28772,web,dev_28772
28773,ml,dev_28773
28774,ml,dev_28774
28775,ml,dev_28775
28776,web,dev_28776
28777,web,dev_28777
28778,ml,dev_28778
28779,ml,dev_28779
28780,ml,dev_28780
28781,ml,dev_28781
28782,ml,dev_28782
28783,ml,dev_28783
28784,web,dev_28784
28785,ml,dev_28785
28786,web,dev_28786
28787,ml,dev_28787
28788,ml,dev_28788
28789,ml,dev_28789
28790,ml,dev_28790
28791,ml,dev_28791
28792,web,dev_28792
28793,ml,dev_28793
28794,web,dev_28794
28795,ml,dev_28795
28796,web,dev_28796
28797,ml,dev_28797
28798,web,dev_28798
28799,ml,dev_28799
28800,web,dev_28800
28801,web,dev_28801
28802,web,dev_28802
28803,web,dev_28803
28804,web,dev_28804
28805,ml,dev_28805
28806,ml,dev_28806
28807,ml,dev_28807
28808,ml,dev_28808
28809,ml,dev_28809
28810,ml,dev_28810
28811,web,dev_28811
28812,web,dev_28812
28813,ml,dev_28813
28814,ml,dev_28814
28815,ml,dev_28815
28816,web,dev_28816
28817,web,dev_28817
28818,web,dev_28818
28819,ml,dev_28819
28820,ml,dev_28820
28821,ml,dev_28821
28822,web,dev_28822
28823,ml,dev_28823
28824,web,dev_28824
28825,web,dev_28825
28826,ml,dev_28826
28827,web,dev_28827
28828,web,dev_28828
28829,web,dev_28829
28830,web,dev_28830
28831,ml,dev_28831
28832,ml,dev_28832
28833,ml,dev_28833
28834,ml,dev_28834
28835,ml,dev_28835
28836,web,dev_28836
28837,ml,dev_28837
28838,ml,dev_28838
28839,ml,dev_28839
28840,ml,dev_28840
28841,ml,dev_28841
28842,ml,dev_28842
28843,ml,dev_28843
28844,ml,dev_28844
28845,web,dev_28845
28846,web,dev_28846
28847,ml,dev_28847
28848,ml,dev_28848
28849,web,dev_28849
28850,web,dev_28850
28851,web,dev_28851
28852,web,dev_28852
28853,ml,dev_28853
28854,ml,dev_28854
28855,web,dev_28855
28856,web,dev_28856
28857,ml,dev_28857
28858,web,dev_28858
28859,web,dev_28859
28860,ml,dev_28860
28861,web,dev_28861
28862,web,dev_28862
28863,web,dev_28863
28864,web,dev_28864
28865,web,dev_28865
28866,web,dev_28866
28867,ml,dev_28867
28868,web,dev_28868
28869,web,dev_28869
28870,ml,dev_28870
28871,web,dev_28871
28872,web,dev_28872
28873,web,dev_28873
28874,web,dev_28874
28875,ml,dev_28875
28876,web,dev_28876
28877,web,dev_28877
28878,web,dev_28878
28879,ml,dev_28879
28880,web,dev_28880
28881,web,dev_28881
28882,web,dev_28882
28883,ml,dev_28883
28884,ml,dev_28884
28885,web,dev_28885
28886,web,dev_28886
28887,ml,dev_28887
28888,ml,dev_28888
28889,ml,dev_28889
28890,web,dev_28890
28891,ml,dev_28891
28892,web,dev_28892
28893,ml,dev_28893
28894,web,dev_28894
28895,web,dev_28895
28896,web,dev_28896
28897,web,dev_28897
28898,ml,dev_28898
28899,ml,dev_28899
28900,ml,dev_28900
28901,web,dev_28901
28902,web,dev_28902
28903,web,dev_28903
28904,ml,dev_28904
28905,ml,dev_28905
28906,ml,dev_28906
28907,web,dev_28907
28908,ml,dev_28908
28909,ml,dev_28909
28910,web,dev_28910
28911,ml,dev_28911
28912,web,dev_28912
28913,ml,dev_28913
28914,web,dev_28914
28915,ml,dev_28915
28916,ml,dev_28916
28917,ml,dev_28917
28918,web,dev_28918
28919,ml,dev_28919
28920,web,dev_28920
28921,ml,dev_28921
28922,web,dev_28922
28923,web,dev_28923
28924,ml,dev_28924
28925,web,dev_28925
28926,ml,dev_28926
28927,ml,dev_28927
28928,web,dev_28928
28929,web,dev_28929
28930,ml,dev_28930
28931,web,dev_28931
28932,web,dev_28932
28933,web,dev_28933
28934,web,dev_28934
28935,ml,dev_28935
28936,ml,dev_28936
28937,ml,dev_28937
28938,web,dev_28938
28939,web,dev_28939
28940,web,dev_28940
28941,web,dev_28941
28942,web,dev_28942
28943,ml,dev_28943
28944,ml,dev_28944
28945,ml,dev_28945
28946,ml,dev_28946
28947,web,dev_28947
28948,web,dev_28948
28949,web,dev_28949
28950,ml,dev_28950
28951,ml,dev_28951
28952,ml,dev_28952
28953,web,dev_28953
28954,ml,dev_28954
28955,web,dev_28955
28956,ml,dev_28956
28957,web,dev_28957
28958,ml,dev_28958
28959,ml,dev_28959
28960,web,dev_28960
28961,web,dev_28961
28962,ml,dev_28962
28963,ml,dev_28963
28964,ml,dev_28964
28965,ml,dev_28965
28966,ml,dev_28966
28967,ml,dev_28967
28968,ml,dev_28968
28969,web,dev_28969
28970,ml,dev_28970
28971,ml,dev_28971
28972,web,dev_28972
28973,ml,dev_28973
28974,ml,dev_28974
28975,web,dev_28975
28976,ml,dev_28976
28977,ml,dev_28977
28978,ml,dev_28978
28979,web,dev_28979
28980,web,dev_28980
28981,web,dev_28981
28982,web,dev_28982
28983,web,dev_28983
28984,ml,dev_28984
28985,web,dev_28985
28986,ml,dev_28986
28987,web,dev_28987
28988,web,dev_28988
28989,ml,dev_28989
28990,web,dev_28990
28991,web,dev_28991
28992,web,dev_28992
28993,web,dev_28993
28994,ml,dev_28994
28995,web,dev_28995
28996,ml,dev_28996
28997,web,dev_28997
28998,ml,dev_28998
28999,web,dev_28999
29000,web,dev_29000
29001,web,dev_29001
29002,web,dev_29002
29003,web,dev_29003
29004,web,dev_29004
29005,ml,dev_29005
29006,web,dev_29006
29007,ml,dev_29007
29008,ml,dev_29008
29009,web,dev_29009
29010,web,dev_29010
29011,ml,dev_29011
29012,ml,dev_29012
29013,ml,dev_29013
29014,web,dev_29014
29015,ml,dev_29015
29016,ml,dev_29016
29017,ml,dev_29017
29018,ml,dev_29018
29019,web,dev_29019
29020,ml,dev_29020
29021,web,dev_29021
29022,ml,dev_29022
29023,web,dev_29023
29024,web,dev_29024
29025,web,dev_29025
29026,ml,dev_29026
29027,web,dev_29027
29028,ml,dev_29028
29029,web,dev_29029
29030,web,dev_29030
29031,ml,dev_29031
29032,web,dev_29032
29033,web,dev_29033
29034,ml,dev_29034
29035,ml,dev_29035
29036,ml,dev_29036
29037,ml,dev_29037
29038,web,dev_29038
29039,ml,dev_29039
29040,web,dev_29040
29041,web,dev_29041
29042,web,dev_29042
29043,ml,dev_29043
29044,ml,dev_29044
29045,web,dev_29045
29046,web,dev_29046
29047,ml,dev_29047
29048,ml,dev_29048
29049,web,dev_29049
29050,web,dev_29050
29051,web,dev_29051
29052,ml,dev_29052
29053,ml,dev_29053
29054,web,dev_29054
29055,ml,dev_29055
29056,web,dev_29056
29057,ml,dev_29057
29058,web,dev_29058
29059,web,dev_29059
29060,ml,dev_29060
29061,web,dev_29061
29062,ml,dev_29062
29063,web,dev_29063
29064,ml,dev_29064
29065,ml,dev_29065
29066,ml,dev_29066
29067,ml,dev_29067
29068,web,dev_29068
29069,web,dev_29069
29070,ml,dev_29070
29071,web,dev_29071
29072,web,dev_29072
29073,ml,dev_29073
29074,web,dev_29074
29075,ml,dev_29075
29076,web,dev_29076
29077,ml,dev_29077
29078,web,dev_29078
29079,web,dev_29079
29080,ml,dev_29080
29081,ml,dev_29081
29082,ml,dev_29082
29083,ml,dev_29083
29084,ml,dev_29084
29085,web,dev_29085
29086,ml,dev_29086
29087,web,dev_29087
29088,ml,dev_29088
29089,web,dev_29089
29090,ml,dev_29090
29091,web,dev_29091
29092,ml,dev_29092
29093,ml,dev_29093
29094,ml,dev_29094
29095,ml,dev_29095
29096,web,dev_29096
29097,web,dev_29097
29098,web,dev_29098
29099,ml,dev_29099
29100,ml,dev_29100
29101,ml,dev_29101
29102,ml,dev_29102
29103,ml,dev_29103
29104,web,dev_29104
29105,ml,dev_29105
29106,web,dev_29106
29107,web,dev_29107
29108,ml,dev_29108
29109,ml,dev_29109
29110,web,dev_29110
29111,web,dev_29111
29112,ml,dev_29112
29113,ml,dev_29113
29114,ml,dev_29114
29115,ml,dev_29115
29116,ml,dev_29116
29117,web,dev_29117
29118,ml,dev_29118
29119,web,dev_29119
29120,web,dev_29120
29121,ml,dev_29121
29122,web,dev_29122
29123,ml,dev_29123
29124,ml,dev_29124
29125,web,dev_29125
29126,ml,dev_29126
29127,ml,dev_29127
29128,ml,dev_29128
29129,ml,dev_29129
29130,ml,dev_29130
29131,ml,dev_29131
29132,ml,dev_29132
29133,web,dev_29133
29134,web,dev_29134
29135,ml,dev_29135
29136,ml,dev_29136
29137,ml,dev_29137
29138,web,dev_29138
29139,web,dev_29139
29140,ml,dev_29140
29141,web,dev_29141
29142,ml,dev_29142
29143,web,dev_29143
29144,ml,dev_29144
29145,ml,dev_29145
29146,web,dev_29146
29147,web,dev_29147
29148,web,dev_29148
29149,ml,dev_29149
29150,web,dev_29150
29151,web,dev_29151
29152,web,dev_29152
29153,ml,dev_29153
29154,web,dev_29154
29155,web,dev_29155
29156,web,dev_29156
29157,web,dev_29157
29158,web,dev_29158
29159,web,dev_29159
29160,web,dev_29160
29161,ml,dev_29161
29162,web,dev_29162
29163,web,dev_29163
29164,web,dev_29164
29165,ml,dev_29165
29166,web,dev_29166
29167,web,dev_29167
29168,web,dev_29168
29169,ml,dev_29169
29170,web,dev_29170
29171,web,dev_29171
29172,web,dev_29172
29173,web,dev_29173
29174,web,dev_29174
29175,ml,dev_29175
29176,web,dev_29176
29177,ml,dev_29177
29178,ml,dev_29178
29179,ml,dev_29179
29180,ml,dev_29180
29181,ml,dev_29181
29182,web,dev_29182
29183,ml,dev_29183
29184,ml,dev_29184
29185,ml,dev_29185
29186,ml,dev_29186
29187,ml,dev_29187
29188,web,dev_29188
29189,ml,dev_29189
29190,ml,dev_29190
29191,web,dev_29191
29192,web,dev_29192
29193,web,dev_29193
29194,ml,dev_29194
29195,web,dev_29195
29196,web,dev_29196
29197,web,dev_29197
29198,web,dev_29198
29199,web,dev_29199
29200,ml,dev_29200
29201,ml,dev_29201
29202,web,dev_29202
29203,ml,dev_29203
29204,ml,dev_29204
29205,ml,dev_29205
29206,web,dev_29206
29207,ml,dev_29207
29208,ml,dev_29208
29209,web,dev_29209
29210,ml,dev_29210
29211,ml,dev_29211
29212,web,dev_29212
29213,web,dev_29213
29214,web,dev_29214
29215,web,dev_29215
29216,web,dev_29216
29217,ml,dev_29217
29218,web,dev_29218
29219,ml,dev_29219
29220,ml,dev_29220
29221,web,dev_29221
29222,web,dev_29222
29223,ml,dev_29223
29224,web,dev_29224
29225,web,dev_29225
29226,web,dev_29226
29227,ml,dev_29227
29228,ml,dev_29228
29229,web,dev_29229
29230,ml,dev_29230
29231,ml,dev_29231
29232,web,dev_29232
29233,web,dev_29233
29234,web,dev_29234
29235,ml,dev_29235
29236,web,dev_29236
29237,ml,dev_29237
29238,web,dev_29238
29239,web,dev_29239
29240,ml,dev_29240
29241,ml,dev_29241
29242,web,dev_29242
29243,ml,dev_29243
29244,web,dev_29244
29245,ml,dev_29245
29246,web,dev_29246
29247,web,dev_29247
29248,ml,dev_29248
29249,web,dev_29249
29250,ml,dev_29250
29251,web,dev_29251
29252,web,dev_29252
29253,ml,dev_29253
29254,ml,dev_29254
29255,web,dev_29255
29256,web,dev_29256
29257,web,dev_29257
29258,web,dev_29258
29259,ml,dev_29259
29260,ml,dev_29260
29261,ml,dev_29261
29262,ml,dev_29262
29263,ml,dev_29263
29264,ml,dev_29264
29265,ml,dev_29265
29266,web,dev_29266
29267,web,dev_29267
29268,ml,dev_29268
29269,web,dev_29269
29270,ml,dev_29270
29271,web,dev_29271
29272,web,dev_29272
29273,web,dev_29273
29274,web,dev_29274
29275,web,dev_29275
29276,web,dev_29276
29277,web,dev_29277
29278,web,dev_29278
29279,web,dev_29279
29280,web,dev_29280
29281,ml,dev_29281
29282,ml,dev_29282
29283,web,dev_29283
29284,web,dev_29284
29285,web,dev_29285
29286,web,dev_29286
29287,web,dev_29287
29288,web,dev_29288
29289,web,dev_29289
29290,web,dev_29290
29291,web,dev_29291
29292,web,dev_29292
29293,web,dev_29293
29294,web,dev_29294
29295,ml,dev_29295
29296,ml,dev_29296
29297,ml,dev_29297
29298,web,dev_29298
29299,ml,dev_29299
29300,web,dev_29300
29301,ml,dev_29301
29302,ml,dev_29302
29303,web,dev_29303
29304,web,dev_29304
29305,web,dev_29305
29306,ml,dev_29306
29307,ml,dev_29307
29308,web,dev_29308
29309,ml,dev_29309
29310,ml,dev_29310
29311,ml,dev_29311
29312,web,dev_29312
29313,ml,dev_29313
29314,web,dev_29314
29315,ml,dev_29315
29316,web,dev_29316
29317,web,dev_29317
29318,web,dev_29318
29319,ml,dev_29319
29320,ml,dev_29320
29321,web,dev_29321
29322,web,dev_29322
29323,ml,dev_29323
29324,ml,dev_29324
29325,web,dev_29325
29326,ml,dev_29326
29327,ml,dev_29327
29328,web,dev_29328
29329,web,dev_29329
29330,web,dev_29330
29331,ml,dev_29331
29332,web,dev_29332
29333,ml,dev_29333
29334,web,dev_29334
29335,ml,dev_29335
29336,ml,dev_29336
29337,ml,dev_29337
29338,ml,dev_29338
29339,web,dev_29339
29340,web,dev_29340
29341,ml,dev_29341
29342,ml,dev_29342
29343,ml,dev_29343
29344,web,dev_29344
29345,web,dev_29345
29346,ml,dev_29346
29347,web,dev_29347
29348,ml,dev_29348
29349,ml,dev_29349
29350,web,dev_29350
29351,web,dev_29351
29352,ml,dev_29352
29353,ml,dev_29353
29354,web,dev_29354
29355,ml,dev_29355
29356,web,dev_29356
29357,ml,dev_29357
29358,web,dev_29358
29359,ml,dev_29359
29360,ml,dev_29360
29361,web,dev_29361
29362,web,dev_29362
29363,web,dev_29363
29364,ml,dev_29364
29365,ml,dev_29365
29366,ml,dev_29366
29367,web,dev_29367
29368,ml,dev_29368
29369,web,dev_29369
29370,ml,dev_29370
29371,ml,dev_29371
29372,ml,dev_29372
29373,web,dev_29373
29374,ml,dev_29374
29375,ml,dev_29375
29376,web,dev_29376
29377,ml,dev_29377
29378,web,dev_29378
29379,ml,dev_29379
29380,ml,dev_29380
29381,ml,dev_29381
29382,ml,dev_29382
29383,web,dev_29383
29384,web,dev_29384
29385,ml,dev_29385
29386,ml,dev_29386
29387,ml,dev_29387
29388,web,dev_29388
29389,web,dev_29389
29390,ml,dev_29390
29391,web,dev_29391
29392,web,dev_29392
29393,ml,dev_29393
29394,web,dev_29394
29395,ml,dev_29395
29396,ml,dev_29396
29397,web,dev_29397
29398,web,dev_29398
29399,web,dev_29399
29400,web,dev_29400
29401,ml,dev_29401
29402,web,dev_29402
29403,ml,dev_29403
29404,web,dev_29404
29405,web,dev_29405
29406,web,dev_29406
29407,ml,dev_29407
29408,ml,dev_29408
29409,ml,dev_29409
29410,ml,dev_29410
29411,web,dev_29411
29412,web,dev_29412
29413,ml,dev_29413
29414,ml,dev_29414
29415,web,dev_29415
29416,web,dev_29416
29417,web,dev_29417
29418,web,dev_29418
29419,web,dev_29419
29420,web,dev_29420
29421,web,dev_29421
29422,web,dev_29422
29423,web,dev_29423
29424,web,dev_29424
29425,web,dev_29425
29426,ml,dev_29426
29427,ml,dev_29427
29428,web,dev_29428
29429,ml,dev_29429
29430,ml,dev_29430
29431,web,dev_29431
29432,ml,dev_29432
29433,web,dev_29433
29434,ml,dev_29434
29435,web,dev_29435
29436,web,dev_29436
29437,web,dev_29437
29438,web,dev_29438
29439,ml,dev_29439
29440,ml,dev_29440
29441,web,dev_29441
29442,web,dev_29442
29443,web,dev_29443
29444,web,dev_29444
29445,ml,dev_29445
29446,web,dev_29446
29447,ml,dev_29447
29448,ml,dev_29448
29449,ml,dev_29449
29450,ml,dev_29450
29451,web,dev_29451
29452,web,dev_29452
29453,ml,dev_29453
29454,ml,dev_29454
29455,ml,dev_29455
29456,web,dev_29456
29457,ml,dev_29457
29458,web,dev_29458
29459,ml,dev_29459
29460,ml,dev_29460
29461,web,dev_29461
29462,web,dev_29462
29463,ml,dev_29463
29464,ml,dev_29464
29465,ml,dev_29465
29466,ml,dev_29466
29467,ml,dev_29467
29468,web,dev_29468
29469,ml,dev_29469
29470,web,dev_29470
29471,ml,dev_29471
29472,web,dev_29472
29473,web,dev_29473
29474,web,dev_29474
29475,web,dev_29475
29476,web,dev_29476
29477,ml,dev_29477
29478,web,dev_29478
29479,web,dev_29479
29480,ml,dev_29480
29481,web,dev_29481
29482,ml,dev_29482
29483,web,dev_29483
29484,ml,dev_29484
29485,ml,dev_29485
29486,web,dev_29486
29487,web,dev_29487
29488,web,dev_29488
29489,ml,dev_29489
29490,ml,dev_29490
29491,web,dev_29491
29492,ml,dev_29492
29493,web,dev_29493
29494,web,dev_29494
29495,ml,dev_29495
29496,web,dev_29496
29497,web,dev_29497
29498,web,dev_29498
29499,web,dev_29499
29500,web,dev_29500
29501,ml,dev_29501
29502,web,dev_29502
29503,web,dev_29503
29504,ml,dev_29504
29505,web,dev_29505
29506,web,dev_29506
29507,ml,dev_29507
29508,ml,dev_29508
29509,web,dev_29509
29510,web,dev_29510
29511,web,dev_29511
29512,ml,dev_29512
29513,web,dev_29513
29514,web,dev_29514
29515,ml,dev_29515
29516,ml,dev_29516
29517,web,dev_29517
29518,web,dev_29518
29519,web,dev_29519
29520,ml,dev_29520
29521,ml,dev_29521
29522,web,dev_29522
29523,web,dev_29523
29524,web,dev_29524
29525,ml,dev_29525
29526,web,dev_29526
29527,web,dev_29527
29528,web,dev_29528
29529,ml,dev_29529
29530,web,dev_29530
29531,web,dev_29531
29532,ml,dev_29532
29533,ml,dev_29533
29534,ml,dev_29534
29535,web,dev_29535
29536,ml,dev_29536
29537,ml,dev_29537
29538,ml,dev_29538
29539,ml,dev_29539
29540,web,dev_29540
29541,web,dev_29541
29542,web,dev_29542
29543,ml,dev_29543
29544,ml,dev_29544
29545,ml,dev_29545
29546,web,dev_29546
29547,web,dev_29547
29548,ml,dev_29548
29549,ml,dev_29549
29550,ml,dev_29550
29551,ml,dev_29551
29552,ml,dev_29552
29553,web,dev_29553
29554,web,dev_29554
29555,web,dev_29555
29556,ml,dev_29556
29557,ml,dev_29557
29558,ml,dev_29558
29559,ml,dev_29559
29560,ml,dev_29560
29561,web,dev_29561
29562,web,dev_29562
29563,ml,dev_29563
29564,ml,dev_29564
29565,ml,dev_29565
29566,ml,dev_29566
29567,ml,dev_29567
29568,web,dev_29568
29569,web,dev_29569
29570,web,dev_29570
29571,web,dev_29571
29572,ml,dev_29572
29573,web,dev_29573
29574,web,dev_29574
29575,ml,dev_29575
29576,web,dev_29576
29577,web,dev_29577
29578,web,dev_29578
29579,ml,dev_29579
29580,ml,dev_29580
29581,ml,dev_29581
29582,ml,dev_29582
29583,web,dev_29583
29584,web,dev_29584
29585,web,dev_29585
29586,ml,dev_29586
29587,web,dev_29587
29588,ml,dev_29588
29589,ml,dev_29589
29590,ml,dev_29590
29591,web,dev_29591
29592,web,dev_29592
29593,web,dev_29593
29594,web,dev_29594
29595,ml,dev_29595
29596,web,dev_29596
29597,ml,dev_29597
29598,ml,dev_29598
29599,web,dev_29599
29600,ml,dev_29600
29601,web,dev_29601
29602,ml,dev_29602
29603,ml,dev_29603
29604,web,dev_29604
29605,web,dev_29605
29606,ml,dev_29606
29607,web,dev_29607
29608,web,dev_29608
29609,ml,dev_29609
29610,ml,dev_29610
29611,ml,dev_29611
29612,web,dev_29612
29613,web,dev_29613
29614,ml,dev_29614
29615,ml,dev_29615
29616,web,dev_29616
29617,ml,dev_29617
29618,web,dev_29618
29619,web,dev_29619
29620,ml,dev_29620
29621,web,dev_29621
29622,ml,dev_29622
29623,web,dev_29623
29624,ml,dev_29624
29625,ml,dev_29625
29626,web,dev_29626
29627,web,dev_29627
29628,ml,dev_29628
29629,ml,dev_29629
29630,web,dev_29630
29631,web,dev_29631
29632,web,dev_29632
29633,web,dev_29633
29634,web,dev_29634
29635,web,dev_29635
29636,web,dev_29636
29637,ml,dev_29637
29638,web,dev_29638
29639,web,dev_29639
29640,web,dev_29640
29641,ml,dev_29641
29642,web,dev_29642
29643,web,dev_29643
29644,ml,dev_29644
29645,web,dev_29645
29646,ml,dev_29646
29647,web,dev_29647
29648,web,dev_29648
29649,ml,dev_29649
29650,web,dev_29650
29651,ml,dev_29651
29652,ml,dev_29652
29653,web,dev_29653
29654,ml,dev_29654
29655,web,dev_29655
29656,ml,dev_29656
29657,ml,dev_29657
29658,web,dev_29658
29659,web,dev_29659
29660,web,dev_29660
29661,ml,dev_29661
29662,ml,dev_29662
29663,ml,dev_29663
29664,web,dev_29664
29665,web,dev_29665
29666,ml,dev_29666
29667,ml,dev_29667
29668,web,dev_29668
29669,web,dev_29669
29670,ml,dev_29670
29671,web,dev_29671
29672,web,dev_29672
29673,web,dev_29673
29674,ml,dev_29674
29675,web,dev_29675
29676,ml,dev_29676
29677,web,dev_29677
29678,web,dev_29678
29679,ml,dev_29679
29680,web,dev_29680
29681,web,dev_29681
29682,web,dev_29682
29683,web,dev_29683
29684,web,dev_29684
29685,ml,dev_29685
29686,web,dev_29686
29687,web,dev_29687
29688,ml,dev_29688
29689,web,dev_29689
29690,web,dev_29690
29691,web,dev_29691
29692,ml,dev_29692
29693,web,dev_29693
29694,ml,dev_29694
29695,web,dev_29695
29696,web,dev_29696
29697,ml,dev_29697
29698,ml,dev_29698
29699,ml,dev_29699
29700,web,dev_29700
29701,ml,dev_29701
29702,web,dev_29702
29703,web,dev_29703
29704,ml,dev_29704
29705,web,dev_29705
29706,web,dev_29706
29707,ml,dev_29707
29708,web,dev_29708
29709,web,dev_29709
29710,web,dev_29710
29711,web,dev_29711
29712,web,dev_29712
29713,ml,dev_29713
29714,web,dev_29714
29715,ml,dev_29715
29716,ml,dev_29716
29717,ml,dev_29717
29718,ml,dev_29718
29719,ml,dev_29719
29720,ml,dev_29720
29721,ml,dev_29721
29722,web,dev_29722
29723,ml,dev_29723
29724,ml,dev_29724
29725,web,dev_29725
29726,web,dev_29726
29727,ml,dev_29727
29728,ml,dev_29728
29729,web,dev_29729
29730,web,dev_29730
29731,ml,dev_29731
29732,ml,dev_29732
29733,ml,dev_29733
29734,web,dev_29734
29735,ml,dev_29735
29736,ml,dev_29736
29737,web,dev_29737
29738,web,dev_29738
29739,ml,dev_29739
29740,web,dev_29740
29741,ml,dev_29741
29742,web,dev_29742
29743,ml,dev_29743
29744,web,dev_29744
29745,ml,dev_29745
29746,ml,dev_29746
29747,web,dev_29747
29748,web,dev_29748
29749,web,dev_29749
29750,ml,dev_29750
29751,web,dev_29751
29752,ml,dev_29752
29753,web,dev_29753
29754,web,dev_29754
29755,web,dev_29755
29756,web,dev_29756
29757,web,dev_29757
29758,ml,dev_29758
29759,web,dev_29759
29760,web,dev_29760
29761,ml,dev_29761
29762,web,dev_29762
29763,web,dev_29763
29764,ml,dev_29764
29765,ml,dev_29765
29766,web,dev_29766
29767,ml,dev_29767
29768,ml,dev_29768
29769,web,dev_29769
29770,web,dev_29770
29771,ml,dev_29771
29772,ml,dev_29772
29773,web,dev_29773
29774,ml,dev_29774
29775,ml,dev_29775
29776,web,dev_29776
29777,ml,dev_29777
29778,ml,dev_29778
29779,web,dev_29779
29780,web,dev_29780
29781,web,dev_29781
29782,ml,dev_29782
29783,web,dev_29783
29784,ml,dev_29784
29785,ml,dev_29785
29786,web,dev_29786
29787,ml,dev_29787
29788,web,dev_29788
29789,ml,dev_29789
29790,web,dev_29790
29791,ml,dev_29791
29792,web,dev_29792
29793,web,dev_29793
29794,web,dev_29794
29795,web,dev_29795
29796,ml,dev_29796
29797,web,dev_29797
29798,ml,dev_29798
29799,web,dev_29799
29800,web,dev_29800
29801,ml,dev_29801
29802,ml,dev_29802
29803,web,dev_29803
29804,web,dev_29804
29805,web,dev_29805
29806,web,dev_29806
29807,web,dev_29807
29808,web,dev_29808
29809,ml,dev_29809
29810,web,dev_29810
29811,web,dev_29811
29812,ml,dev_29812
29813,web,dev_29813
29814,ml,dev_29814
29815,web,dev_29815
29816,web,dev_29816
29817,web,dev_29817
29818,ml,dev_29818
29819,web,dev_29819
29820,ml,dev_29820
29821,ml,dev_29821
29822,web,dev_29822
29823,ml,dev_29823
29824,ml,dev_29824
29825,ml,dev_29825
29826,web,dev_29826
29827,web,dev_29827
29828,web,dev_29828
29829,ml,dev_29829
29830,web,dev_29830
29831,web,dev_29831
29832,web,dev_29832
29833,ml,dev_29833
29834,ml,dev_29834
29835,web,dev_29835
29836,ml,dev_29836
29837,web,dev_29837
29838,web,dev_29838
29839,web,dev_29839
29840,ml,dev_29840
29841,ml,dev_29841
29842,ml,dev_29842
29843,ml,dev_29843
29844,web,dev_29844
29845,web,dev_29845
29846,ml,dev_29846
29847,ml,dev_29847
29848,ml,dev_29848
29849,web,dev_29849
29850,ml,dev_29850
29851,ml,dev_29851
29852,web,dev_29852
29853,web,dev_29853
29854,ml,dev_29854
29855,web,dev_29855
29856,web,dev_29856
29857,ml,dev_29857
29858,ml,dev_29858
29859,web,dev_29859
29860,web,dev_29860
29861,web,dev_29861
29862,web,dev_29862
29863,ml,dev_29863
29864,ml,dev_29864
29865,web,dev_29865
29866,ml,dev_29866
29867,web,dev_29867
29868,web,dev_29868
29869,ml,dev_29869
29870,web,dev_29870
29871,web,dev_29871
29872,web,dev_29872
29873,web,dev_29873
29874,web,dev_29874
29875,ml,dev_29875
29876,ml,dev_29876
29877,ml,dev_29877
29878,ml,dev_29878
29879,web,dev_29879
29880,web,dev_29880
29881,web,dev_29881
29882,web,dev_29882
29883,web,dev_29883
29884,ml,dev_29884
29885,ml,dev_29885
29886,ml,dev_29886
29887,ml,dev_29887
29888,ml,dev_29888
29889,web,dev_29889
29890,ml,dev_29890
29891,web,dev_29891
29892,web,dev_29892
29893,ml,dev_29893
29894,ml,dev_29894
29895,ml,dev_29895
29896,web,dev_29896
29897,web,dev_29897
29898,ml,dev_29898
29899,ml,dev_29899
29900,ml,dev_29900
29901,ml,dev_29901
29902,web,dev_29902
29903,web,dev_29903
29904,ml,dev_29904
29905,ml,dev_29905
29906,ml,dev_29906
29907,web,dev_29907
29908,web,dev_29908
29909,web,dev_29909
29910,web,dev_29910
29911,web,dev_29911
29912,ml,dev_29912
29913,web,dev_29913
29914,web,dev_29914
29915,web,dev_29915
29916,ml,dev_29916
29917,ml,dev_29917
29918,ml,dev_29918
29919,ml,dev_29919
29920,web,dev_29920
29921,ml,dev_29921
29922,web,dev_29922
29923,ml,dev_29923
29924,web,dev_29924
29925,ml,dev_29925
29926,ml,dev_29926
29927,ml,dev_29927
29928,ml,dev_29928
29929,ml,dev_29929
29930,web,dev_29930
29931,web,dev_29931
29932,ml,dev_29932
29933,ml,dev_29933
29934,ml,dev_29934
29935,web,dev_29935
29936,web,dev_29936
29937,web,dev_29937
29938,web,dev_29938
29939,web,dev_29939
29940,ml,dev_29940
29941,web,dev_29941
29942,web,dev_29942
29943,ml,dev_29943
29944,web,dev_29944
29945,ml,dev_29945
29946,ml,dev_29946
29947,ml,dev_29947
29948,ml,dev_29948
29949,web,dev_29949
29950,web,dev_29950
29951,ml,dev_29951
29952,ml,dev_29952
29953,web,dev_29953
29954,ml,dev_29954
29955,web,dev_29955
29956,web,dev_29956
29957,web,dev_29957
29958,web,dev_29958
29959,web,dev_29959
29960,web,dev_29960
29961,ml,dev_29961
29962,ml,dev_29962
29963,web,dev_29963
29964,ml,dev_29964
29965,ml,dev_29965
29966,web,dev_29966
29967,ml,dev_29967
29968,web,dev_29968
29969,ml,dev_29969
29970,ml,dev_29970
29971,ml,dev_29971
29972,web,dev_29972
29973,ml,dev_29973
29974,web,dev_29974
29975,ml,dev_29975
29976,ml,dev_29976
29977,ml,dev_29977
29978,web,dev_29978
29979,ml,dev_29979
29980,ml,dev_29980
29981,web,dev_29981
29982,web,dev_29982
29983,web,dev_29983
29984,ml,dev_29984
29985,web,dev_29985
29986,web,dev_29986
29987,web,dev_29987
29988,web,dev_29988
29989,ml,dev_29989
29990,ml,dev_29990
29991,ml,dev_29991
29992,web,dev_29992
29993,ml,dev_29993
29994,ml,dev_29994
29995,ml,dev_29995
29996,ml,dev_29996
29997,ml,dev_29997
29998,web,dev_29998
29999,web,dev_29999
30000,ml,dev_30000
30001,ml,dev_30001
30002,ml,dev_30002
30003,web,dev_30003
30004,ml,dev_30004
30005,web,dev_30005
30006,web,dev_30006
30007,ml,dev_30007
30008,ml,dev_30008
30009,web,dev_30009
30010,web,dev_30010
30011,web,dev_30011
30012,web,dev_30012
30013,web,dev_30013
30014,web,dev_30014
30015,web,dev_30015
30016,web,dev_30016
30017,web,dev_30017
30018,ml,dev_30018
30019,ml,dev_30019
30020,ml,dev_30020
30021,ml,dev_30021
30022,web,dev_30022
30023,ml,dev_30023
30024,web,dev_30024
30025,ml,dev_30025
30026,web,dev_30026
30027,web,dev_30027
30028,ml,dev_30028
30029,ml,dev_30029
30030,ml,dev_30030
30031,web,dev_30031
30032,web,dev_30032
30033,ml,dev_30033
30034,ml,dev_30034
30035,ml,dev_30035
30036,web,dev_30036
30037,web,dev_30037
30038,web,dev_30038
30039,ml,dev_30039
30040,ml,dev_30040
30041,ml,dev_30041
30042,ml,dev_30042
30043,web,dev_30043
30044,web,dev_30044
30045,ml,dev_30045
30046,ml,dev_30046
30047,web,dev_30047
30048,ml,dev_30048
30049,web,dev_30049
30050,web,dev_30050
30051,web,dev_30051
30052,web,dev_30052
30053,ml,dev_30053
30054,ml,dev_30054
30055,web,dev_30055
30056,web,dev_30056
30057,ml,dev_30057
30058,web,dev_30058
30059,ml,dev_30059
30060,web,dev_30060
30061,ml,dev_30061
30062,web,dev_30062
30063,web,dev_30063
30064,web,dev_30064
30065,web,dev_30065
30066,ml,dev_30066
30067,ml,dev_30067
30068,ml,dev_30068
30069,ml,dev_30069
30070,ml,dev_30070
30071,web,dev_30071
30072,web,dev_30072
30073,web,dev_30073
30074,ml,dev_30074
30075,web,dev_30075
30076,ml,dev_30076
30077,ml,dev_30077
30078,web,dev_30078
30079,web,dev_30079
30080,web,dev_30080
30081,web,dev_30081
30082,ml,dev_30082
30083,web,dev_30083
30084,web,dev_30084
30085,ml,dev_30085
30086,web,dev_30086
30087,ml,dev_30087
30088,ml,dev_30088
30089,ml,dev_30089
30090,ml,dev_30090
30091,ml,dev_30091
30092,web,dev_30092
30093,web,dev_30093
30094,ml,dev_30094
30095,web,dev_30095
30096,ml,dev_30096
30097,ml,dev_30097
30098,web,dev_30098
30099,ml,dev_30099
30100,ml,dev_30100
30101,ml,dev_30101
30102,web,dev_30102
30103,ml,dev_30103
30104,web,dev_30104
30105,ml,dev_30105
30106,web,dev_30106
30107,web,dev_30107
30108,ml,dev_30108
30109,ml,dev_30109
30110,web,dev_30110
30111,web,dev_30111
30112,web,dev_30112
30113,web,dev_30113
30114,web,dev_30114
30115,web,dev_30115
30116,web,dev_30116
30117,ml,dev_30117
30118,ml,dev_30118
30119,ml,dev_30119
30120,web,dev_30120
30121,web,dev_30121
30122,ml,dev_30122
30123,web,dev_30123
30124,web,dev_30124
30125,ml,dev_30125
30126,web,dev_30126
30127,ml,dev_30127
30128,ml,dev_30128
30129,web,dev_30129
30130,web,dev_30130
30131,web,dev_30131
30132,ml,dev_30132
30133,web,dev_30133
30134,web,dev_30134
30135,web,dev_30135
30136,ml,dev_30136
30137,ml,dev_30137
30138,web,dev_30138
30139,web,dev_30139
30140,web,dev_30140
30141,web,dev_30141
30142,ml,dev_30142
30143,ml,dev_30143
30144,web,dev_30144
30145,web,dev_30145
30146,web,dev_30146
30147,web,dev_30147
30148,ml,dev_30148
30149,web,dev_30149
30150,ml,dev_30150
30151,web,dev_30151
30152,web,dev_30152
30153,ml,dev_30153
30154,ml,dev_30154
30155,ml,dev_30155
30156,web,dev_30156
30157,ml,dev_30157
30158,ml,dev_30158
30159,ml,dev_30159
30160,web,dev_30160
30161,ml,dev_30161
30162,web,dev_30162
30163,web,dev_30163
30164,ml,dev_30164
30165,ml,dev_30165
30166,ml,dev_30166
30167,ml,dev_30167
30168,ml,dev_30168
30169,ml,dev_30169
30170,web,dev_30170
30171,ml,dev_30171
30172,web,dev_30172
30173,ml,dev_30173
30174,web,dev_30174
30175,ml,dev_30175
30176,web,dev_30176
30177,web,dev_30177
30178,web,dev_30178
30179,web,dev_30179
30180,ml,dev_30180
30181,web,dev_30181
30182,ml,dev_30182
30183,ml,dev_30183
30184,web,dev_30184
30185,ml,dev_30185
30186,ml,dev_30186
30187,ml,dev_30187
30188,ml,dev_30188
30189,web,dev_30189
30190,web,dev_30190
30191,ml,dev_30191
30192,ml,dev_30192
30193,ml,dev_30193
30194,web,dev_30194
30195,web,dev_30195
30196,web,dev_30196
30197,web,dev_30197
30198,web,dev_30198
30199,ml,dev_30199
30200,web,dev_30200
30201,ml,dev_30201
30202,web,dev_30202
30203,web,dev_30203
30204,web,dev_30204
30205,web,dev_30205
30206,web,dev_30206
30207,web,dev_30207
30208,web,dev_30208
30209,web,dev_30209
30210,ml,dev_30210
30211,web,dev_30211
30212,ml,dev_30212
30213,web,dev_30213
30214,ml,dev_30214
30215,web,dev_30215
30216,ml,dev_30216
30217,web,dev_30217
30218,web,dev_30218
30219,web,dev_30219
30220,ml,dev_30220
30221,ml,dev_30221
30222,web,dev_30222
30223,web,dev_30223
30224,ml,dev_30224
30225,ml,dev_30225
30226,ml,dev_30226
30227,ml,dev_30227
30228,ml,dev_30228
30229,ml,dev_30229
30230,web,dev_30230
30231,ml,dev_30231
30232,ml,dev_30232
30233,web,dev_30233
30234,web,dev_30234
30235,ml,dev_30235
30236,ml,dev_30236
30237,web,dev_30237
30238,web,dev_30238
30239,ml,dev_30239
30240,web,dev_30240
30241,ml,dev_30241
30242,ml,dev_30242
30243,web,dev_30243
30244,web,dev_30244
30245,ml,dev_30245
30246,web,dev_30246
30247,ml,dev_30247
30248,ml,dev_30248
30249,web,dev_30249
30250,web,dev_30250
30251,web,dev_30251
30252,ml,dev_30252
30253,ml,dev_30253
30254,web,dev_30254
30255,web,dev_30255
30256,ml,dev_30256
30257,ml,dev_30257
30258,ml,dev_30258
30259,web,dev_30259
30260,ml,dev_30260
30261,web,dev_30261
30262,web,dev_30262
30263,web,dev_30263
30264,web,dev_30264
30265,ml,dev_30265
30266,web,dev_30266
30267,ml,dev_30267
30268,ml,dev_30268
30269,web,dev_30269
30270,web,dev_30270
30271,web,dev_30271
30272,ml,dev_30272
30273,web,dev_30273
30274,web,dev_30274
30275,ml,dev_30275
30276,ml,dev_30276
30277,ml,dev_30277
30278,web,dev_30278
30279,ml,dev_30279
30280,ml,dev_30280
30281,ml,dev_30281
30282,ml,dev_30282
30283,web,dev_30283
30284,web,dev_30284
30285,ml,dev_30285
30286,web,dev_30286
30287,ml,dev_30287
30288,ml,dev_30288
30289,web,dev_30289
30290,web,dev_30290
30291,web,dev_30291
30292,web,dev_30292
30293,ml,dev_30293
30294,web,dev_30294
30295,ml,dev_30295
30296,web,dev_30296
30297,web,dev_30297
30298,ml,dev_30298
30299,web,dev_30299
30300,web,dev_30300
30301,ml,dev_30301
30302,web,dev_30302
30303,ml,dev_30303
30304,ml,dev_30304
30305,ml,dev_30305
30306,ml,dev_30306
30307,web,dev_30307
30308,ml,dev_30308
30309,web,dev_30309
30310,web,dev_30310
30311,web,dev_30311
30312,web,dev_30312
30313,web,dev_30313
30314,ml,dev_30314
30315,web,dev_30315
30316,ml,dev_30316
30317,ml,dev_30317
30318,ml,dev_30318
30319,ml,dev_30319
30320,ml,dev_30320
30321,ml,dev_30321
30322,web,dev_30322
30323,web,dev_30323
30324,web,dev_30324
30325,ml,dev_30325
30326,ml,dev_30326
30327,web,dev_30327
30328,ml,dev_30328
30329,web,dev_30329
30330,web,dev_30330
30331,ml,dev_30331
30332,web,dev_30332
30333,ml,dev_30333
30334,web,dev_30334
30335,ml,dev_30335
30336,web,dev_30336
30337,ml,dev_30337
30338,ml,dev_30338
30339,web,dev_30339
30340,ml,dev_30340
30341,web,dev_30341
30342,ml,dev_30342
30343,ml,dev_30343
30344,ml,dev_30344
30345,ml,dev_30345
30346,ml,dev_30346
30347,web,dev_30347
30348,ml,dev_30348
30349,web,dev_30349
30350,web,dev_30350
30351,web,dev_30351
30352,web,dev_30352
30353,web,dev_30353
30354,ml,dev_30354
30355,web,dev_30355
30356,ml,dev_30356
30357,web,dev_30357
30358,ml,dev_30358
30359,ml,dev_30359
30360,ml,dev_30360
30361,ml,dev_30361
30362,web,dev_30362
30363,web,dev_30363
30364,web,dev_30364
30365,ml,dev_30365
30366,web,dev_30366
30367,ml,dev_30367
30368,ml,dev_30368
30369,ml,dev_30369
30370,web,dev_30370
30371,ml,dev_30371
30372,ml,dev_30372
30373,ml,dev_30373
30374,ml,dev_30374
30375,web,dev_30375
30376,ml,dev_30376
30377,ml,dev_30377
30378,ml,dev_30378
30379,ml,dev_30379
30380,ml,dev_30380
30381,ml,dev_30381
30382,web,dev_30382
30383,web,dev_30383
30384,ml,dev_30384
30385,web,dev_30385
30386,web,dev_30386
30387,ml,dev_30387
30388,web,dev_30388
30389,web,dev_30389
30390,ml,dev_30390
30391,web,dev_30391
30392,ml,dev_30392
30393,ml,dev_30393
30394,ml,dev_30394
30395,ml,dev_30395
30396,ml,dev_30396
30397,web,dev_30397
30398,ml,dev_30398
30399,ml,dev_30399
30400,ml,dev_30400
30401,ml,dev_30401
30402,ml,dev_30402
30403,ml,dev_30403
30404,web,dev_30404
30405,ml,dev_30405
30406,web,dev_30406
30407,ml,dev_30407
30408,ml,dev_30408
30409,ml,dev_30409
30410,ml,dev_30410
30411,ml,dev_30411
30412,ml,dev_30412
30413,ml,dev_30413
30414,web,dev_30414
30415,ml,dev_30415
30416,ml,dev_30416
30417,web,dev_30417
30418,ml,dev_30418
30419,ml,dev_30419
30420,ml,dev_30420
30421,web,dev_30421
30422,web,dev_30422
30423,web,dev_30423
30424,ml,dev_30424
30425,ml,dev_30425
30426,web,dev_30426
30427,web,dev_30427
30428,web,dev_30428
30429,ml,dev_30429
30430,web,dev_30430
30431,ml,dev_30431
30432,ml,dev_30432
30433,ml,dev_30433
30434,web,dev_30434
30435,web,dev_30435
30436,ml,dev_30436
30437,ml,dev_30437
30438,web,dev_30438
30439,ml,dev_30439
30440,ml,dev_30440
30441,ml,dev_30441
30442,web,dev_30442
30443,web,dev_30443
30444,web,dev_30444
30445,web,dev_30445
30446,web,dev_30446
30447,web,dev_30447
30448,web,dev_30448
30449,web,dev_30449
30450,ml,dev_30450
30451,web,dev_30451
30452,ml,dev_30452
30453,web,dev_30453
30454,ml,dev_30454
30455,ml,dev_30455
30456,web,dev_30456
30457,ml,dev_30457
30458,web,dev_30458
30459,ml,dev_30459
30460,web,dev_30460
30461,web,dev_30461
30462,web,dev_30462
30463,web,dev_30463
30464,web,dev_30464
30465,web,dev_30465
30466,web,dev_30466
30467,web,dev_30467
30468,web,dev_30468
30469,ml,dev_30469
30470,web,dev_30470
30471,web,dev_30471
30472,web,dev_30472
30473,web,dev_30473
30474,web,dev_30474
30475,ml,dev_30475
30476,web,dev_30476
30477,ml,dev_30477
30478,ml,dev_30478
30479,ml,dev_30479
30480,ml,dev_30480
30481,web,dev_30481
30482,web,dev_30482
30483,ml,dev_30483
30484,web,dev_30484
30485,ml,dev_30485
30486,web,dev_30486
30487,web,dev_30487
30488,web,dev_30488
30489,web,dev_30489
30490,ml,dev_30490
30491,web,dev_30491
30492,web,dev_30492
30493,ml,dev_30493
30494,ml,dev_30494
30495,web,dev_30495
30496,web,dev_30496
30497,web,dev_30497
30498,ml,dev_30498
30499,web,dev_30499
30500,ml,dev_30500
30501,ml,dev_30501
30502,ml,dev_30502
30503,ml,dev_30503
30504,ml,dev_30504
30505,web,dev_30505
30506,web,dev_30506
30507,web,dev_30507
30508,web,dev_30508
30509,web,dev_30509
30510,web,dev_30510
30511,ml,dev_30511
30512,ml,dev_30512
30513,web,dev_30513
30514,web,dev_30514
30515,ml,dev_30515
30516,web,dev_30516
30517,web,dev_30517
30518,ml,dev_30518
30519,ml,dev_30519
30520,web,dev_30520
30521,web,dev_30521
30522,web,dev_30522
30523,ml,dev_30523
30524,ml,dev_30524
30525,ml,dev_30525
30526,web,dev_30526
30527,web,dev_30527
30528,ml,dev_30528
30529,web,dev_30529
30530,web,dev_30530
30531,web,dev_30531
30532,ml,dev_30532
30533,ml,dev_30533
30534,ml,dev_30534
30535,web,dev_30535
30536,web,dev_30536
30537,ml,dev_30537
30538,web,dev_30538
30539,ml,dev_30539
30540,ml,dev_30540
30541,web,dev_30541
30542,web,dev_30542
30543,ml,dev_30543
30544,web,dev_30544
30545,ml,dev_30545
30546,web,dev_30546
30547,ml,dev_30547
30548,ml,dev_30548
30549,ml,dev_30549
30550,ml,dev_30550
30551,ml,dev_30551
30552,ml,dev_30552
30553,web,dev_30553
30554,ml,dev_30554
30555,ml,dev_30555
30556,ml,dev_30556
30557,web,dev_30557
30558,ml,dev_30558
30559,ml,dev_30559
30560,ml,dev_30560
30561,ml,dev_30561
30562,web,dev_30562
30563,ml,dev_30563
30564,web,dev_30564
30565,ml,dev_30565
30566,ml,dev_30566
30567,ml,dev_30567
30568,web,dev_30568
30569,ml,dev_30569
30570,web,dev_30570
30571,web,dev_30571
30572,web,dev_30572
30573,web,dev_30573
30574,ml,dev_30574
30575,web,dev_30575
30576,ml,dev_30576
30577,ml,dev_30577
30578,ml,dev_30578
30579,web,dev_30579
30580,ml,dev_30580
30581,web,dev_30581
30582,ml,dev_30582
30583,ml,dev_30583
30584,ml,dev_30584
30585,web,dev_30585
30586,web,dev_30586
30587,ml,dev_30587
30588,web,dev_30588
30589,web,dev_30589
30590,ml,dev_30590
30591,web,dev_30591
30592,web,dev_30592
30593,web,dev_30593
30594,web,dev_30594
30595,ml,dev_30595
30596,ml,dev_30596
30597,ml,dev_30597
30598,web,dev_30598
30599,ml,dev_30599
30600,web,dev_30600
30601,ml,dev_30601
30602,ml,dev_30602
30603,ml,dev_30603
30604,web,dev_30604
30605,web,dev_30605
30606,ml,dev_30606
30607,ml,dev_30607
30608,web,dev_30608
30609,web,dev_30609
30610,web,dev_30610
30611,web,dev_30611
30612,web,dev_30612
30613,ml,dev_30613
30614,ml,dev_30614
30615,ml,dev_30615
30616,ml,dev_30616
30617,ml,dev_30617
30618,ml,dev_30618
30619,ml,dev_30619
30620,ml,dev_30620
30621,ml,dev_30621
30622,web,dev_30622
30623,ml,dev_30623
30624,ml,dev_30624
30625,ml,dev_30625
30626,web,dev_30626
30627,web,dev_30627
30628,web,dev_30628
30629,ml,dev_30629
30630,web,dev_30630
30631,web,dev_30631
30632,ml,dev_30632
30633,ml,dev_30633
30634,ml,dev_30634
30635,ml,dev_30635
30636,web,dev_30636
30637,ml,dev_30637
30638,web,dev_30638
30639,ml,dev_30639
30640,web,dev_30640
30641,web,dev_30641
30642,ml,dev_30642
30643,web,dev_30643
30644,ml,dev_30644
30645,web,dev_30645
30646,web,dev_30646
30647,web,dev_30647
30648,web,dev_30648
30649,web,dev_30649
30650,ml,dev_30650
30651,ml,dev_30651
30652,web,dev_30652
30653,ml,dev_30653
30654,ml,dev_30654
30655,web,dev_30655
30656,web,dev_30656
30657,web,dev_30657
30658,web,dev_30658
30659,ml,dev_30659
30660,web,dev_30660
30661,web,dev_30661
30662,ml,dev_30662
30663,web,dev_30663
30664,ml,dev_30664
30665,ml,dev_30665
30666,ml,dev_30666
30667,ml,dev_30667
30668,web,dev_30668
30669,web,dev_30669
30670,ml,dev_30670
30671,ml,dev_30671
30672,ml,dev_30672
30673,web,dev_30673
30674,ml,dev_30674
30675,web,dev_30675
30676,ml,dev_30676
30677,ml,dev_30677
30678,ml,dev_30678
30679,ml,dev_30679
30680,web,dev_30680
30681,web,dev_30681
30682,web,dev_30682
30683,web,dev_30683
30684,ml,dev_30684
30685,ml,dev_30685
30686,ml,dev_30686
30687,web,dev_30687
30688,web,dev_30688
30689,ml,dev_30689
30690,web,dev_30690
30691,web,dev_30691
30692,ml,dev_30692
30693,web,dev_30693
30694,ml,dev_30694
30695,web,dev_30695
30696,ml,dev_30696
30697,web,dev_30697
30698,web,dev_30698
30699,ml,dev_30699
30700,ml,dev_30700
30701,web,dev_30701
30702,web,dev_30702
30703,ml,dev_30703
30704,ml,dev_30704
30705,ml,dev_30705
30706,ml,dev_30706
30707,ml,dev_30707
30708,web,dev_30708
30709,ml,dev_30709
30710,web,dev_30710
30711,web,dev_30711
30712,ml,dev_30712
30713,ml,dev_30713
30714,web,dev_30714
30715,web,dev_30715
30716,ml,dev_30716
30717,web,dev_30717
30718,web,dev_30718
30719,ml,dev_30719
30720,web,dev_30720
30721,ml,dev_30721
30722,ml,dev_30722
30723,web,dev_30723
30724,ml,dev_30724
30725,ml,dev_30725
30726,web,dev_30726
30727,web,dev_30727
30728,web,dev_30728
30729,ml,dev_30729
30730,web,dev_30730
30731,ml,dev_30731
30732,web,dev_30732
30733,web,dev_30733
30734,web,dev_30734
30735,ml,dev_30735
30736,web,dev_30736
30737,ml,dev_30737
30738,web,dev_30738
30739,web,dev_30739
30740,web,dev_30740
30741,ml,dev_30741
30742,web,dev_30742
30743,ml,dev_30743
30744,web,dev_30744
30745,web,dev_30745
30746,ml,dev_30746
30747,ml,dev_30747
30748,ml,dev_30748
30749,web,dev_30749
30750,ml,dev_30750
30751,ml,dev_30751
30752,web,dev_30752
30753,ml,dev_30753
30754,ml,dev_30754
30755,web,dev_30755
30756,ml,dev_30756
30757,web,dev_30757
30758,web,dev_30758
30759,web,dev_30759
30760,web,dev_30760
30761,web,dev_30761
30762,web,dev_30762
30763,ml,dev_30763
30764,web,dev_30764
30765,web,dev_30765
30766,web,dev_30766
30767,web,dev_30767
30768,web,dev_30768
30769,web,dev_30769
30770,ml,dev_30770
30771,ml,dev_30771
30772,ml,dev_30772
30773,web,dev_30773
30774,web,dev_30774
30775,ml,dev_30775
30776,ml,dev_30776
30777,ml,dev_30777
30778,web,dev_30778
30779,web,dev_30779
30780,ml,dev_30780
30781,ml,dev_30781
30782,ml,dev_30782
30783,ml,dev_30783
30784,ml,dev_30784
30785,ml,dev_30785
30786,web,dev_30786
30787,ml,dev_30787
30788,web,dev_30788
30789,ml,dev_30789
30790,web,dev_30790
30791,ml,dev_30791
30792,web,dev_30792
30793,ml,dev_30793
30794,web,dev_30794
30795,ml,dev_30795
30796,web,dev_30796
30797,web,dev_30797
30798,ml,dev_30798
30799,ml,dev_30799
30800,ml,dev_30800
30801,web,dev_30801
30802,web,dev_30802
30803,ml,dev_30803
30804,web,dev_30804
30805,ml,dev_30805
30806,web,dev_30806
30807,web,dev_30807
30808,ml,dev_30808
30809,ml,dev_30809
30810,ml,dev_30810
30811,web,dev_30811
30812,web,dev_30812
30813,ml,dev_30813
30814,web,dev_30814
30815,ml,dev_30815
30816,ml,dev_30816
30817,ml,dev_30817
30818,web,dev_30818
30819,web,dev_30819
30820,web,dev_30820
30821,ml,dev_30821
30822,ml,dev_30822
30823,ml,dev_30823
30824,ml,dev_30824
30825,web,dev_30825
30826,ml,dev_30826
30827,web,dev_30827
30828,web,dev_30828
30829,ml,dev_30829
30830,ml,dev_30830
30831,ml,dev_30831
30832,ml,dev_30832
30833,ml,dev_30833
30834,web,dev_30834
30835,web,dev_30835
30836,web,dev_30836
30837,web,dev_30837
30838,web,dev_30838
30839,ml,dev_30839
30840,web,dev_30840
30841,web,dev_30841
30842,web,dev_30842
30843,ml,dev_30843
30844,ml,dev_30844
30845,ml,dev_30845
30846,web,dev_30846
30847,ml,dev_30847
30848,web,dev_30848
30849,ml,dev_30849
30850,ml,dev_30850
30851,ml,dev_30851
30852,web,dev_30852
30853,ml,dev_30853
30854,web,dev_30854
30855,ml,dev_30855
30856,web,dev_30856
30857,ml,dev_30857
30858,web,dev_30858
30859,ml,dev_30859
30860,ml,dev_30860
30861,web,dev_30861
30862,web,dev_30862
30863,web,dev_30863
30864,ml,dev_30864
30865,web,dev_30865
30866,web,dev_30866
30867,web,dev_30867
30868,web,dev_30868
30869,web,dev_30869
30870,ml,dev_30870
30871,ml,dev_30871
30872,ml,dev_30872
30873,web,dev_30873
30874,web,dev_30874
30875,ml,dev_30875
30876,web,dev_30876
30877,ml,dev_30877
30878,ml,dev_30878
30879,ml,dev_30879
30880,web,dev_30880
30881,web,dev_30881
30882,ml,dev_30882
30883,web,dev_30883
30884,web,dev_30884
30885,web,dev_30885
30886,ml,dev_30886
30887,web,dev_30887
30888,ml,dev_30888
30889,ml,dev_30889
30890,ml,dev_30890
30891,web,dev_30891
30892,web,dev_30892
30893,ml,dev_30893
30894,web,dev_30894
30895,web,dev_30895
30896,web,dev_30896
30897,web,dev_30897
30898,web,dev_30898
30899,ml,dev_30899
30900,ml,dev_30900
30901,ml,dev_30901
30902,web,dev_30902
30903,web,dev_30903
30904,ml,dev_30904
30905,web,dev_30905
30906,ml,dev_30906
30907,web,dev_30907
30908,ml,dev_30908
30909,web,dev_30909
30910,web,dev_30910
30911,ml,dev_30911
30912,ml,dev_30912
30913,ml,dev_30913
30914,web,dev_30914
30915,ml,dev_30915
30916,web,dev_30916
30917,web,dev_30917
30918,ml,dev_30918
30919,ml,dev_30919
30920,ml,dev_30920
30921,ml,dev_30921
30922,web,dev_30922
30923,ml,dev_30923
30924,ml,dev_30924
30925,ml,dev_30925
30926,web,dev_30926
30927,ml,dev_30927
30928,ml,dev_30928
30929,ml,dev_30929
30930,web,dev_30930
30931,ml,dev_30931
30932,web,dev_30932
30933,ml,dev_30933
30934,ml,dev_30934
30935,web,dev_30935
30936,ml,dev_30936
30937,web,dev_30937
30938,ml,dev_30938
30939,web,dev_30939
30940,ml,dev_30940
30941,ml,dev_30941
30942,ml,dev_30942
30943,ml,dev_30943
30944,ml,dev_30944
30945,ml,dev_30945
30946,ml,dev_30946
30947,web,dev_30947
30948,web,dev_30948
30949,web,dev_30949
30950,web,dev_30950
30951,web,dev_30951
30952,ml,dev_30952
30953,web,dev_30953
30954,ml,dev_30954
30955,web,dev_30955
30956,web,dev_30956
30957,ml,dev_30957
30958,web,dev_30958
30959,ml,dev_30959
30960,web,dev_30960
30961,ml,dev_30961
30962,ml,dev_30962
30963,ml,dev_30963
30964,web,dev_30964
30965,web,dev_30965
30966,web,dev_30966
30967,ml,dev_30967
30968,web,dev_30968
30969,ml,dev_30969
30970,ml,dev_30970
30971,ml,dev_30971
30972,web,dev_30972
30973,web,dev_30973
30974,ml,dev_30974
30975,ml,dev_30975
30976,ml,dev_30976
30977,ml,dev_30977
30978,web,dev_30978
30979,ml,dev_30979
30980,web,dev_30980
30981,web,dev_30981
30982,ml,dev_30982
30983,web,dev_30983
30984,ml,dev_30984
30985,web,dev_30985
30986,ml,dev_30986
30987,web,dev_30987
30988,web,dev_30988
30989,web,dev_30989
30990,web,dev_30990
30991,web,dev_30991
30992,ml,dev_30992
30993,web,dev_30993
30994,ml,dev_30994
30995,ml,dev_30995
30996,ml,dev_30996
30997,web,dev_30997
30998,web,dev_30998
30999,ml,dev_30999
31000,ml,dev_31000
31001,web,dev_31001
31002,web,dev_31002
31003,web,dev_31003
31004,web,dev_31004
31005,ml,dev_31005
31006,web,dev_31006
31007,ml,dev_31007
31008,ml,dev_31008
31009,ml,dev_31009
31010,ml,dev_31010
31011,web,dev_31011
31012,web,dev_31012
31013,ml,dev_31013
31014,web,dev_31014
31015,web,dev_31015
31016,ml,dev_31016
31017,ml,dev_31017
31018,ml,dev_31018
31019,ml,dev_31019
31020,ml,dev_31020
31021,web,dev_31021
31022,ml,dev_31022
31023,ml,dev_31023
31024,web,dev_31024
31025,ml,dev_31025
31026,ml,dev_31026
31027,ml,dev_31027
31028,web,dev_31028
31029,ml,dev_31029
31030,web,dev_31030
31031,ml,dev_31031
31032,ml,dev_31032
31033,web,dev_31033
31034,ml,dev_31034
31035,web,dev_31035
31036,web,dev_31036
31037,ml,dev_31037
31038,ml,dev_31038
31039,web,dev_31039
31040,ml,dev_31040
31041,web,dev_31041
31042,ml,dev_31042
31043,web,dev_31043
31044,ml,dev_31044
31045,web,dev_31045
31046,web,dev_31046
31047,ml,dev_31047
31048,ml,dev_31048
31049,ml,dev_31049
31050,ml,dev_31050
31051,ml,dev_31051
31052,ml,dev_31052
31053,web,dev_31053
31054,ml,dev_31054
31055,ml,dev_31055
31056,ml,dev_31056
31057,ml,dev_31057
31058,web,dev_31058
31059,ml,dev_31059
31060,web,dev_31060
31061,web,dev_31061
31062,ml,dev_31062
31063,ml,dev_31063
31064,web,dev_31064
31065,web,dev_31065
31066,web,dev_31066
31067,web,dev_31067
31068,web,dev_31068
31069,ml,dev_31069
31070,web,dev_31070
31071,ml,dev_31071
31072,web,dev_31072
31073,web,dev_31073
31074,web,dev_31074
31075,web,dev_31075
31076,web,dev_31076
31077,web,dev_31077
31078,web,dev_31078
31079,web,dev_31079
31080,web,dev_31080
31081,web,dev_31081
31082,web,dev_31082
31083,ml,dev_31083
31084,ml,dev_31084
31085,ml,dev_31085
31086,ml,dev_31086
31087,ml,dev_31087
31088,ml,dev_31088
31089,ml,dev_31089
31090,web,dev_31090
31091,ml,dev_31091
31092,ml,dev_31092
31093,ml,dev_31093
31094,ml,dev_31094
31095,ml,dev_31095
31096,ml,dev_31096
31097,ml,dev_31097
31098,ml,dev_31098
31099,ml,dev_31099
31100,web,dev_31100
31101,ml,dev_31101
31102,ml,dev_31102
31103,web,dev_31103
31104,web,dev_31104
31105,ml,dev_31105
31106,web,dev_31106
31107,web,dev_31107
31108,ml,dev_31108
31109,web,dev_31109
31110,ml,dev_31110
31111,web,dev_31111
31112,ml,dev_31112
31113,web,dev_31113
31114,web,dev_31114
31115,ml,dev_31115
31116,web,dev_31116
31117,ml,dev_31117
31118,web,dev_31118
31119,ml,dev_31119
31120,ml,dev_31120
31121,ml,dev_31121
31122,web,dev_31122
31123,ml,dev_31123
31124,web,dev_31124
31125,ml,dev_31125
31126,web,dev_31126
31127,web,dev_31127
31128,ml,dev_31128
31129,web,dev_31129
31130,ml,dev_31130
31131,web,dev_31131
31132,ml,dev_31132
31133,ml,dev_31133
31134,ml,dev_31134
31135,web,dev_31135
31136,web,dev_31136
31137,web,dev_31137
31138,ml,dev_31138
31139,ml,dev_31139
31140,web,dev_31140
31141,ml,dev_31141
31142,web,dev_31142
31143,web,dev_31143
31144,ml,dev_31144
31145,ml,dev_31145
31146,web,dev_31146
31147,ml,dev_31147
31148,web,dev_31148
31149,ml,dev_31149
31150,ml,dev_31150
31151,web,dev_31151
31152,web,dev_31152
31153,web,dev_31153
31154,ml,dev_31154
31155,web,dev_31155
31156,web,dev_31156
31157,web,dev_31157
31158,web,dev_31158
31159,ml,dev_31159
31160,ml,dev_31160
31161,ml,dev_31161
31162,ml,dev_31162
31163,ml,dev_31163
31164,web,dev_31164
31165,ml,dev_31165
31166,web,dev_31166
31167,web,dev_31167
31168,ml,dev_31168
31169,web,dev_31169
31170,ml,dev_31170
31171,web,dev_31171
31172,ml,dev_31172
31173,ml,dev_31173
31174,ml,dev_31174
31175,ml,dev_31175
31176,ml,dev_31176
31177,ml,dev_31177
31178,ml,dev_31178
31179,ml,dev_31179
31180,ml,dev_31180
31181,ml,dev_31181
31182,web,dev_31182
31183,web,dev_31183
31184,web,dev_31184
31185,ml,dev_31185
31186,ml,dev_31186
31187,web,dev_31187
31188,web,dev_31188
31189,ml,dev_31189
31190,web,dev_31190
31191,web,dev_31191
31192,web,dev_31192
31193,ml,dev_31193
31194,web,dev_31194
31195,web,dev_31195
31196,ml,dev_31196
31197,ml,dev_31197
31198,web,dev_31198
31199,web,dev_31199
31200,ml,dev_31200
31201,ml,dev_31201
31202,web,dev_31202
31203,web,dev_31203
31204,ml,dev_31204
31205,ml,dev_31205
31206,ml,dev_31206
31207,web,dev_31207
31208,ml,dev_31208
31209,ml,dev_31209
31210,ml,dev_31210
31211,ml,dev_31211
31212,ml,dev_31212
31213,ml,dev_31213
31214,web,dev_31214
31215,ml,dev_31215
31216,web,dev_31216
31217,web,dev_31217
31218,ml,dev_31218
31219,web,dev_31219
31220,ml,dev_31220
31221,ml,dev_31221
31222,ml,dev_31222
31223,ml,dev_31223
31224,web,dev_31224
31225,web,dev_31225
31226,ml,dev_31226
31227,web,dev_31227
31228,web,dev_31228
31229,ml,dev_31229
31230,web,dev_31230
31231,ml,dev_31231
31232,ml,dev_31232
31233,web,dev_31233
31234,ml,dev_31234
31235,ml,dev_31235
31236,ml,dev_31236
31237,web,dev_31237
31238,web,dev_31238
31239,web,dev_31239
31240,ml,dev_31240
31241,ml,dev_31241
31242,web,dev_31242
31243,ml,dev_31243
31244,ml,dev_31244
31245,web,dev_31245
31246,ml,dev_31246
31247,web,dev_31247
31248,ml,dev_31248
31249,ml,dev_31249
31250,web,dev_31250
31251,web,dev_31251
31252,ml,dev_31252
31253,ml,dev_31253
31254,ml,dev_31254
31255,ml,dev_31255
31256,web,dev_31256
31257,web,dev_31257
31258,web,dev_31258
31259,ml,dev_31259
31260,ml,dev_31260
31261,ml,dev_31261
31262,ml,dev_31262
31263,web,dev_31263
31264,ml,dev_31264
31265,web,dev_31265
31266,ml,dev_31266
31267,ml,dev_31267
31268,ml,dev_31268
31269,web,dev_31269
31270,ml,dev_31270
31271,web,dev_31271
31272,ml,dev_31272
31273,ml,dev_31273
31274,ml,dev_31274
31275,ml,dev_31275
31276,ml,dev_31276
31277,ml,dev_31277
31278,web,dev_31278
31279,web,dev_31279
31280,web,dev_31280
31281,ml,dev_31281
31282,ml,dev_31282
31283,ml,dev_31283
31284,web,dev_31284
31285,ml,dev_31285
31286,web,dev_31286
31287,ml,dev_31287
31288,ml,dev_31288
31289,ml,dev_31289
31290,ml,dev_31290
31291,ml,dev_31291
31292,ml,dev_31292
31293,ml,dev_31293
31294,ml,dev_31294
31295,ml,dev_31295
31296,web,dev_31296
31297,web,dev_31297
31298,ml,dev_31298
31299,web,dev_31299
31300,web,dev_31300
31301,ml,dev_31301
31302,web,dev_31302
31303,web,dev_31303
31304,ml,dev_31304
31305,web,dev_31305
31306,ml,dev_31306
31307,ml,dev_31307
31308,ml,dev_31308
31309,ml,dev_31309
31310,ml,dev_31310
31311,ml,dev_31311
31312,web,dev_31312
31313,web,dev_31313
31314,web,dev_31314
31315,ml,dev_31315
31316,web,dev_31316
31317,web,dev_31317
31318,web,dev_31318
31319,ml,dev_31319
31320,ml,dev_31320
31321,web,dev_31321
31322,web,dev_31322
31323,web,dev_31323
31324,ml,dev_31324
31325,ml,dev_31325
31326,ml,dev_31326
31327,web,dev_31327
31328,web,dev_31328
31329,web,dev_31329
31330,web,dev_31330
31331,web,dev_31331
31332,ml,dev_31332
31333,web,dev_31333
31334,web,dev_31334
31335,web,dev_31335
31336,ml,dev_31336
31337,ml,dev_31337
31338,ml,dev_31338
31339,web,dev_31339
31340,ml,dev_31340
31341,ml,dev_31341
31342,ml,dev_31342
31343,web,dev_31343
31344,web,dev_31344
31345,ml,dev_31345
31346,ml,dev_31346
31347,web,dev_31347
31348,ml,dev_31348
31349,ml,dev_31349
31350,ml,dev_31350
31351,web,dev_31351
31352,ml,dev_31352
31353,web,dev_31353
31354,ml,dev_31354
31355,ml,dev_31355
31356,web,dev_31356
31357,web,dev_31357
31358,ml,dev_31358
31359,ml,dev_31359
31360,ml,dev_31360
31361,ml,dev_31361
31362,web,dev_31362
31363,ml,dev_31363
31364,web,dev_31364
31365,web,dev_31365
31366,ml,dev_31366
31367,web,dev_31367
31368,ml,dev_31368
31369,web,dev_31369
31370,web,dev_31370
31371,ml,dev_31371
31372,ml,dev_31372
31373,web,dev_31373
31374,web,dev_31374
31375,ml,dev_31375
31376,ml,dev_31376
31377,web,dev_31377
31378,ml,dev_31378
31379,ml,dev_31379
31380,web,dev_31380
31381,ml,dev_31381
31382,web,dev_31382
31383,web,dev_31383
31384,ml,dev_31384
31385,ml,dev_31385
31386,web,dev_31386
31387,web,dev_31387
31388,web,dev_31388
31389,web,dev_31389
31390,web,dev_31390
31391,ml,dev_31391
31392,ml,dev_31392
31393,web,dev_31393
31394,ml,dev_31394
31395,web,dev_31395
31396,ml,dev_31396
31397,web,dev_31397
31398,ml,dev_31398
31399,ml,dev_31399
31400,web,dev_31400
31401,web,dev_31401
31402,ml,dev_31402
31403,web,dev_31403
31404,web,dev_31404
31405,web,dev_31405
31406,web,dev_31406
31407,web,dev_31407
31408,web,dev_31408
31409,ml,dev_31409
31410,ml,dev_31410
31411,web,dev_31411
31412,ml,dev_31412
31413,web,dev_31413
31414,web,dev_31414
31415,ml,dev_31415
31416,ml,dev_31416
31417,web,dev_31417
31418,web,dev_31418
31419,web,dev_31419
31420,ml,dev_31420
31421,ml,dev_31421
31422,web,dev_31422
31423,web,dev_31423
31424,web,dev_31424
31425,web,dev_31425
31426,web,dev_31426
31427,ml,dev_31427
31428,ml,dev_31428
31429,ml,dev_31429
31430,ml,dev_31430
31431,web,dev_31431
31432,ml,dev_31432
31433,ml,dev_31433
31434,web,dev_31434
31435,ml,dev_31435
31436,ml,dev_31436
31437,web,dev_31437
31438,ml,dev_31438
31439,web,dev_31439
31440,ml,dev_31440
31441,web,dev_31441
31442,web,dev_31442
31443,ml,dev_31443
31444,ml,dev_31444
31445,web,dev_31445
31446,web,dev_31446
31447,web,dev_31447
31448,ml,dev_31448
31449,ml,dev_31449
31450,ml,dev_31450
31451,ml,dev_31451
31452,ml,dev_31452
31453,ml,dev_31453
31454,web,dev_31454
31455,ml,dev_31455
31456,web,dev_31456
31457,web,dev_31457
31458,ml,dev_31458
31459,web,dev_31459
31460,web,dev_31460
31461,web,dev_31461
31462,ml,dev_31462
31463,web,dev_31463
31464,web,dev_31464
31465,ml,dev_31465
31466,ml,dev_31466
31467,ml,dev_31467
31468,web,dev_31468
31469,web,dev_31469
31470,web,dev_31470
31471,web,dev_31471
31472,ml,dev_31472
31473,ml,dev_31473
31474,web,dev_31474
31475,ml,dev_31475
31476,ml,dev_31476
31477,web,dev_31477
31478,ml,dev_31478
31479,web,dev_31479
31480,web,dev_31480
31481,ml,dev_31481
31482,ml,dev_31482
31483,web,dev_31483
31484,ml,dev_31484
31485,ml,dev_31485
31486,ml,dev_31486
31487,ml,dev_31487
31488,web,dev_31488
31489,ml,dev_31489
31490,web,dev_31490
31491,web,dev_31491
31492,web,dev_31492
31493,web,dev_31493
31494,web,dev_31494
31495,web,dev_31495
31496,ml,dev_31496
31497,ml,dev_31497
31498,ml,dev_31498
31499,web,dev_31499
31500,web,dev_31500
31501,web,dev_31501
31502,web,dev_31502
31503,ml,dev_31503
31504,ml,dev_31504
31505,web,dev_31505
31506,web,dev_31506
31507,web,dev_31507
31508,ml,dev_31508
31509,web,dev_31509
31510,ml,dev_31510
31511,ml,dev_31511
31512,web,dev_31512
31513,web,dev_31513
31514,web,dev_31514
31515,web,dev_31515
31516,ml,dev_31516
31517,ml,dev_31517
31518,ml,dev_31518
31519,web,dev_31519
31520,web,dev_31520
31521,ml,dev_31521
31522,web,dev_31522
31523,ml,dev_31523
31524,ml,dev_31524
31525,web,dev_31525
31526,web,dev_31526
31527,ml,dev_31527
31528,ml,dev_31528
31529,web,dev_31529
31530,ml,dev_31530
31531,web,dev_31531
31532,ml,dev_31532
31533,web,dev_31533
31534,ml,dev_31534
31535,web,dev_31535
31536,ml,dev_31536
31537,web,dev_31537
31538,ml,dev_31538
31539,web,dev_31539
31540,ml,dev_31540
31541,web,dev_31541
31542,web,dev_31542
31543,web,dev_31543
31544,web,dev_31544
31545,ml,dev_31545
31546,web,dev_31546
31547,web,dev_31547
31548,web,dev_31548
31549,web,dev_31549
31550,ml,dev_31550
31551,ml,dev_31551
31552,ml,dev_31552
31553,ml,dev_31553
31554,web,dev_31554
31555,ml,dev_31555
31556,ml,dev_31556
31557,ml,dev_31557
31558,web,dev_31558
31559,ml,dev_31559
31560,web,dev_31560
31561,web,dev_31561
31562,web,dev_31562
31563,web,dev_31563
31564,web,dev_31564
31565,web,dev_31565
31566,ml,dev_31566
31567,web,dev_31567
31568,web,dev_31568
31569,ml,dev_31569
31570,ml,dev_31570
31571,ml,dev_31571
31572,ml,dev_31572
31573,ml,dev_31573
31574,ml,dev_31574
31575,ml,dev_31575
31576,web,dev_31576
31577,ml,dev_31577
31578,web,dev_31578
31579,web,dev_31579
31580,ml,dev_31580
31581,ml,dev_31581
31582,ml,dev_31582
31583,web,dev_31583
31584,ml,dev_31584
31585,web,dev_31585
31586,ml,dev_31586
31587,web,dev_31587
31588,web,dev_31588
31589,web,dev_31589
31590,web,dev_31590
31591,web,dev_31591
31592,ml,dev_31592
31593,web,dev_31593
31594,ml,dev_31594
31595,web,dev_31595
31596,web,dev_31596
31597,ml,dev_31597
31598,ml,dev_31598
31599,web,dev_31599
31600,ml,dev_31600
31601,web,dev_31601
31602,web,dev_31602
31603,ml,dev_31603
31604,web,dev_31604
31605,ml,dev_31605
31606,web,dev_31606
31607,ml,dev_31607
31608,web,dev_31608
31609,ml,dev_31609
31610,web,dev_31610
31611,ml,dev_31611
31612,web,dev_31612
31613,ml,dev_31613
31614,ml,dev_31614
31615,web,dev_31615
31616,web,dev_31616
31617,web,dev_31617
31618,web,dev_31618
31619,web,dev_31619
31620,ml,dev_31620
31621,ml,dev_31621
31622,web,dev_31622
31623,web,dev_31623
31624,ml,dev_31624
31625,ml,dev_31625
31626,web,dev_31626
31627,web,dev_31627
31628,ml,dev_31628
31629,web,dev_31629
31630,ml,dev_31630
31631,web,dev_31631
31632,ml,dev_31632
31633,ml,dev_31633
31634,ml,dev_31634
31635,web,dev_31635
31636,web,dev_31636
31637,web,dev_31637
31638,web,dev_31638
31639,web,dev_31639
31640,ml,dev_31640
31641,web,dev_31641
31642,ml,dev_31642
31643,ml,dev_31643
31644,ml,dev_31644
31645,web,dev_31645
31646,ml,dev_31646
31647,web,dev_31647
31648,web,dev_31648
31649,web,dev_31649
31650,web,dev_31650
31651,ml,dev_31651
31652,ml,dev_31652
31653,ml,dev_31653
31654,ml,dev_31654
31655,web,dev_31655
31656,ml,dev_31656
31657,web,dev_31657
31658,ml,dev_31658
31659,web,dev_31659
31660,web,dev_31660
31661,ml,dev_31661
31662,ml,dev_31662
31663,web,dev_31663
31664,ml,dev_31664
31665,web,dev_31665
31666,ml,dev_31666
31667,web,dev_31667
31668,web,dev_31668
31669,ml,dev_31669
31670,ml,dev_31670
31671,ml,dev_31671
31672,web,dev_31672
31673,web,dev_31673
31674,web,dev_31674
31675,ml,dev_31675
31676,web,dev_31676
31677,web,dev_31677
31678,web,dev_31678
31679,ml,dev_31679
31680,web,dev_31680
31681,web,dev_31681
31682,web,dev_31682
31683,ml,dev_31683
31684,ml,dev_31684
31685,ml,dev_31685
31686,ml,dev_31686
31687,ml,dev_31687
31688,ml,dev_31688
31689,ml,dev_31689
31690,web,dev_31690
31691,web,dev_31691
31692,web,dev_31692
31693,ml,dev_31693
31694,web,dev_31694
31695,web,dev_31695
31696,ml,dev_31696
31697,ml,dev_31697
31698,web,dev_31698
31699,web,dev_31699
31700,ml,dev_31700
31701,ml,dev_31701
31702,ml,dev_31702
31703,web,dev_31703
31704,web,dev_31704
31705,web,dev_31705
31706,ml,dev_31706
31707,web,dev_31707
31708,ml,dev_31708
31709,ml,dev_31709
31710,ml,dev_31710
31711,web,dev_31711
31712,ml,dev_31712
31713,ml,dev_31713
31714,web,dev_31714
31715,web,dev_31715
31716,ml,dev_31716
31717,ml,dev_31717
31718,ml,dev_31718
31719,ml,dev_31719
31720,ml,dev_31720
31721,web,dev_31721
31722,web,dev_31722
31723,ml,dev_31723
31724,ml,dev_31724
31725,web,dev_31725
31726,web,dev_31726
31727,web,dev_31727
31728,web,dev_31728
31729,ml,dev_31729
31730,web,dev_31730
31731,web,dev_31731
31732,ml,dev_31732
31733,web,dev_31733
31734,web,dev_31734
31735,web,dev_31735
31736,web,dev_31736
31737,web,dev_31737
31738,ml,dev_31738
31739,web,dev_31739
31740,ml,dev_31740
31741,ml,dev_31741
31742,web,dev_31742
31743,ml,dev_31743
31744,ml,dev_31744
31745,web,dev_31745
31746,ml,dev_31746
31747,ml,dev_31747
31748,ml,dev_31748
31749,ml,dev_31749
31750,web,dev_31750
31751,ml,dev_31751
31752,web,dev_31752
31753,web,dev_31753
31754,ml,dev_31754
31755,ml,dev_31755
31756,ml,dev_31756
31757,web,dev_31757
31758,web,dev_31758
31759,ml,dev_31759
31760,web,dev_31760
31761,web,dev_31761
31762,web,dev_31762
31763,web,dev_31763
31764,ml,dev_31764
31765,ml,dev_31765
31766,ml,dev_31766
31767,ml,dev_31767
31768,web,dev_31768
31769,ml,dev_31769
31770,ml,dev_31770
31771,web,dev_31771
31772,web,dev_31772
31773,ml,dev_31773
31774,web,dev_31774
31775,web,dev_31775
31776,ml,dev_31776
31777,ml,dev_31777
31778,ml,dev_31778
31779,ml,dev_31779
31780,ml,dev_31780
31781,ml,dev_31781
31782,ml,dev_31782
31783,web,dev_31783
31784,web,dev_31784
31785,ml,dev_31785
31786,ml,dev_31786
31787,web,dev_31787
31788,ml,dev_31788
31789,ml,dev_31789
31790,ml,dev_31790
31791,ml,dev_31791
31792,ml,dev_31792
31793,web,dev_31793
31794,ml,dev_31794
31795,ml,dev_31795
31796,web,dev_31796
31797,web,dev_31797
31798,web,dev_31798
31799,ml,dev_31799
31800,web,dev_31800
31801,ml,dev_31801
31802,ml,dev_31802
31803,ml,dev_31803
31804,web,dev_31804
31805,web,dev_31805
31806,ml,dev_31806
31807,web,dev_31807
31808,web,dev_31808
31809,ml,dev_31809
31810,web,dev_31810
31811,ml,dev_31811
31812,web,dev_31812
31813,web,dev_31813
31814,web,dev_31814
31815,web,dev_31815
31816,ml,dev_31816
31817,web,dev_31817
31818,web,dev_31818
31819,ml,dev_31819
31820,web,dev_31820
31821,ml,dev_31821
31822,ml,dev_31822
31823,ml,dev_31823
31824,web,dev_31824
31825,ml,dev_31825
31826,web,dev_31826
31827,web,dev_31827
31828,ml,dev_31828
31829,web,dev_31829
31830,web,dev_31830
31831,web,dev_31831
31832,ml,dev_31832
31833,web,dev_31833
31834,web,dev_31834
31835,web,dev_31835
31836,web,dev_31836
31837,web,dev_31837
31838,web,dev_31838
31839,ml,dev_31839
31840,web,dev_31840
31841,ml,dev_31841
31842,ml,dev_31842
31843,web,dev_31843
31844,ml,dev_31844
31845,ml,dev_31845
31846,web,dev_31846
31847,web,dev_31847
31848,ml,dev_31848
31849,ml,dev_31849
31850,ml,dev_31850
31851,web,dev_31851
31852,web,dev_31852
31853,ml,dev_31853
31854,ml,dev_31854
31855,web,dev_31855
31856,ml,dev_31856
31857,web,dev_31857
31858,web,dev_31858
31859,ml,dev_31859
31860,ml,dev_31860
31861,ml,dev_31861
31862,ml,dev_31862
31863,ml,dev_31863
31864,web,dev_31864
31865,ml,dev_31865
31866,ml,dev_31866
31867,web,dev_31867
31868,web,dev_31868
31869,web,dev_31869
31870,ml,dev_31870
31871,web,dev_31871
31872,ml,dev_31872
31873,web,dev_31873
31874,web,dev_31874
31875,ml,dev_31875
31876,web,dev_31876
31877,web,dev_31877
31878,web,dev_31878
31879,web,dev_31879
31880,ml,dev_31880
31881,web,dev_31881
31882,web,dev_31882
31883,web,dev_31883
31884,ml,dev_31884
31885,web,dev_31885
31886,web,dev_31886
31887,web,dev_31887
31888,ml,dev_31888
31889,ml,dev_31889
31890,ml,dev_31890
31891,ml,dev_31891
31892,ml,dev_31892
31893,ml,dev_31893
31894,web,dev_31894
31895,web,dev_31895
31896,ml,dev_31896
31897,web,dev_31897
31898,web,dev_31898
31899,ml,dev_31899
31900,web,dev_31900
31901,web,dev_31901
31902,web,dev_31902
31903,ml,dev_31903
31904,ml,dev_31904
31905,ml,dev_31905
31906,ml,dev_31906
31907,ml,dev_31907
31908,web,dev_31908
31909,ml,dev_31909
31910,ml,dev_31910
31911,web,dev_31911
31912,ml,dev_31912
31913,web,dev_31913
31914,web,dev_31914
31915,ml,dev_31915
31916,web,dev_31916
31917,ml,dev_31917
31918,ml,dev_31918
31919,web,dev_31919
31920,ml,dev_31920
31921,ml,dev_31921
31922,ml,dev_31922
31923,web,dev_31923
31924,web,dev_31924
31925,ml,dev_31925
31926,ml,dev_31926
31927,ml,dev_31927
31928,web,dev_31928
31929,ml,dev_31929
31930,web,dev_31930
31931,ml,dev_31931
31932,ml,dev_31932
31933,ml,dev_31933
31934,web,dev_31934
31935,ml,dev_31935
31936,web,dev_31936
31937,ml,dev_31937
31938,ml,dev_31938
31939,web,dev_31939
31940,ml,dev_31940
31941,ml,dev_31941
31942,web,dev_31942
31943,ml,dev_31943
31944,ml,dev_31944
31945,web,dev_31945
31946,ml,dev_31946
31947,ml,dev_31947
31948,web,dev_31948
31949,ml,dev_31949
31950,ml,dev_31950
31951,web,dev_31951
31952,ml,dev_31952
31953,ml,dev_31953
31954,web,dev_31954
31955,web,dev_31955
31956,ml,dev_31956
31957,ml,dev_31957
31958,ml,dev_31958
31959,ml,dev_31959
31960,web,dev_31960
31961,web,dev_31961
31962,ml,dev_31962
31963,web,dev_31963
31964,ml,dev_31964
31965,web,dev_31965
31966,web,dev_31966
31967,web,dev_31967
31968,web,dev_31968
31969,web,dev_31969
31970,ml,dev_31970
31971,web,dev_31971
31972,ml,dev_31972
31973,ml,dev_31973
31974,web,dev_31974
31975,ml,dev_31975
31976,ml,dev_31976
31977,web,dev_31977
31978,web,dev_31978
31979,web,dev_31979
31980,ml,dev_31980
31981,ml,dev_31981
31982,web,dev_31982
31983,web,dev_31983
31984,web,dev_31984
31985,ml,dev_31985
31986,web,dev_31986
31987,ml,dev_31987
31988,web,dev_31988
31989,ml,dev_31989
31990,ml,dev_31990
31991,ml,dev_31991
31992,web,dev_31992
31993,ml,dev_31993
31994,web,dev_31994
31995,web,dev_31995
31996,ml,dev_31996
31997,web,dev_31997
31998,web,dev_31998
31999,ml,dev_31999
32000,web,dev_32000
32001,ml,dev_32001
32002,ml,dev_32002
32003,web,dev_32003
32004,web,dev_32004
32005,web,dev_32005
32006,ml,dev_32006
32007,ml,dev_32007
32008,ml,dev_32008
32009,web,dev_32009
32010,web,dev_32010
32011,ml,dev_32011
32012,web,dev_32012
32013,ml,dev_32013
32014,ml,dev_32014
32015,ml,dev_32015
32016,web,dev_32016
32017,ml,dev_32017
32018,ml,dev_32018
32019,web,dev_32019
32020,ml,dev_32020
32021,web,dev_32021
32022,ml,dev_32022
32023,ml,dev_32023
32024,ml,dev_32024
32025,web,dev_32025
32026,web,dev_32026
32027,web,dev_32027
32028,web,dev_32028
32029,ml,dev_32029
32030,ml,dev_32030
32031,web,dev_32031
32032,ml,dev_32032
32033,ml,dev_32033
32034,web,dev_32034
32035,web,dev_32035
32036,ml,dev_32036
32037,ml,dev_32037
32038,web,dev_32038
32039,ml,dev_32039
32040,ml,dev_32040
32041,web,dev_32041
32042,ml,dev_32042
32043,ml,dev_32043
32044,web,dev_32044
32045,ml,dev_32045
32046,ml,dev_32046
32047,web,dev_32047
32048,ml,dev_32048
32049,web,dev_32049
32050,web,dev_32050
32051,web,dev_32051
32052,ml,dev_32052
32053,ml,dev_32053
32054,web,dev_32054
32055,ml,dev_32055
32056,ml,dev_32056
32057,ml,dev_32057
32058,web,dev_32058
32059,ml,dev_32059
32060,ml,dev_32060
32061,ml,dev_32061
32062,ml,dev_32062
32063,ml,dev_32063
32064,web,dev_32064
32065,web,dev_32065
32066,web,dev_32066
32067,web,dev_32067
32068,web,dev_32068
32069,web,dev_32069
32070,web,dev_32070
32071,web,dev_32071
32072,ml,dev_32072
32073,web,dev_32073
32074,web,dev_32074
32075,ml,dev_32075
32076,ml,dev_32076
32077,web,dev_32077
32078,web,dev_32078
32079,ml,dev_32079
32080,ml,dev_32080
32081,web,dev_32081
32082,web,dev_32082
32083,ml,dev_32083
32084,web,dev_32084
32085,ml,dev_32085
32086,web,dev_32086
32087,ml,dev_32087
32088,ml,dev_32088
32089,web,dev_32089
32090,ml,dev_32090
32091,ml,dev_32091
32092,ml,dev_32092
32093,web,dev_32093
32094,web,dev_32094
32095,ml,dev_32095
32096,ml,dev_32096
32097,ml,dev_32097
32098,web,dev_32098
32099,ml,dev_32099
32100,web,dev_32100
32101,ml,dev_32101
32102,web,dev_32102
32103,ml,dev_32103
32104,ml,dev_32104
32105,ml,dev_32105
32106,web,dev_32106
32107,ml,dev_32107
32108,web,dev_32108
32109,web,dev_32109
32110,ml,dev_32110
32111,ml,dev_32111
32112,ml,dev_32112
32113,web,dev_32113
32114,ml,dev_32114
32115,web,dev_32115
32116,ml,dev_32116
32117,ml,dev_32117
32118,ml,dev_32118
32119,web,dev_32119
32120,ml,dev_32120
32121,web,dev_32121
32122,web,dev_32122
32123,ml,dev_32123
32124,web,dev_32124
32125,ml,dev_32125
32126,ml,dev_32126
32127,web,dev_32127
32128,ml,dev_32128
32129,web,dev_32129
32130,ml,dev_32130
32131,web,dev_32131
32132,ml,dev_32132
32133,web,dev_32133
32134,ml,dev_32134
32135,ml,dev_32135
32136,ml,dev_32136
32137,web,dev_32137
32138,ml,dev_32138
32139,ml,dev_32139
32140,ml,dev_32140
32141,web,dev_32141
32142,ml,dev_32142
32143,web,dev_32143
32144,ml,dev_32144
32145,web,dev_32145
32146,web,dev_32146
32147,ml,dev_32147
32148,web,dev_32148
32149,ml,dev_32149
32150,web,dev_32150
32151,web,dev_32151
32152,ml,dev_32152
32153,web,dev_32153
32154,web,dev_32154
32155,web,dev_32155
32156,web,dev_32156
32157,ml,dev_32157
32158,ml,dev_32158
32159,web,dev_32159
32160,web,dev_32160
32161,ml,dev_32161
32162,ml,dev_32162
32163,web,dev_32163
32164,ml,dev_32164
32165,ml,dev_32165
32166,web,dev_32166
32167,web,dev_32167
32168,ml,dev_32168
32169,ml,dev_32169
32170,ml,dev_32170
32171,web,dev_32171
32172,ml,dev_32172
32173,ml,dev_32173
32174,ml,dev_32174
32175,web,dev_32175
32176,web,dev_32176
32177,web,dev_32177
32178,web,dev_32178
32179,ml,dev_32179
32180,web,dev_32180
32181,ml,dev_32181
32182,web,dev_32182
32183,web,dev_32183
32184,web,dev_32184
32185,ml,dev_32185
32186,ml,dev_32186
32187,web,dev_32187
32188,ml,dev_32188
32189,ml,dev_32189
32190,ml,dev_32190
32191,ml,dev_32191
32192,web,dev_32192
32193,web,dev_32193
32194,web,dev_32194
32195,web,dev_32195
32196,ml,dev_32196
32197,web,dev_32197
32198,ml,dev_32198
32199,web,dev_32199
32200,ml,dev_32200
32201,ml,dev_32201
32202,ml,dev_32202
32203,ml,dev_32203
32204,web,dev_32204
32205,web,dev_32205
32206,ml,dev_32206
32207,ml,dev_32207
32208,ml,dev_32208
32209,web,dev_32209
32210,web,dev_32210
32211,web,dev_32211
32212,web,dev_32212
32213,web,dev_32213
32214,ml,dev_32214
32215,ml,dev_32215
32216,ml,dev_32216
32217,ml,dev_32217
32218,ml,dev_32218
32219,ml,dev_32219
32220,web,dev_32220
32221,ml,dev_32221
32222,ml,dev_32222
32223,ml,dev_32223
32224,ml,dev_32224
32225,web,dev_32225
32226,ml,dev_32226
32227,web,dev_32227
32228,ml,dev_32228
32229,web,dev_32229
32230,web,dev_32230
32231,ml,dev_32231
32232,web,dev_32232
32233,ml,dev_32233
32234,ml,dev_32234
32235,web,dev_32235
32236,web,dev_32236
32237,web,dev_32237
32238,web,dev_32238
32239,web,dev_32239
32240,ml,dev_32240
32241,web,dev_32241
32242,ml,dev_32242
32243,web,dev_32243
32244,ml,dev_32244
32245,web,dev_32245
32246,ml,dev_32246
32247,ml,dev_32247
32248,web,dev_32248
32249,web,dev_32249
32250,web,dev_32250
32251,ml,dev_32251
32252,web,dev_32252
32253,web,dev_32253
32254,ml,dev_32254
32255,ml,dev_32255
32256,ml,dev_32256
32257,ml,dev_32257
32258,web,dev_32258
32259,web,dev_32259
32260,web,dev_32260
32261,ml,dev_32261
32262,web,dev_32262
32263,ml,dev_32263
32264,ml,dev_32264
32265,web,dev_32265
32266,web,dev_32266
32267,web,dev_32267
32268,ml,dev_32268
32269,ml,dev_32269
32270,web,dev_32270
32271,ml,dev_32271
32272,web,dev_32272
32273,web,dev_32273
32274,web,dev_32274
32275,web,dev_32275
32276,ml,dev_32276
32277,web,dev_32277
32278,ml,dev_32278
32279,ml,dev_32279
32280,web,dev_32280
32281,ml,dev_32281
32282,web,dev_32282
32283,ml,dev_32283
32284,ml,dev_32284
32285,ml,dev_32285
32286,web,dev_32286
32287,web,dev_32287
32288,web,dev_32288
32289,ml,dev_32289
32290,web,dev_32290
32291,ml,dev_32291
32292,ml,dev_32292
32293,ml,dev_32293
32294,web,dev_32294
32295,ml,dev_32295
32296,ml,dev_32296
32297,web,dev_32297
32298,ml,dev_32298
32299,ml,dev_32299
32300,ml,dev_32300
32301,web,dev_32301
32302,ml,dev_32302
32303,web,dev_32303
32304,ml,dev_32304
32305,ml,dev_32305
32306,web,dev_32306
32307,web,dev_32307
32308,ml,dev_32308
32309,web,dev_32309
32310,ml,dev_32310
32311,ml,dev_32311
32312,web,dev_32312
32313,ml,dev_32313
32314,web,dev_32314
32315,ml,dev_32315
32316,ml,dev_32316
32317,web,dev_32317
32318,web,dev_32318
32319,ml,dev_32319
32320,ml,dev_32320
32321,ml,dev_32321
32322,web,dev_32322
32323,ml,dev_32323
32324,ml,dev_32324
32325,web,dev_32325
32326,web,dev_32326
32327,ml,dev_32327
32328,web,dev_32328
32329,ml,dev_32329
32330,web,dev_32330
32331,ml,dev_32331
32332,web,dev_32332
32333,web,dev_32333
32334,ml,dev_32334
32335,ml,dev_32335
32336,web,dev_32336
32337,web,dev_32337
32338,web,dev_32338
32339,ml,dev_32339
32340,web,dev_32340
32341,ml,dev_32341
32342,web,dev_32342
32343,ml,dev_32343
32344,web,dev_32344
32345,web,dev_32345
32346,web,dev_32346
32347,web,dev_32347
32348,ml,dev_32348
32349,ml,dev_32349
32350,web,dev_32350
32351,ml,dev_32351
32352,ml,dev_32352
32353,web,dev_32353
32354,web,dev_32354
32355,web,dev_32355
32356,ml,dev_32356
32357,web,dev_32357
32358,web,dev_32358
32359,ml,dev_32359
32360,ml,dev_32360
32361,web,dev_32361
32362,ml,dev_32362
32363,ml,dev_32363
32364,ml,dev_32364
32365,web,dev_32365
32366,web,dev_32366
32367,ml,dev_32367
32368,ml,dev_32368
32369,ml,dev_32369
32370,web,dev_32370
32371,ml,dev_32371
32372,web,dev_32372
32373,web,dev_32373
32374,ml,dev_32374
32375,web,dev_32375
32376,ml,dev_32376
32377,ml,dev_32377
32378,ml,dev_32378
32379,web,dev_32379
32380,web,dev_32380
32381,web,dev_32381
32382,web,dev_32382
32383,web,dev_32383
32384,web,dev_32384
32385,ml,dev_32385
32386,ml,dev_32386
32387,web,dev_32387
32388,web,dev_32388
32389,ml,dev_32389
32390,ml,dev_32390
32391,ml,dev_32391
32392,web,dev_32392
32393,web,dev_32393
32394,ml,dev_32394
32395,web,dev_32395
32396,web,dev_32396
32397,ml,dev_32397
32398,web,dev_32398
32399,web,dev_32399
32400,ml,dev_32400
32401,web,dev_32401
32402,web,dev_32402
32403,ml,dev_32403
32404,ml,dev_32404
32405,ml,dev_32405
32406,ml,dev_32406
32407,web,dev_32407
32408,ml,dev_32408
32409,web,dev_32409
32410,ml,dev_32410
32411,web,dev_32411
32412,web,dev_32412
32413,ml,dev_32413
32414,ml,dev_32414
32415,ml,dev_32415
32416,web,dev_32416
32417,web,dev_32417
32418,web,dev_32418
32419,web,dev_32419
32420,web,dev_32420
32421,ml,dev_32421
32422,ml,dev_32422
32423,web,dev_32423
32424,web,dev_32424
32425,web,dev_32425
32426,ml,dev_32426
32427,ml,dev_32427
32428,web,dev_32428
32429,ml,dev_32429
32430,web,dev_32430
32431,web,dev_32431
32432,ml,dev_32432
32433,ml,dev_32433
32434,web,dev_32434
32435,web,dev_32435
32436,web,dev_32436
32437,web,dev_32437
32438,ml,dev_32438
32439,ml,dev_32439
32440,web,dev_32440
32441,ml,dev_32441
32442,ml,dev_32442
32443,ml,dev_32443
32444,ml,dev_32444
32445,ml,dev_32445
32446,ml,dev_32446
32447,web,dev_32447
32448,ml,dev_32448
32449,web,dev_32449
32450,web,dev_32450
32451,ml,dev_32451
32452,ml,dev_32452
32453,web,dev_32453
32454,ml,dev_32454
32455,web,dev_32455
32456,web,dev_32456
32457,web,dev_32457
32458,web,dev_32458
32459,ml,dev_32459
32460,web,dev_32460
32461,web,dev_32461
32462,ml,dev_32462
32463,web,dev_32463
32464,ml,dev_32464
32465,web,dev_32465
32466,web,dev_32466
32467,ml,dev_32467
32468,ml,dev_32468
32469,web,dev_32469
32470,ml,dev_32470
32471,web,dev_32471
32472,web,dev_32472
32473,web,dev_32473
32474,ml,dev_32474
32475,ml,dev_32475
32476,ml,dev_32476
32477,web,dev_32477
32478,web,dev_32478
32479,ml,dev_32479
32480,ml,dev_32480
32481,ml,dev_32481
32482,web,dev_32482
32483,ml,dev_32483
32484,web,dev_32484
32485,ml,dev_32485
32486,web,dev_32486
32487,ml,dev_32487
32488,web,dev_32488
32489,web,dev_32489
32490,ml,dev_32490
32491,ml,dev_32491
32492,ml,dev_32492
32493,web,dev_32493
32494,web,dev_32494
32495,ml,dev_32495
32496,ml,dev_32496
32497,web,dev_32497
32498,web,dev_32498
32499,web,dev_32499
32500,ml,dev_32500
32501,web,dev_32501
32502,ml,dev_32502
32503,web,dev_32503
32504,web,dev_32504
32505,ml,dev_32505
32506,web,dev_32506
32507,web,dev_32507
32508,ml,dev_32508
32509,web,dev_32509
32510,ml,dev_32510
32511,web,dev_32511
32512,web,dev_32512
32513,ml,dev_32513
32514,web,dev_32514
32515,web,dev_32515
32516,web,dev_32516
32517,web,dev_32517
32518,ml,dev_32518
32519,web,dev_32519
32520,ml,dev_32520
32521,web,dev_32521
32522,web,dev_32522
32523,web,dev_32523
32524,ml,dev_32524
32525,web,dev_32525
32526,web,dev_32526
32527,web,dev_32527
32528,web,dev_32528
32529,ml,dev_32529
32530,web,dev_32530
32531,ml,dev_32531
32532,ml,dev_32532
32533,ml,dev_32533
32534,web,dev_32534
32535,web,dev_32535
32536,ml,dev_32536
32537,ml,dev_32537
32538,web,dev_32538
32539,ml,dev_32539
32540,web,dev_32540
32541,web,dev_32541
32542,ml,dev_32542
32543,web,dev_32543
32544,ml,dev_32544
32545,web,dev_32545
32546,ml,dev_32546
32547,web,dev_32547
32548,ml,dev_32548
32549,ml,dev_32549
32550,ml,dev_32550
32551,ml,dev_32551
32552,web,dev_32552
32553,ml,dev_32553
32554,ml,dev_32554
32555,web,dev_32555
32556,ml,dev_32556
32557,ml,dev_32557
32558,ml,dev_32558
32559,ml,dev_32559
32560,ml,dev_32560
32561,web,dev_32561
32562,web,dev_32562
32563,ml,dev_32563
32564,ml,dev_32564
32565,ml,dev_32565
32566,web,dev_32566
32567,ml,dev_32567
32568,ml,dev_32568
32569,web,dev_32569
32570,web,dev_32570
32571,ml,dev_32571
32572,ml,dev_32572
32573,ml,dev_32573
32574,ml,dev_32574
32575,ml,dev_32575
32576,ml,dev_32576
32577,ml,dev_32577
32578,ml,dev_32578
32579,ml,dev_32579
32580,ml,dev_32580
32581,ml,dev_32581
32582,web,dev_32582
32583,web,dev_32583
32584,web,dev_32584
32585,web,dev_32585
32586,web,dev_32586
32587,web,dev_32587
32588,web,dev_32588
32589,ml,dev_32589
32590,web,dev_32590
32591,ml,dev_32591
32592,web,dev_32592
32593,ml,dev_32593
32594,web,dev_32594
32595,ml,dev_32595
32596,ml,dev_32596
32597,web,dev_32597
32598,web,dev_32598
32599,ml,dev_32599
32600,web,dev_32600
32601,web,dev_32601
32602,ml,dev_32602
32603,web,dev_32603
32604,ml,dev_32604
32605,web,dev_32605
32606,web,dev_32606
32607,web,dev_32607
32608,web,dev_32608
32609,web,dev_32609
32610,ml,dev_32610
32611,web,dev_32611
32612,web,dev_32612
32613,web,dev_32613
32614,web,dev_32614
32615,web,dev_32615
32616,ml,dev_32616
32617,web,dev_32617
32618,web,dev_32618
32619,ml,dev_32619
32620,web,dev_32620
32621,ml,dev_32621
32622,ml,dev_32622
32623,ml,dev_32623
32624,web,dev_32624
32625,web,dev_32625
32626,ml,dev_32626
32627,ml,dev_32627
32628,web,dev_32628
32629,ml,dev_32629
32630,web,dev_32630
32631,ml,dev_32631
32632,ml,dev_32632
32633,web,dev_32633
32634,web,dev_32634
32635,web,dev_32635
32636,ml,dev_32636
32637,web,dev_32637
32638,web,dev_32638
32639,ml,dev_32639
32640,ml,dev_32640
32641,ml,dev_32641
32642,web,dev_32642
32643,web,dev_32643
32644,ml,dev_32644
32645,web,dev_32645
32646,ml,dev_32646
32647,ml,dev_32647
32648,ml,dev_32648
32649,ml,dev_32649
32650,web,dev_32650
32651,web,dev_32651
32652,ml,dev_32652
32653,ml,dev_32653
32654,web,dev_32654
32655,web,dev_32655
32656,web,dev_32656
32657,ml,dev_32657
32658,web,dev_32658
32659,ml,dev_32659
32660,ml,dev_32660
32661,ml,dev_32661
32662,ml,dev_32662
32663,ml,dev_32663
32664,ml,dev_32664
32665,ml,dev_32665
32666,ml,dev_32666
32667,ml,dev_32667
32668,ml,dev_32668
32669,ml,dev_32669
32670,web,dev_32670
32671,ml,dev_32671
32672,web,dev_32672
32673,ml,dev_32673
32674,ml,dev_32674
32675,web,dev_32675
32676,web,dev_32676
32677,ml,dev_32677
32678,web,dev_32678
32679,ml,dev_32679
32680,web,dev_32680
32681,ml,dev_32681
32682,web,dev_32682
32683,ml,dev_32683
32684,ml,dev_32684
32685,ml,dev_32685
32686,ml,dev_32686
32687,web,dev_32687
32688,web,dev_32688
32689,web,dev_32689
32690,web,dev_32690
32691,web,dev_32691
32692,web,dev_32692
32693,web,dev_32693
32694,web,dev_32694
32695,ml,dev_32695
32696,web,dev_32696
32697,ml,dev_32697
32698,ml,dev_32698
32699,ml,dev_32699
32700,ml,dev_32700
32701,web,dev_32701
32702,ml,dev_32702
32703,web,dev_32703
32704,web,dev_32704
32705,web,dev_32705
32706,web,dev_32706
32707,web,dev_32707
32708,web,dev_32708
32709,web,dev_32709
32710,web,dev_32710
32711,ml,dev_32711
32712,ml,dev_32712
32713,web,dev_32713
32714,ml,dev_32714
32715,ml,dev_32715
32716,web,dev_32716
32717,ml,dev_32717
32718,ml,dev_32718
32719,web,dev_32719
32720,ml,dev_32720
32721,ml,dev_32721
32722,ml,dev_32722
32723,ml,dev_32723
32724,web,dev_32724
32725,web,dev_32725
32726,ml,dev_32726
32727,web,dev_32727
32728,web,dev_32728
32729,ml,dev_32729
32730,ml,dev_32730
32731,web,dev_32731
32732,ml,dev_32732
32733,ml,dev_32733
32734,web,dev_32734
32735,web,dev_32735
32736,ml,dev_32736
32737,ml,dev_32737
32738,ml,dev_32738
32739,ml,dev_32739
32740,web,dev_32740
32741,ml,dev_32741
32742,ml,dev_32742
32743,ml,dev_32743
32744,ml,dev_32744
32745,web,dev_32745
32746,ml,dev_32746
32747,web,dev_32747
32748,ml,dev_32748
32749,web,dev_32749
32750,web,dev_32750
32751,ml,dev_32751
32752,ml,dev_32752
32753,web,dev_32753
32754,web,dev_32754
32755,web,dev_32755
32756,ml,dev_32756
32757,ml,dev_32757
32758,ml,dev_32758
32759,ml,dev_32759
32760,web,dev_32760
32761,ml,dev_32761
32762,ml,dev_32762
32763,ml,dev_32763
32764,web,dev_32764
32765,ml,dev_32765
32766,ml,dev_32766
32767,ml,dev_32767
32768,ml,dev_32768
32769,web,dev_32769
32770,web,dev_32770
32771,web,dev_32771
32772,ml,dev_32772
32773,web,dev_32773
32774,ml,dev_32774
32775,ml,dev_32775
32776,web,dev_32776
32777,ml,dev_32777
32778,ml,dev_32778
32779,ml,dev_32779
32780,ml,dev_32780
32781,web,dev_32781
32782,ml,dev_32782
32783,web,dev_32783
32784,web,dev_32784
32785,web,dev_32785
32786,ml,dev_32786
32787,web,dev_32787
32788,web,dev_32788
32789,web,dev_32789
32790,web,dev_32790
32791,web,dev_32791
32792,ml,dev_32792
32793,ml,dev_32793
32794,web,dev_32794
32795,ml,dev_32795
32796,ml,dev_32796
32797,ml,dev_32797
32798,ml,dev_32798
32799,web,dev_32799
32800,web,dev_32800
32801,ml,dev_32801
32802,web,dev_32802
32803,web,dev_32803
32804,ml,dev_32804
32805,web,dev_32805
32806,web,dev_32806
32807,web,dev_32807
32808,ml,dev_32808
32809,web,dev_32809
32810,web,dev_32810
32811,web,dev_32811
32812,ml,dev_32812
32813,web,dev_32813
32814,web,dev_32814
32815,ml,dev_32815
32816,ml,dev_32816
32817,ml,dev_32817
32818,ml,dev_32818
32819,ml,dev_32819
32820,web,dev_32820
32821,ml,dev_32821
32822,web,dev_32822
32823,ml,dev_32823
32824,web,dev_32824
32825,ml,dev_32825
32826,ml,dev_32826
32827,ml,dev_32827
32828,web,dev_32828
32829,ml,dev_32829
32830,ml,dev_32830
32831,ml,dev_32831
32832,web,dev_32832
32833,ml,dev_32833
32834,ml,dev_32834
32835,web,dev_32835
32836,web,dev_32836
32837,ml,dev_32837
32838,ml,dev_32838
32839,web,dev_32839
32840,web,dev_32840
32841,web,dev_32841
32842,web,dev_32842
32843,web,dev_32843
32844,web,dev_32844
32845,ml,dev_32845
32846,ml,dev_32846
32847,web,dev_32847
32848,web,dev_32848
32849,ml,dev_32849
32850,web,dev_32850
32851,web,dev_32851
32852,web,dev_32852
32853,web,dev_32853
32854,web,dev_32854
32855,web,dev_32855
32856,web,dev_32856
32857,ml,dev_32857
32858,ml,dev_32858
32859,ml,dev_32859
32860,web,dev_32860
32861,ml,dev_32861
32862,web,dev_32862
32863,web,dev_32863
32864,web,dev_32864
32865,ml,dev_32865
32866,ml,dev_32866
32867,ml,dev_32867
32868,ml,dev_32868
32869,web,dev_32869
32870,web,dev_32870
32871,ml,dev_32871
32872,ml,dev_32872
32873,ml,dev_32873
32874,ml,dev_32874
32875,ml,dev_32875
32876,web,dev_32876
32877,ml,dev_32877
32878,ml,dev_32878
32879,web,dev_32879
32880,web,dev_32880
32881,web,dev_32881
32882,web,dev_32882
32883,ml,dev_32883
32884,web,dev_32884
32885,ml,dev_32885
32886,ml,dev_32886
32887,ml,dev_32887
32888,ml,dev_32888
32889,ml,dev_32889
32890,web,dev_32890
32891,ml,dev_32891
32892,web,dev_32892
32893,web,dev_32893
32894,ml,dev_32894
32895,ml,dev_32895
32896,web,dev_32896
32897,ml,dev_32897
32898,ml,dev_32898
32899,ml,dev_32899
32900,web,dev_32900
32901,ml,dev_32901
32902,ml,dev_32902
32903,ml,dev_32903
32904,web,dev_32904
32905,web,dev_32905
32906,web,dev_32906
32907,ml,dev_32907
32908,ml,dev_32908
32909,ml,dev_32909
32910,web,dev_32910
32911,web,dev_32911
32912,web,dev_32912
32913,ml,dev_32913
32914,ml,dev_32914
32915,ml,dev_32915
32916,ml,dev_32916
32917,ml,dev_32917
32918,web,dev_32918
32919,ml,dev_32919
32920,web,dev_32920
32921,web,dev_32921
32922,web,dev_32922
32923,web,dev_32923
32924,web,dev_32924
32925,web,dev_32925
32926,ml,dev_32926
32927,web,dev_32927
32928,ml,dev_32928
32929,ml,dev_32929
32930,ml,dev_32930
32931,ml,dev_32931
32932,ml,dev_32932
32933,ml,dev_32933
32934,web,dev_32934
32935,web,dev_32935
32936,ml,dev_32936
32937,ml,dev_32937
32938,ml,dev_32938
32939,ml,dev_32939
32940,ml,dev_32940
32941,web,dev_32941
32942,web,dev_32942
32943,web,dev_32943
32944,ml,dev_32944
32945,web,dev_32945
32946,ml,dev_32946
32947,web,dev_32947
32948,ml,dev_32948
32949,web,dev_32949
32950,web,dev_32950
32951,ml,dev_32951
32952,ml,dev_32952
32953,ml,dev_32953
32954,ml,dev_32954
32955,web,dev_32955
32956,web,dev_32956
32957,web,dev_32957
32958,web,dev_32958
32959,web,dev_32959
32960,web,dev_32960
32961,ml,dev_32961
32962,web,dev_32962
32963,web,dev_32963
32964,web,dev_32964
32965,ml,dev_32965
32966,ml,dev_32966
32967,web,dev_32967
32968,ml,dev_32968
32969,web,dev_32969
32970,ml,dev_32970
32971,ml,dev_32971
32972,ml,dev_32972
32973,ml,dev_32973
32974,web,dev_32974
32975,web,dev_32975
32976,ml,dev_32976
32977,web,dev_32977
32978,ml,dev_32978
32979,web,dev_32979
32980,ml,dev_32980
32981,web,dev_32981
32982,ml,dev_32982
32983,web,dev_32983
32984,ml,dev_32984
32985,ml,dev_32985
32986,ml,dev_32986
32987,ml,dev_32987
32988,web,dev_32988
32989,ml,dev_32989
32990,ml,dev_32990
32991,web,dev_32991
32992,web,dev_32992
32993,ml,dev_32993
32994,ml,dev_32994
32995,ml,dev_32995
32996,web,dev_32996
32997,web,dev_32997
32998,ml,dev_32998
32999,ml,dev_32999
33000,web,dev_33000
33001,ml,dev_33001
33002,web,dev_33002
33003,web,dev_33003
33004,ml,dev_33004
33005,web,dev_33005
33006,web,dev_33006
33007,ml,dev_33007
33008,web,dev_33008
33009,ml,dev_33009
33010,ml,dev_33010
33011,web,dev_33011
33012,web,dev_33012
33013,web,dev_33013
33014,ml,dev_33014
33015,ml,dev_33015
33016,ml,dev_33016
33017,ml,dev_33017
33018,web,dev_33018
33019,web,dev_33019
33020,ml,dev_33020
33021,web,dev_33021
33022,web,dev_33022
33023,web,dev_33023
33024,web,dev_33024
33025,web,dev_33025
33026,web,dev_33026
33027,ml,dev_33027
33028,web,dev_33028
33029,web,dev_33029
33030,ml,dev_33030
33031,ml,dev_33031
33032,web,dev_33032
33033,ml,dev_33033
33034,web,dev_33034
33035,web,dev_33035
33036,web,dev_33036
33037,ml,dev_33037
33038,web,dev_33038
33039,ml,dev_33039
33040,web,dev_33040
33041,ml,dev_33041
33042,ml,dev_33042
33043,ml,dev_33043
33044,ml,dev_33044
33045,web,dev_33045
33046,ml,dev_33046
33047,ml,dev_33047
33048,web,dev_33048
33049,web,dev_33049
33050,web,dev_33050
33051,ml,dev_33051
33052,web,dev_33052
33053,web,dev_33053
33054,web,dev_33054
33055,ml,dev_33055
33056,ml,dev_33056
33057,ml,dev_33057
33058,ml,dev_33058
33059,web,dev_33059
33060,ml,dev_33060
33061,ml,dev_33061
33062,web,dev_33062
33063,ml,dev_33063
33064,web,dev_33064
33065,web,dev_33065
33066,ml,dev_33066
33067,web,dev_33067
33068,web,dev_33068
33069,ml,dev_33069
33070,ml,dev_33070
33071,ml,dev_33071
33072,web,dev_33072
33073,ml,dev_33073
33074,ml,dev_33074
33075,ml,dev_33075
33076,ml,dev_33076
33077,web,dev_33077
33078,ml,dev_33078
33079,ml,dev_33079
33080,web,dev_33080
33081,web,dev_33081
33082,ml,dev_33082
33083,web,dev_33083
33084,web,dev_33084
33085,web,dev_33085
33086,web,dev_33086
33087,web,dev_33087
33088,ml,dev_33088
33089,ml,dev_33089
33090,ml,dev_33090
33091,web,dev_33091
33092,web,dev_33092
33093,ml,dev_33093
33094,ml,dev_33094
33095,ml,dev_33095
33096,web,dev_33096
33097,ml,dev_33097
33098,web,dev_33098
33099,web,dev_33099
33100,ml,dev_33100
33101,web,dev_33101
33102,web,dev_33102
33103,ml,dev_33103
33104,ml,dev_33104
33105,web,dev_33105
33106,web,dev_33106
33107,web,dev_33107
33108,web,dev_33108
33109,ml,dev_33109
33110,web,dev_33110
33111,ml,dev_33111
33112,web,dev_33112
33113,ml,dev_33113
33114,web,dev_33114
33115,web,dev_33115
33116,ml,dev_33116
33117,web,dev_33117
33118,web,dev_33118
33119,ml,dev_33119
33120,ml,dev_33120
33121,web,dev_33121
33122,web,dev_33122
33123,ml,dev_33123
33124,ml,dev_33124
33125,web,dev_33125
33126,web,dev_33126
33127,web,dev_33127
33128,web,dev_33128
33129,ml,dev_33129
33130,ml,dev_33130
33131,web,dev_33131
33132,web,dev_33132
33133,ml,dev_33133
33134,web,dev_33134
33135,ml,dev_33135
33136,web,dev_33136
33137,web,dev_33137
33138,web,dev_33138
33139,web,dev_33139
33140,web,dev_33140
33141,web,dev_33141
33142,web,dev_33142
33143,web,dev_33143
33144,ml,dev_33144
33145,ml,dev_33145
33146,web,dev_33146
33147,web,dev_33147
33148,ml,dev_33148
33149,web,dev_33149
33150,web,dev_33150
33151,ml,dev_33151
33152,web,dev_33152
33153,web,dev_33153
33154,ml,dev_33154
33155,ml,dev_33155
33156,web,dev_33156
33157,web,dev_33157
33158,web,dev_33158
33159,web,dev_33159
33160,ml,dev_33160
33161,web,dev_33161
33162,web,dev_33162
33163,ml,dev_33163
33164,web,dev_33164
33165,web,dev_33165
33166,ml,dev_33166
33167,ml,dev_33167
33168,web,dev_33168
33169,ml,dev_33169
33170,web,dev_33170
33171,ml,dev_33171
33172,web,dev_33172
33173,web,dev_33173
33174,web,dev_33174
33175,web,dev_33175
33176,web,dev_33176
33177,ml,dev_33177
33178,ml,dev_33178
33179,ml,dev_33179
33180,ml,dev_33180
33181,web,dev_33181
33182,web,dev_33182
33183,web,dev_33183
33184,web,dev_33184
33185,ml,dev_33185
33186,ml,dev_33186
33187,web,dev_33187
33188,ml,dev_33188
33189,web,dev_33189
33190,web,dev_33190
33191,ml,dev_33191
33192,ml,dev_33192
33193,web,dev_33193
33194,web,dev_33194
33195,web,dev_33195
33196,web,dev_33196
33197,web,dev_33197
33198,web,dev_33198
33199,web,dev_33199
33200,ml,dev_33200
33201,web,dev_33201
33202,ml,dev_33202
33203,web,dev_33203
33204,ml,dev_33204
33205,web,dev_33205
33206,ml,dev_33206
33207,web,dev_33207
33208,web,dev_33208
33209,web,dev_33209
33210,ml,dev_33210
33211,web,dev_33211
33212,ml,dev_33212
33213,web,dev_33213
33214,ml,dev_33214
33215,web,dev_33215
33216,ml,dev_33216
33217,web,dev_33217
33218,ml,dev_33218
33219,web,dev_33219
33220,web,dev_33220
33221,ml,dev_33221
33222,web,dev_33222
33223,web,dev_33223
33224,web,dev_33224
33225,web,dev_33225
33226,web,dev_33226
33227,web,dev_33227
33228,ml,dev_33228
33229,web,dev_33229
33230,web,dev_33230
33231,ml,dev_33231
33232,web,dev_33232
33233,web,dev_33233
33234,ml,dev_33234
33235,web,dev_33235
33236,ml,dev_33236
33237,ml,dev_33237
33238,web,dev_33238
33239,ml,dev_33239
33240,ml,dev_33240
33241,ml,dev_33241
33242,web,dev_33242
33243,web,dev_33243
33244,ml,dev_33244
33245,web,dev_33245
33246,ml,dev_33246
33247,web,dev_33247
33248,ml,dev_33248
33249,ml,dev_33249
33250,ml,dev_33250
33251,web,dev_33251
33252,web,dev_33252
33253,ml,dev_33253
33254,ml,dev_33254
33255,web,dev_33255
33256,ml,dev_33256
33257,ml,dev_33257
33258,web,dev_33258
33259,web,dev_33259
33260,web,dev_33260
33261,web,dev_33261
33262,ml,dev_33262
33263,ml,dev_33263
33264,web,dev_33264
33265,web,dev_33265
33266,ml,dev_33266
33267,web,dev_33267
33268,web,dev_33268
33269,web,dev_33269
33270,ml,dev_33270
33271,web,dev_33271
33272,ml,dev_33272
33273,ml,dev_33273
33274,web,dev_33274
33275,ml,dev_33275
33276,ml,dev_33276
33277,web,dev_33277
33278,web,dev_33278
33279,ml,dev_33279
33280,ml,dev_33280
33281,ml,dev_33281
33282,web,dev_33282
33283,ml,dev_33283
33284,ml,dev_33284
33285,web,dev_33285
33286,web,dev_33286
33287,web,dev_33287
33288,web,dev_33288
33289,web,dev_33289
33290,ml,dev_33290
33291,web,dev_33291
33292,web,dev_33292
33293,web,dev_33293
33294,ml,dev_33294
33295,ml,dev_33295
33296,web,dev_33296
33297,web,dev_33297
33298,web,dev_33298
33299,web,dev_33299
33300,ml,dev_33300
33301,ml,dev_33301
33302,web,dev_33302
33303,web,dev_33303
33304,ml,dev_33304
33305,web,dev_33305
33306,ml,dev_33306
33307,ml,dev_33307
33308,ml,dev_33308
33309,web,dev_33309
33310,ml,dev_33310
33311,ml,dev_33311
33312,web,dev_33312
33313,web,dev_33313
33314,web,dev_33314
33315,web,dev_33315
33316,web,dev_33316
33317,web,dev_33317
33318,web,dev_33318
33319,ml,dev_33319
33320,web,dev_33320
33321,web,dev_33321
33322,ml,dev_33322
33323,web,dev_33323
33324,ml,dev_33324
33325,web,dev_33325
33326,ml,dev_33326
33327,ml,dev_33327
33328,ml,dev_33328
33329,web,dev_33329
33330,ml,dev_33330
33331,ml,dev_33331
33332,ml,dev_33332
33333,ml,dev_33333
33334,ml,dev_33334
33335,web,dev_33335
33336,web,dev_33336
33337,ml,dev_33337
33338,web,dev_33338
33339,ml,dev_33339
33340,ml,dev_33340
33341,ml,dev_33341
33342,ml,dev_33342
33343,web,dev_33343
33344,web,dev_33344
33345,web,dev_33345
33346,web,dev_33346
33347,ml,dev_33347
33348,web,dev_33348
33349,web,dev_33349
33350,ml,dev_33350
33351,ml,dev_33351
33352,ml,dev_33352
33353,web,dev_33353
33354,web,dev_33354
33355,ml,dev_33355
33356,web,dev_33356
33357,ml,dev_33357
33358,web,dev_33358
33359,web,dev_33359
33360,ml,dev_33360
33361,web,dev_33361
33362,web,dev_33362
33363,ml,dev_33363
33364,web,dev_33364
33365,ml,dev_33365
33366,ml,dev_33366
33367,ml,dev_33367
33368,ml,dev_33368
33369,ml,dev_33369
33370,web,dev_33370
33371,ml,dev_33371
33372,web,dev_33372
33373,web,dev_33373
33374,ml,dev_33374
33375,web,dev_33375
33376,ml,dev_33376
33377,ml,dev_33377
33378,web,dev_33378
33379,ml,dev_33379
33380,web,dev_33380
33381,ml,dev_33381
33382,web,dev_33382
33383,web,dev_33383
33384,ml,dev_33384
33385,web,dev_33385
33386,ml,dev_33386
33387,web,dev_33387
33388,web,dev_33388
33389,web,dev_33389
33390,ml,dev_33390
33391,web,dev_33391
33392,web,dev_33392
33393,ml,dev_33393
33394,ml,dev_33394
33395,ml,dev_33395
33396,ml,dev_33396
33397,web,dev_33397
33398,ml,dev_33398
33399,web,dev_33399
33400,web,dev_33400
33401,ml,dev_33401
33402,web,dev_33402
33403,web,dev_33403
33404,ml,dev_33404
33405,ml,dev_33405
33406,web,dev_33406
33407,ml,dev_33407
33408,web,dev_33408
33409,web,dev_33409
33410,ml,dev_33410
33411,web,dev_33411
33412,ml,dev_33412
33413,ml,dev_33413
33414,ml,dev_33414
33415,ml,dev_33415
33416,web,dev_33416
33417,web,dev_33417
33418,ml,dev_33418
33419,web,dev_33419
33420,web,dev_33420
33421,web,dev_33421
33422,web,dev_33422
33423,ml,dev_33423
33424,web,dev_33424
33425,ml,dev_33425
33426,web,dev_33426
33427,web,dev_33427
33428,ml,dev_33428
33429,ml,dev_33429
33430,ml,dev_33430
33431,ml,dev_33431
33432,ml,dev_33432
33433,ml,dev_33433
33434,web,dev_33434
33435,ml,dev_33435
33436,web,dev_33436
33437,ml,dev_33437
33438,ml,dev_33438
33439,ml,dev_33439
33440,web,dev_33440
33441,ml,dev_33441
33442,ml,dev_33442
33443,web,dev_33443
33444,web,dev_33444
33445,web,dev_33445
33446,ml,dev_33446
33447,ml,dev_33447
33448,ml,dev_33448
33449,web,dev_33449
33450,web,dev_33450
33451,web,dev_33451
33452,ml,dev_33452
33453,web,dev_33453
33454,web,dev_33454
33455,ml,dev_33455
33456,ml,dev_33456
33457,ml,dev_33457
33458,ml,dev_33458
33459,web,dev_33459
33460,ml,dev_33460
33461,web,dev_33461
33462,web,dev_33462
33463,web,dev_33463
33464,ml,dev_33464
33465,web,dev_33465
33466,ml,dev_33466
33467,web,dev_33467
33468,ml,dev_33468
33469,web,dev_33469
33470,web,dev_33470
33471,ml,dev_33471
33472,web,dev_33472
33473,web,dev_33473
33474,web,dev_33474
33475,web,dev_33475
33476,ml,dev_33476
33477,ml,dev_33477
33478,ml,dev_33478
33479,ml,dev_33479
33480,web,dev_33480
33481,ml,dev_33481
33482,ml,dev_33482
33483,ml,dev_33483
33484,ml,dev_33484
33485,ml,dev_33485
33486,ml,dev_33486
33487,web,dev_33487
33488,web,dev_33488
33489,ml,dev_33489
33490,ml,dev_33490
33491,web,dev_33491
33492,web,dev_33492
33493,ml,dev_33493
33494,ml,dev_33494
33495,ml,dev_33495
33496,web,dev_33496
33497,ml,dev_33497
33498,ml,dev_33498
33499,ml,dev_33499
33500,ml,dev_33500
33501,ml,dev_33501
33502,web,dev_33502
33503,web,dev_33503
33504,web,dev_33504
33505,ml,dev_33505
33506,web,dev_33506
33507,ml,dev_33507
33508,web,dev_33508
33509,ml,dev_33509
33510,ml,dev_33510
33511,web,dev_33511
33512,web,dev_33512
33513,web,dev_33513
33514,ml,dev_33514
33515,web,dev_33515
33516,web,dev_33516
33517,web,dev_33517
33518,ml,dev_33518
33519,ml,dev_33519
33520,ml,dev_33520
33521,web,dev_33521
33522,ml,dev_33522
33523,ml,dev_33523
33524,web,dev_33524
33525,web,dev_33525
33526,ml,dev_33526
33527,ml,dev_33527
33528,ml,dev_33528
33529,ml,dev_33529
33530,web,dev_33530
33531,ml,dev_33531
33532,ml,dev_33532
33533,ml,dev_33533
33534,ml,dev_33534
33535,web,dev_33535
33536,web,dev_33536
33537,web,dev_33537
33538,web,dev_33538
33539,web,dev_33539
33540,ml,dev_33540
33541,ml,dev_33541
33542,ml,dev_33542
33543,web,dev_33543
33544,web,dev_33544
33545,ml,dev_33545
33546,ml,dev_33546
33547,web,dev_33547
33548,ml,dev_33548
33549,web,dev_33549
33550,web,dev_33550
33551,ml,dev_33551
33552,web,dev_33552
33553,ml,dev_33553
33554,ml,dev_33554
33555,web,dev_33555
33556,ml,dev_33556
33557,ml,dev_33557
33558,web,dev_33558
33559,ml,dev_33559
33560,ml,dev_33560
33561,ml,dev_33561
33562,web,dev_33562
33563,web,dev_33563
33564,web,dev_33564
33565,ml,dev_33565
33566,web,dev_33566
33567,web,dev_33567
33568,ml,dev_33568
33569,ml,dev_33569
33570,web,dev_33570
33571,ml,dev_33571
33572,web,dev_33572
33573,web,dev_33573
33574,web,dev_33574
33575,web,dev_33575
33576,web,dev_33576
33577,web,dev_33577
33578,ml,dev_33578
33579,web,dev_33579
33580,web,dev_33580
33581,ml,dev_33581
33582,web,dev_33582
33583,web,dev_33583
33584,web,dev_33584
33585,ml,dev_33585
33586,ml,dev_33586
33587,web,dev_33587
33588,web,dev_33588
33589,web,dev_33589
33590,ml,dev_33590
33591,web,dev_33591
33592,web,dev_33592
33593,ml,dev_33593
33594,web,dev_33594
33595,ml,dev_33595
33596,web,dev_33596
33597,ml,dev_33597
33598,ml,dev_33598
33599,ml,dev_33599
33600,ml,dev_33600
33601,web,dev_33601
33602,web,dev_33602
33603,web,dev_33603
33604,ml,dev_33604
33605,ml,dev_33605
33606,web,dev_33606
33607,ml,dev_33607
33608,web,dev_33608
33609,ml,dev_33609
33610,web,dev_33610
33611,web,dev_33611
33612,web,dev_33612
33613,ml,dev_33613
33614,ml,dev_33614
33615,ml,dev_33615
33616,web,dev_33616
33617,web,dev_33617
33618,ml,dev_33618
33619,web,dev_33619
33620,web,dev_33620
33621,ml,dev_33621
33622,ml,dev_33622
33623,ml,dev_33623
33624,ml,dev_33624
33625,ml,dev_33625
33626,web,dev_33626
33627,web,dev_33627
33628,ml,dev_33628
33629,ml,dev_33629
33630,ml,dev_33630
33631,web,dev_33631
33632,ml,dev_33632
33633,web,dev_33633
33634,ml,dev_33634
33635,web,dev_33635
33636,ml,dev_33636
33637,web,dev_33637
33638,web,dev_33638
33639,web,dev_33639
33640,web,dev_33640
33641,ml,dev_33641
33642,ml,dev_33642
33643,web,dev_33643
33644,ml,dev_33644
33645,web,dev_33645
33646,ml,dev_33646
33647,ml,dev_33647
33648,web,dev_33648
33649,ml,dev_33649
33650,ml,dev_33650
33651,ml,dev_33651
33652,web,dev_33652
33653,ml,dev_33653
33654,ml,dev_33654
33655,ml,dev_33655
33656,web,dev_33656
33657,web,dev_33657
33658,ml,dev_33658
33659,web,dev_33659
33660,ml,dev_33660
33661,ml,dev_33661
33662,web,dev_33662
33663,ml,dev_33663
33664,ml,dev_33664
33665,web,dev_33665
33666,web,dev_33666
33667,web,dev_33667
33668,ml,dev_33668
33669,ml,dev_33669
33670,web,dev_33670
33671,ml,dev_33671
33672,ml,dev_33672
33673,ml,dev_33673
33674,ml,dev_33674
33675,web,dev_33675
33676,web,dev_33676
33677,ml,dev_33677
33678,web,dev_33678
33679,web,dev_33679
33680,web,dev_33680
33681,ml,dev_33681
33682,ml,dev_33682
33683,ml,dev_33683
33684,web,dev_33684
33685,web,dev_33685
33686,ml,dev_33686
33687,ml,dev_33687
33688,web,dev_33688
33689,web,dev_33689
33690,ml,dev_33690
33691,ml,dev_33691
33692,web,dev_33692
33693,ml,dev_33693
33694,ml,dev_33694
33695,web,dev_33695
33696,ml,dev_33696
33697,web,dev_33697
33698,ml,dev_33698
33699,ml,dev_33699
33700,web,dev_33700
33701,web,dev_33701
33702,web,dev_33702
33703,ml,dev_33703
33704,web,dev_33704
33705,ml,dev_33705
33706,web,dev_33706
33707,web,dev_33707
33708,web,dev_33708
33709,web,dev_33709
33710,web,dev_33710
33711,web,dev_33711
33712,web,dev_33712
33713,web,dev_33713
33714,web,dev_33714
33715,ml,dev_33715
33716,ml,dev_33716
33717,ml,dev_33717
33718,web,dev_33718
33719,web,dev_33719
33720,ml,dev_33720
33721,ml,dev_33721
33722,ml,dev_33722
33723,web,dev_33723
33724,ml,dev_33724
33725,ml,dev_33725
33726,ml,dev_33726
33727,ml,dev_33727
33728,web,dev_33728
33729,ml,dev_33729
33730,web,dev_33730
33731,ml,dev_33731
33732,web,dev_33732
33733,ml,dev_33733
33734,web,dev_33734
33735,web,dev_33735
33736,web,dev_33736
33737,ml,dev_33737
33738,ml,dev_33738
33739,web,dev_33739
33740,ml,dev_33740
33741,ml,dev_33741
33742,web,dev_33742
33743,ml,dev_33743
33744,web,dev_33744
33745,web,dev_33745
33746,ml,dev_33746
33747,ml,dev_33747
33748,ml,dev_33748
33749,web,dev_33749
33750,ml,dev_33750
33751,ml,dev_33751
33752,ml,dev_33752
33753,ml,dev_33753
33754,web,dev_33754
33755,web,dev_33755
33756,web,dev_33756
33757,web,dev_33757
33758,web,dev_33758
33759,web,dev_33759
33760,web,dev_33760
33761,ml,dev_33761
33762,web,dev_33762
33763,web,dev_33763
33764,ml,dev_33764
33765,web,dev_33765
33766,web,dev_33766
33767,ml,dev_33767
33768,ml,dev_33768
33769,web,dev_33769
33770,web,dev_33770
33771,web,dev_33771
33772,web,dev_33772
33773,ml,dev_33773
33774,ml,dev_33774
33775,web,dev_33775
33776,web,dev_33776
33777,web,dev_33777
33778,web,dev_33778
33779,web,dev_33779
33780,ml,dev_33780
33781,web,dev_33781
33782,web,dev_33782
33783,web,dev_33783
33784,ml,dev_33784
33785,web,dev_33785
33786,ml,dev_33786
33787,ml,dev_33787
33788,web,dev_33788
33789,ml,dev_33789
33790,ml,dev_33790
33791,ml,dev_33791
33792,web,dev_33792
33793,ml,dev_33793
33794,web,dev_33794
33795,web,dev_33795
33796,ml,dev_33796
33797,ml,dev_33797
33798,web,dev_33798
33799,ml,dev_33799
33800,ml,dev_33800
33801,web,dev_33801
33802,ml,dev_33802
33803,ml,dev_33803
33804,ml,dev_33804
33805,web,dev_33805
33806,web,dev_33806
33807,ml,dev_33807
33808,ml,dev_33808
33809,web,dev_33809
33810,ml,dev_33810
33811,web,dev_33811
33812,ml,dev_33812
33813,web,dev_33813
33814,web,dev_33814
33815,web,dev_33815
33816,web,dev_33816
33817,ml,dev_33817
33818,ml,dev_33818
33819,ml,dev_33819
33820,ml,dev_33820
33821,ml,dev_33821
33822,web,dev_33822
33823,web,dev_33823
33824,web,dev_33824
33825,web,dev_33825
33826,ml,dev_33826
33827,web,dev_33827
33828,ml,dev_33828
33829,web,dev_33829
33830,web,dev_33830
33831,web,dev_33831
33832,web,dev_33832
33833,web,dev_33833
33834,ml,dev_33834
33835,web,dev_33835
33836,web,dev_33836
33837,ml,dev_33837
33838,web,dev_33838
33839,web,dev_33839
33840,web,dev_33840
33841,web,dev_33841
33842,ml,dev_33842
33843,web,dev_33843
33844,ml,dev_33844
33845,ml,dev_33845
33846,ml,dev_33846
33847,ml,dev_33847
33848,web,dev_33848
33849,ml,dev_33849
33850,web,dev_33850
33851,web,dev_33851
33852,ml,dev_33852
33853,ml,dev_33853
33854,web,dev_33854
33855,ml,dev_33855
33856,ml,dev_33856
33857,ml,dev_33857
33858,web,dev_33858
33859,ml,dev_33859
33860,ml,dev_33860
33861,web,dev_33861
33862,ml,dev_33862
33863,ml,dev_33863
33864,ml,dev_33864
33865,web,dev_33865
33866,web,dev_33866
33867,web,dev_33867
33868,web,dev_33868
33869,web,dev_33869
33870,web,dev_33870
33871,web,dev_33871
33872,web,dev_33872
33873,web,dev_33873
33874,ml,dev_33874
33875,ml,dev_33875
33876,web,dev_33876
33877,ml,dev_33877
33878,ml,dev_33878
33879,web,dev_33879
33880,web,dev_33880
33881,web,dev_33881
33882,ml,dev_33882
33883,ml,dev_33883
33884,web,dev_33884
33885,web,dev_33885
33886,web,dev_33886
33887,ml,dev_33887
33888,ml,dev_33888
33889,web,dev_33889
33890,web,dev_33890
33891,ml,dev_33891
33892,ml,dev_33892
33893,ml,dev_33893
33894,ml,dev_33894
33895,web,dev_33895
33896,ml,dev_33896
33897,ml,dev_33897
33898,ml,dev_33898
33899,ml,dev_33899
33900,web,dev_33900
33901,web,dev_33901
33902,web,dev_33902
33903,ml,dev_33903
33904,ml,dev_33904
33905,web,dev_33905
33906,ml,dev_33906
33907,ml,dev_33907
33908,web,dev_33908
33909,web,dev_33909
33910,ml,dev_33910
33911,web,dev_33911
33912,web,dev_33912
33913,web,dev_33913
33914,web,dev_33914
33915,ml,dev_33915
33916,ml,dev_33916
33917,web,dev_33917
33918,ml,dev_33918
33919,web,dev_33919
33920,web,dev_33920
33921,ml,dev_33921
33922,web,dev_33922
33923,web,dev_33923
33924,ml,dev_33924
33925,ml,dev_33925
33926,web,dev_33926
33927,ml,dev_33927
33928,ml,dev_33928
33929,ml,dev_33929
33930,web,dev_33930
33931,web,dev_33931
33932,web,dev_33932
33933,web,dev_33933
33934,web,dev_33934
33935,web,dev_33935
33936,web,dev_33936
33937,web,dev_33937
33938,web,dev_33938
33939,ml,dev_33939
33940,ml,dev_33940
33941,web,dev_33941
33942,ml,dev_33942
33943,ml,dev_33943
33944,ml,dev_33944
33945,web,dev_33945
33946,ml,dev_33946
33947,ml,dev_33947
33948,ml,dev_33948
33949,web,dev_33949
33950,web,dev_33950
33951,web,dev_33951
33952,ml,dev_33952
33953,web,dev_33953
33954,web,dev_33954
33955,ml,dev_33955
33956,ml,dev_33956
33957,ml,dev_33957
33958,ml,dev_33958
33959,web,dev_33959
33960,web,dev_33960
33961,ml,dev_33961
33962,ml,dev_33962
33963,ml,dev_33963
33964,ml,dev_33964
33965,ml,dev_33965
33966,web,dev_33966
33967,ml,dev_33967
33968,web,dev_33968
33969,ml,dev_33969
33970,ml,dev_33970
33971,ml,dev_33971
33972,ml,dev_33972
33973,ml,dev_33973
33974,ml,dev_33974
33975,ml,dev_33975
33976,ml,dev_33976
33977,ml,dev_33977
33978,web,dev_33978
33979,ml,dev_33979
33980,ml,dev_33980
33981,ml,dev_33981
33982,web,dev_33982
33983,web,dev_33983
33984,web,dev_33984
33985,ml,dev_33985
33986,web,dev_33986
33987,web,dev_33987
33988,web,dev_33988
33989,web,dev_33989
33990,web,dev_33990
33991,ml,dev_33991
33992,web,dev_33992
33993,ml,dev_33993
33994,web,dev_33994
33995,web,dev_33995
33996,ml,dev_33996
33997,web,dev_33997
33998,ml,dev_33998
33999,web,dev_33999
34000,ml,dev_34000
34001,ml,dev_34001
34002,ml,dev_34002
34003,web,dev_34003
34004,ml,dev_34004
34005,web,dev_34005
34006,ml,dev_34006
34007,web,dev_34007
34008,ml,dev_34008
34009,web,dev_34009
34010,ml,dev_34010
34011,web,dev_34011
34012,ml,dev_34012
34013,web,dev_34013
34014,ml,dev_34014
34015,ml,dev_34015
34016,web,dev_34016
34017,ml,dev_34017
34018,ml,dev_34018
34019,ml,dev_34019
34020,web,dev_34020
34021,web,dev_34021
34022,ml,dev_34022
34023,web,dev_34023
34024,web,dev_34024
34025,web,dev_34025
34026,ml,dev_34026
34027,ml,dev_34027
34028,ml,dev_34028
34029,web,dev_34029
34030,web,dev_34030
34031,ml,dev_34031
34032,web,dev_34032
34033,ml,dev_34033
34034,web,dev_34034
34035,ml,dev_34035
34036,ml,dev_34036
34037,web,dev_34037
34038,web,dev_34038
34039,web,dev_34039
34040,web,dev_34040
34041,web,dev_34041
34042,web,dev_34042
34043,ml,dev_34043
34044,web,dev_34044
34045,web,dev_34045
34046,ml,dev_34046
34047,web,dev_34047
34048,ml,dev_34048
34049,ml,dev_34049
34050,ml,dev_34050
34051,ml,dev_34051
34052,web,dev_34052
34053,ml,dev_34053
34054,ml,dev_34054
34055,ml,dev_34055
34056,web,dev_34056
34057,web,dev_34057
34058,web,dev_34058
34059,ml,dev_34059
34060,ml,dev_34060
34061,ml,dev_34061
34062,web,dev_34062
34063,web,dev_34063
34064,ml,dev_34064
34065,ml,dev_34065
34066,web,dev_34066
34067,ml,dev_34067
34068,ml,dev_34068
34069,ml,dev_34069
34070,web,dev_34070
34071,ml,dev_34071
34072,ml,dev_34072
34073,ml,dev_34073
34074,ml,dev_34074
34075,web,dev_34075
34076,web,dev_34076
34077,web,dev_34077
34078,web,dev_34078
34079,ml,dev_34079
34080,ml,dev_34080
34081,web,dev_34081
34082,web,dev_34082
34083,ml,dev_34083
34084,ml,dev_34084
34085,web,dev_34085
34086,web,dev_34086
34087,ml,dev_34087
34088,web,dev_34088
34089,web,dev_34089
34090,web,dev_34090
34091,ml,dev_34091
34092,web,dev_34092
34093,ml,dev_34093
34094,web,dev_34094
34095,web,dev_34095
34096,ml,dev_34096
34097,web,dev_34097
34098,web,dev_34098
34099,web,dev_34099
34100,ml,dev_34100
34101,ml,dev_34101
34102,ml,dev_34102
34103,ml,dev_34103
34104,web,dev_34104
34105,web,dev_34105
34106,web,dev_34106
34107,ml,dev_34107
34108,web,dev_34108
34109,web,dev_34109
34110,ml,dev_34110
34111,web,dev_34111
34112,ml,dev_34112
34113,web,dev_34113
34114,ml,dev_34114
34115,ml,dev_34115
34116,ml,dev_34116
34117,ml,dev_34117
34118,web,dev_34118
34119,ml,dev_34119
34120,ml,dev_34120
34121,ml,dev_34121
34122,web,dev_34122
34123,web,dev_34123
34124,web,dev_34124
34125,ml,dev_34125
34126,ml,dev_34126
34127,web,dev_34127
34128,web,dev_34128
34129,web,dev_34129
34130,web,dev_34130
34131,web,dev_34131
34132,ml,dev_34132
34133,ml,dev_34133
34134,ml,dev_34134
34135,ml,dev_34135
34136,ml,dev_34136
34137,web,dev_34137
34138,ml,dev_34138
34139,ml,dev_34139
34140,web,dev_34140
34141,ml,dev_34141
34142,web,dev_34142
34143,ml,dev_34143
34144,ml,dev_34144
34145,web,dev_34145
34146,web,dev_34146
34147,ml,dev_34147
34148,ml,dev_34148
34149,ml,dev_34149
34150,ml,dev_34150
34151,ml,dev_34151
34152,ml,dev_34152
34153,web,dev_34153
34154,ml,dev_34154
34155,web,dev_34155
34156,ml,dev_34156
34157,web,dev_34157
34158,ml,dev_34158
34159,web,dev_34159
34160,ml,dev_34160
34161,ml,dev_34161
34162,ml,dev_34162
34163,ml,dev_34163
34164,web,dev_34164
34165,web,dev_34165
34166,web,dev_34166
34167,ml,dev_34167
34168,ml,dev_34168
34169,ml,dev_34169
34170,ml,dev_34170
34171,web,dev_34171
34172,ml,dev_34172
34173,web,dev_34173
34174,ml,dev_34174
34175,ml,dev_34175
34176,ml,dev_34176
34177,ml,dev_34177
34178,ml,dev_34178
34179,ml,dev_34179
34180,web,dev_34180
34181,web,dev_34181
34182,ml,dev_34182
34183,ml,dev_34183
34184,web,dev_34184
34185,ml,dev_34185
34186,ml,dev_34186
34187,web,dev_34187
34188,web,dev_34188
34189,web,dev_34189
34190,web,dev_34190
34191,ml,dev_34191
34192,web,dev_34192
34193,web,dev_34193
34194,web,dev_34194
34195,ml,dev_34195
34196,web,dev_34196
34197,ml,dev_34197
34198,ml,dev_34198
34199,ml,dev_34199
34200,web,dev_34200
34201,web,dev_34201
34202,web,dev_34202
34203,ml,dev_34203
34204,ml,dev_34204
34205,ml,dev_34205
34206,ml,dev_34206
34207,web,dev_34207
34208,web,dev_34208
34209,ml,dev_34209
34210,ml,dev_34210
34211,ml,dev_34211
34212,web,dev_34212
34213,ml,dev_34213
34214,web,dev_34214
34215,ml,dev_34215
34216,web,dev_34216
34217,ml,dev_34217
34218,web,dev_34218
34219,web,dev_34219
34220,ml,dev_34220
34221,ml,dev_34221
34222,ml,dev_34222
34223,ml,dev_34223
34224,web,dev_34224
34225,web,dev_34225
34226,web,dev_34226
34227,web,dev_34227
34228,ml,dev_34228
34229,web,dev_34229
34230,ml,dev_34230
34231,ml,dev_34231
34232,web,dev_34232
34233,ml,dev_34233
34234,ml,dev_34234
34235,web,dev_34235
34236,ml,dev_34236
34237,ml,dev_34237
34238,web,dev_34238
34239,web,dev_34239
34240,web,dev_34240
34241,ml,dev_34241
34242,ml,dev_34242
34243,ml,dev_34243
34244,web,dev_34244
34245,ml,dev_34245
34246,ml,dev_34246
34247,ml,dev_34247
34248,web,dev_34248
34249,ml,dev_34249
34250,web,dev_34250
34251,web,dev_34251
34252,ml,dev_34252
34253,ml,dev_34253
34254,ml,dev_34254
34255,web,dev_34255
34256,web,dev_34256
34257,web,dev_34257
34258,web,dev_34258
34259,ml,dev_34259
34260,web,dev_34260
34261,ml,dev_34261
34262,web,dev_34262
34263,ml,dev_34263
34264,ml,dev_34264
34265,ml,dev_34265
34266,ml,dev_34266
34267,web,dev_34267
34268,web,dev_34268
34269,web,dev_34269
34270,web,dev_34270
34271,web,dev_34271
34272,web,dev_34272
34273,ml,dev_34273
34274,web,dev_34274
34275,ml,dev_34275
34276,ml,dev_34276
34277,web,dev_34277
34278,ml,dev_34278
34279,web,dev_34279
34280,ml,dev_34280
34281,ml,dev_34281
34282,ml,dev_34282
34283,ml,dev_34283
34284,ml,dev_34284
34285,ml,dev_34285
34286,ml,dev_34286
34287,ml,dev_34287
34288,ml,dev_34288
34289,ml,dev_34289
34290,ml,dev_34290
34291,ml,dev_34291
34292,web,dev_34292
34293,web,dev_34293
34294,ml,dev_34294
34295,web,dev_34295
34296,ml,dev_34296
34297,web,dev_34297
34298,ml,dev_34298
34299,web,dev_34299
34300,web,dev_34300
34301,ml,dev_34301
34302,web,dev_34302
34303,ml,dev_34303
34304,ml,dev_34304
34305,ml,dev_34305
34306,ml,dev_34306
34307,web,dev_34307
34308,ml,dev_34308
34309,web,dev_34309
34310,web,dev_34310
34311,ml,dev_34311
34312,ml,dev_34312
34313,ml,dev_34313
34314,web,dev_34314
34315,ml,dev_34315
34316,web,dev_34316
34317,web,dev_34317
34318,web,dev_34318
34319,web,dev_34319
34320,ml,dev_34320
34321,ml,dev_34321
34322,web,dev_34322
34323,web,dev_34323
34324,ml,dev_34324
34325,ml,dev_34325
34326,ml,dev_34326
34327,web,dev_34327
34328,ml,dev_34328
34329,web,dev_34329
34330,ml,dev_34330
34331,ml,dev_34331
34332,web,dev_34332
34333,ml,dev_34333
34334,web,dev_34334
34335,web,dev_34335
34336,web,dev_34336
34337,ml,dev_34337
34338,ml,dev_34338
34339,web,dev_34339
34340,ml,dev_34340
34341,web,dev_34341
34342,web,dev_34342
34343,ml,dev_34343
34344,ml,dev_34344
34345,web,dev_34345
34346,web,dev_34346
34347,web,dev_34347
34348,web,dev_34348
34349,web,dev_34349
34350,ml,dev_34350
34351,ml,dev_34351
34352,ml,dev_34352
34353,web,dev_34353
34354,web,dev_34354
34355,web,dev_34355
34356,ml,dev_34356
34357,web,dev_34357
34358,web,dev_34358
34359,web,dev_34359
34360,web,dev_34360
34361,web,dev_34361
34362,ml,dev_34362
34363,web,dev_34363
34364,web,dev_34364
34365,ml,dev_34365
34366,ml,dev_34366
34367,ml,dev_34367
34368,web,dev_34368
34369,web,dev_34369
34370,ml,dev_34370
34371,ml,dev_34371
34372,web,dev_34372
34373,web,dev_34373
34374,web,dev_34374
34375,web,dev_34375
34376,ml,dev_34376
34377,ml,dev_34377
34378,web,dev_34378
34379,ml,dev_34379
34380,ml,dev_34380
34381,web,dev_34381
34382,web,dev_34382
34383,web,dev_34383
34384,web,dev_34384
34385,web,dev_34385
34386,ml,dev_34386
34387,web,dev_34387
34388,ml,dev_34388
34389,ml,dev_34389
34390,web,dev_34390
34391,web,dev_34391
34392,web,dev_34392
34393,ml,dev_34393
34394,ml,dev_34394
34395,web,dev_34395
34396,ml,dev_34396
34397,ml,dev_34397
34398,web,dev_34398
34399,ml,dev_34399
34400,web,dev_34400
34401,web,dev_34401
34402,web,dev_34402
34403,ml,dev_34403
34404,ml,dev_34404
34405,web,dev_34405
34406,web,dev_34406
34407,web,dev_34407
34408,ml,dev_34408
34409,web,dev_34409
34410,ml,dev_34410
34411,web,dev_34411
34412,ml,dev_34412
34413,web,dev_34413
34414,web,dev_34414
34415,web,dev_34415
34416,ml,dev_34416
34417,ml,dev_34417
34418,web,dev_34418
34419,web,dev_34419
34420,web,dev_34420
34421,web,dev_34421
34422,ml,dev_34422
34423,ml,dev_34423
34424,ml,dev_34424
34425,web,dev_34425
34426,ml,dev_34426
34427,web,dev_34427
34428,web,dev_34428
34429,web,dev_34429
34430,ml,dev_34430
34431,web,dev_34431
34432,web,dev_34432
34433,web,dev_34433
34434,ml,dev_34434
34435,ml,dev_34435
34436,ml,dev_34436
34437,web,dev_34437
34438,web,dev_34438
34439,ml,dev_34439
34440,ml,dev_34440
34441,ml,dev_34441
34442,web,dev_34442
34443,ml,dev_34443
34444,ml,dev_34444
34445,web,dev_34445
34446,web,dev_34446
34447,web,dev_34447
34448,web,dev_34448
34449,web,dev_34449
34450,ml,dev_34450
34451,ml,dev_34451
34452,web,dev_34452
34453,ml,dev_34453
34454,ml,dev_34454
34455,ml,dev_34455
34456,web,dev_34456
34457,web,dev_34457
34458,web,dev_34458
34459,web,dev_34459
34460,ml,dev_34460
34461,ml,dev_34461
34462,ml,dev_34462
34463,web,dev_34463
34464,web,dev_34464
34465,web,dev_34465
34466,web,dev_34466
34467,ml,dev_34467
34468,ml,dev_34468
34469,ml,dev_34469
34470,ml,dev_34470
34471,ml,dev_34471
34472,web,dev_34472
34473,web,dev_34473
34474,ml,dev_34474
34475,ml,dev_34475
34476,ml,dev_34476
34477,web,dev_34477
34478,ml,dev_34478
34479,web,dev_34479
34480,ml,dev_34480
34481,ml,dev_34481
34482,ml,dev_34482
34483,ml,dev_34483
34484,web,dev_34484
34485,ml,dev_34485
34486,ml,dev_34486
34487,web,dev_34487
34488,web,dev_34488
34489,web,dev_34489
34490,ml,dev_34490
34491,ml,dev_34491
34492,web,dev_34492
34493,web,dev_34493
34494,ml,dev_34494
34495,web,dev_34495
34496,ml,dev_34496
34497,web,dev_34497
34498,ml,dev_34498
34499,ml,dev_34499
34500,web,dev_34500
34501,ml,dev_34501
34502,web,dev_34502
34503,web,dev_34503
34504,web,dev_34504
34505,web,dev_34505
34506,web,dev_34506
34507,web,dev_34507
34508,web,dev_34508
34509,web,dev_34509
34510,web,dev_34510
34511,ml,dev_34511
34512,ml,dev_34512
34513,web,dev_34513
34514,web,dev_34514
34515,web,dev_34515
34516,web,dev_34516
34517,ml,dev_34517
34518,ml,dev_34518
34519,ml,dev_34519
34520,ml,dev_34520
34521,web,dev_34521
34522,ml,dev_34522
34523,ml,dev_34523
34524,ml,dev_34524
34525,web,dev_34525
34526,web,dev_34526
34527,ml,dev_34527
34528,web,dev_34528
34529,ml,dev_34529
34530,ml,dev_34530
34531,web,dev_34531
34532,ml,dev_34532
34533,ml,dev_34533
34534,web,dev_34534
34535,web,dev_34535
34536,ml,dev_34536
34537,ml,dev_34537
34538,web,dev_34538
34539,ml,dev_34539
34540,web,dev_34540
34541,web,dev_34541
34542,ml,dev_34542
34543,web,dev_34543
34544,ml,dev_34544
34545,ml,dev_34545
34546,web,dev_34546
34547,ml,dev_34547
34548,web,dev_34548
34549,ml,dev_34549
34550,web,dev_34550
34551,web,dev_34551
34552,ml,dev_34552
34553,web,dev_34553
34554,web,dev_34554
34555,web,dev_34555
34556,ml,dev_34556
34557,web,dev_34557
34558,ml,dev_34558
34559,web,dev_34559
34560,ml,dev_34560
34561,ml,dev_34561
34562,web,dev_34562
34563,web,dev_34563
34564,web,dev_34564
34565,web,dev_34565
34566,web,dev_34566
34567,web,dev_34567
34568,web,dev_34568
34569,web,dev_34569
34570,web,dev_34570
34571,web,dev_34571
34572,web,dev_34572
34573,ml,dev_34573
34574,web,dev_34574
34575,web,dev_34575
34576,web,dev_34576
34577,web,dev_34577
34578,web,dev_34578
34579,ml,dev_34579
34580,ml,dev_34580
34581,ml,dev_34581
34582,ml,dev_34582
34583,web,dev_34583
34584,web,dev_34584
34585,ml,dev_34585
34586,web,dev_34586
34587,web,dev_34587
34588,web,dev_34588
34589,web,dev_34589
34590,ml,dev_34590
34591,web,dev_34591
34592,ml,dev_34592
34593,ml,dev_34593
34594,web,dev_34594
34595,ml,dev_34595
34596,web,dev_34596
34597,web,dev_34597
34598,web,dev_34598
34599,ml,dev_34599
34600,ml,dev_34600
34601,web,dev_34601
34602,ml,dev_34602
34603,ml,dev_34603
34604,web,dev_34604
34605,ml,dev_34605
34606,ml,dev_34606
34607,web,dev_34607
34608,web,dev_34608
34609,ml,dev_34609
34610,ml,dev_34610
34611,web,dev_34611
34612,web,dev_34612
34613,ml,dev_34613
34614,ml,dev_34614
34615,web,dev_34615
34616,web,dev_34616
34617,web,dev_34617
34618,ml,dev_34618
34619,ml,dev_34619
34620,web,dev_34620
34621,web,dev_34621
34622,web,dev_34622
34623,web,dev_34623
34624,web,dev_34624
34625,ml,dev_34625
34626,ml,dev_34626
34627,ml,dev_34627
34628,ml,dev_34628
34629,web,dev_34629
34630,ml,dev_34630
34631,web,dev_34631
34632,web,dev_34632
34633,ml,dev_34633
34634,ml,dev_34634
34635,web,dev_34635
34636,web,dev_34636
34637,web,dev_34637
34638,web,dev_34638
34639,web,dev_34639
34640,ml,dev_34640
34641,ml,dev_34641
34642,web,dev_34642
34643,ml,dev_34643
34644,ml,dev_34644
34645,ml,dev_34645
34646,web,dev_34646
34647,web,dev_34647
34648,web,dev_34648
34649,web,dev_34649
34650,web,dev_34650
34651,ml,dev_34651
34652,web,dev_34652
34653,ml,dev_34653
34654,ml,dev_34654
34655,web,dev_34655
34656,web,dev_34656
34657,web,dev_34657
34658,web,dev_34658
34659,web,dev_34659
34660,ml,dev_34660
34661,ml,dev_34661
34662,web,dev_34662
34663,ml,dev_34663
34664,ml,dev_34664
34665,web,dev_34665
34666,web,dev_34666
34667,web,dev_34667
34668,web,dev_34668
34669,ml,dev_34669
34670,web,dev_34670
34671,ml,dev_34671
34672,web,dev_34672
34673,web,dev_34673
34674,web,dev_34674
34675,web,dev_34675
34676,ml,dev_34676
34677,web,dev_34677
34678,web,dev_34678
34679,ml,dev_34679
34680,web,dev_34680
34681,ml,dev_34681
34682,web,dev_34682
34683,web,dev_34683
34684,ml,dev_34684
34685,web,dev_34685
34686,ml,dev_34686
34687,ml,dev_34687
34688,web,dev_34688
34689,web,dev_34689
34690,web,dev_34690
34691,ml,dev_34691
34692,ml,dev_34692
34693,web,dev_34693
34694,ml,dev_34694
34695,ml,dev_34695
34696,ml,dev_34696
34697,ml,dev_34697
34698,ml,dev_34698
34699,web,dev_34699
34700,ml,dev_34700
34701,web,dev_34701
34702,ml,dev_34702
34703,web,dev_34703
34704,ml,dev_34704
34705,web,dev_34705
34706,web,dev_34706
34707,web,dev_34707
34708,web,dev_34708
34709,web,dev_34709
34710,ml,dev_34710
34711,web,dev_34711
34712,ml,dev_34712
34713,ml,dev_34713
34714,ml,dev_34714
34715,web,dev_34715
34716,ml,dev_34716
34717,ml,dev_34717
34718,ml,dev_34718
34719,web,dev_34719
34720,ml,dev_34720
34721,ml,dev_34721
34722,ml,dev_34722
34723,ml,dev_34723
34724,ml,dev_34724
34725,ml,dev_34725
34726,web,dev_34726
34727,ml,dev_34727
34728,web,dev_34728
34729,ml,dev_34729
34730,web,dev_34730
34731,web,dev_34731
34732,ml,dev_34732
34733,ml,dev_34733
34734,ml,dev_34734
34735,web,dev_34735
34736,web,dev_34736
34737,ml,dev_34737
34738,ml,dev_34738
34739,ml,dev_34739
34740,ml,dev_34740
34741,web,dev_34741
34742,web,dev_34742
34743,web,dev_34743
34744,web,dev_34744
34745,web,dev_34745
34746,web,dev_34746
34747,web,dev_34747
34748,web,dev_34748
34749,ml,dev_34749
34750,ml,dev_34750
34751,ml,dev_34751
34752,web,dev_34752
34753,ml,dev_34753
34754,ml,dev_34754
34755,web,dev_34755
34756,web,dev_34756
34757,ml,dev_34757
34758,ml,dev_34758
34759,ml,dev_34759
34760,web,dev_34760
34761,ml,dev_34761
34762,ml,dev_34762
34763,web,dev_34763
34764,web,dev_34764
34765,ml,dev_34765
34766,web,dev_34766
34767,web,dev_34767
34768,ml,dev_34768
34769,web,dev_34769
34770,ml,dev_34770
34771,web,dev_34771
34772,ml,dev_34772
34773,web,dev_34773
34774,ml,dev_34774
34775,web,dev_34775
34776,web,dev_34776
34777,ml,dev_34777
34778,web,dev_34778
34779,web,dev_34779
34780,web,dev_34780
34781,ml,dev_34781
34782,web,dev_34782
34783,web,dev_34783
34784,web,dev_34784
34785,ml,dev_34785
34786,ml,dev_34786
34787,ml,dev_34787
34788,ml,dev_34788
34789,ml,dev_34789
34790,ml,dev_34790
34791,ml,dev_34791
34792,web,dev_34792
34793,ml,dev_34793
34794,ml,dev_34794
34795,web,dev_34795
34796,ml,dev_34796
34797,ml,dev_34797
34798,web,dev_34798
34799,ml,dev_34799
34800,web,dev_34800
34801,web,dev_34801
34802,web,dev_34802
34803,ml,dev_34803
34804,web,dev_34804
34805,ml,dev_34805
34806,ml,dev_34806
34807,web,dev_34807
34808,web,dev_34808
34809,web,dev_34809
34810,web,dev_34810
34811,ml,dev_34811
34812,ml,dev_34812
34813,ml,dev_34813
34814,web,dev_34814
34815,ml,dev_34815
34816,ml,dev_34816
34817,ml,dev_34817
34818,ml,dev_34818
34819,ml,dev_34819
34820,ml,dev_34820
34821,ml,dev_34821
34822,web,dev_34822
34823,ml,dev_34823
34824,ml,dev_34824
34825,ml,dev_34825
34826,ml,dev_34826
34827,web,dev_34827
34828,ml,dev_34828
34829,web,dev_34829
34830,web,dev_34830
34831,ml,dev_34831
34832,web,dev_34832
34833,ml,dev_34833
34834,ml,dev_34834
34835,ml,dev_34835
34836,web,dev_34836
34837,web,dev_34837
34838,web,dev_34838
34839,web,dev_34839
34840,ml,dev_34840
34841,web,dev_34841
34842,web,dev_34842
34843,ml,dev_34843
34844,ml,dev_34844
34845,web,dev_34845
34846,web,dev_34846
34847,web,dev_34847
34848,ml,dev_34848
34849,ml,dev_34849
34850,ml,dev_34850
34851,web,dev_34851
34852,web,dev_34852
34853,ml,dev_34853
34854,web,dev_34854
34855,ml,dev_34855
34856,ml,dev_34856
34857,ml,dev_34857
34858,ml,dev_34858
34859,web,dev_34859
34860,ml,dev_34860
34861,web,dev_34861
34862,ml,dev_34862
34863,web,dev_34863
34864,ml,dev_34864
34865,web,dev_34865
34866,ml,dev_34866
34867,web,dev_34867
34868,web,dev_34868
34869,web,dev_34869
34870,web,dev_34870
34871,ml,dev_34871
34872,ml,dev_34872
34873,web,dev_34873
34874,ml,dev_34874
34875,ml,dev_34875
34876,web,dev_34876
34877,ml,dev_34877
34878,web,dev_34878
34879,web,dev_34879
34880,ml,dev_34880
34881,ml,dev_34881
34882,web,dev_34882
34883,web,dev_34883
34884,web,dev_34884
34885,web,dev_34885
34886,web,dev_34886
34887,ml,dev_34887
34888,web,dev_34888
34889,ml,dev_34889
34890,web,dev_34890
34891,ml,dev_34891
34892,ml,dev_34892
34893,ml,dev_34893
34894,web,dev_34894
34895,web,dev_34895
34896,ml,dev_34896
34897,ml,dev_34897
34898,web,dev_34898
34899,ml,dev_34899
34900,web,dev_34900
34901,ml,dev_34901
34902,web,dev_34902
34903,ml,dev_34903
34904,ml,dev_34904
34905,ml,dev_34905
34906,web,dev_34906
34907,web,dev_34907
34908,web,dev_34908
34909,ml,dev_34909
34910,web,dev_34910
34911,web,dev_34911
34912,ml,dev_34912
34913,web,dev_34913
34914,web,dev_34914
34915,ml,dev_34915
34916,web,dev_34916
34917,ml,dev_34917
34918,web,dev_34918
34919,ml,dev_34919
34920,ml,dev_34920
34921,ml,dev_34921
34922,web,dev_34922
34923,ml,dev_34923
34924,web,dev_34924
34925,ml,dev_34925
34926,ml,dev_34926
34927,ml,dev_34927
34928,ml,dev_34928
34929,ml,dev_34929
34930,web,dev_34930
34931,web,dev_34931
34932,ml,dev_34932
34933,web,dev_34933
34934,web,dev_34934
34935,ml,dev_34935
34936,web,dev_34936
34937,ml,dev_34937
34938,web,dev_34938
34939,web,dev_34939
34940,ml,dev_34940
34941,ml,dev_34941
34942,ml,dev_34942
34943,ml,dev_34943
34944,ml,dev_34944
34945,web,dev_34945
34946,ml,dev_34946
34947,ml,dev_34947
34948,web,dev_34948
34949,web,dev_34949
34950,ml,dev_34950
34951,web,dev_34951
34952,web,dev_34952
34953,web,dev_34953
34954,ml,dev_34954
34955,web,dev_34955
34956,web,dev_34956
34957,ml,dev_34957
34958,ml,dev_34958
34959,ml,dev_34959
34960,ml,dev_34960
34961,web,dev_34961
34962,ml,dev_34962
34963,web,dev_34963
34964,web,dev_34964
34965,ml,dev_34965
34966,web,dev_34966
34967,web,dev_34967
34968,web,dev_34968
34969,ml,dev_34969
34970,ml,dev_34970
34971,ml,dev_34971
34972,ml,dev_34972
34973,web,dev_34973
34974,ml,dev_34974
34975,web,dev_34975
34976,web,dev_34976
34977,web,dev_34977
34978,web,dev_34978
34979,ml,dev_34979
34980,ml,dev_34980
34981,web,dev_34981
34982,ml,dev_34982
34983,web,dev_34983
34984,web,dev_34984
34985,ml,dev_34985
34986,web,dev_34986
34987,ml,dev_34987
34988,ml,dev_34988
34989,web,dev_34989
34990,web,dev_34990
34991,web,dev_34991
34992,web,dev_34992
34993,web,dev_34993
34994,ml,dev_34994
34995,web,dev_34995
34996,ml,dev_34996
34997,web,dev_34997
34998,ml,dev_34998
34999,ml,dev_34999
35000,ml,dev_35000
35001,ml,dev_35001
35002,web,dev_35002
35003,ml,dev_35003
35004,ml,dev_35004
35005,ml,dev_35005
35006,web,dev_35006
35007,web,dev_35007
35008,ml,dev_35008
35009,ml,dev_35009
35010,ml,dev_35010
35011,web,dev_35011
35012,ml,dev_35012
35013,web,dev_35013
35014,web,dev_35014
35015,web,dev_35015
35016,web,dev_35016
35017,ml,dev_35017
35018,web,dev_35018
35019,web,dev_35019
35020,ml,dev_35020
35021,ml,dev_35021
35022,web,dev_35022
35023,web,dev_35023
35024,ml,dev_35024
35025,web,dev_35025
35026,web,dev_35026
35027,web,dev_35027
35028,ml,dev_35028
35029,ml,dev_35029
35030,web,dev_35030
35031,ml,dev_35031
35032,web,dev_35032
35033,ml,dev_35033
35034,ml,dev_35034
35035,ml,dev_35035
35036,web,dev_35036
35037,web,dev_35037
35038,ml,dev_35038
35039,ml,dev_35039
35040,ml,dev_35040
35041,ml,dev_35041
35042,ml,dev_35042
35043,web,dev_35043
35044,ml,dev_35044
35045,web,dev_35045
35046,web,dev_35046
35047,web,dev_35047
35048,ml,dev_35048
35049,web,dev_35049
35050,web,dev_35050
35051,ml,dev_35051
35052,ml,dev_35052
35053,web,dev_35053
35054,ml,dev_35054
35055,ml,dev_35055
35056,ml,dev_35056
35057,web,dev_35057
35058,web,dev_35058
35059,ml,dev_35059
35060,web,dev_35060
35061,ml,dev_35061
35062,ml,dev_35062
35063,ml,dev_35063
35064,web,dev_35064
35065,web,dev_35065
35066,ml,dev_35066
35067,ml,dev_35067
35068,web,dev_35068
35069,web,dev_35069
35070,ml,dev_35070
35071,web,dev_35071
35072,web,dev_35072
35073,web,dev_35073
35074,ml,dev_35074
35075,ml,dev_35075
35076,web,dev_35076
35077,web,dev_35077
35078,web,dev_35078
35079,web,dev_35079
35080,web,dev_35080
35081,ml,dev_35081
35082,web,dev_35082
35083,web,dev_35083
35084,ml,dev_35084
35085,ml,dev_35085
35086,ml,dev_35086
35087,web,dev_35087
35088,ml,dev_35088
35089,web,dev_35089
35090,web,dev_35090
35091,web,dev_35091
35092,ml,dev_35092
35093,web,dev_35093
35094,web,dev_35094
35095,ml,dev_35095
35096,web,dev_35096
35097,web,dev_35097
35098,web,dev_35098
35099,web,dev_35099
35100,web,dev_35100
35101,web,dev_35101
35102,web,dev_35102
35103,ml,dev_35103
35104,web,dev_35104
35105,web,dev_35105
35106,ml,dev_35106
35107,ml,dev_35107
35108,ml,dev_35108
35109,ml,dev_35109
35110,web,dev_35110
35111,ml,dev_35111
35112,web,dev_35112
35113,web,dev_35113
35114,web,dev_35114
35115,web,dev_35115
35116,ml,dev_35116
35117,ml,dev_35117
35118,web,dev_35118
35119,ml,dev_35119
35120,web,dev_35120
35121,ml,dev_35121
35122,web,dev_35122
35123,ml,dev_35123
35124,web,dev_35124
35125,ml,dev_35125
35126,ml,dev_35126
35127,ml,dev_35127
35128,web,dev_35128
35129,web,dev_35129
35130,web,dev_35130
35131,web,dev_35131
35132,web,dev_35132
35133,web,dev_35133
35134,web,dev_35134
35135,web,dev_35135
35136,web,dev_35136
35137,web,dev_35137
35138,ml,dev_35138
35139,ml,dev_35139
35140,ml,dev_35140
35141,web,dev_35141
35142,web,dev_35142
35143,ml,dev_35143
35144,web,dev_35144
35145,ml,dev_35145
35146,ml,dev_35146
35147,ml,dev_35147
35148,web,dev_35148
35149,ml,dev_35149
35150,ml,dev_35150
35151,ml,dev_35151
35152,ml,dev_35152
35153,web,dev_35153
35154,web,dev_35154
35155,ml,dev_35155
35156,ml,dev_35156
35157,web,dev_35157
35158,web,dev_35158
35159,web,dev_35159
35160,ml,dev_35160
35161,web,dev_35161
35162,ml,dev_35162
35163,web,dev_35163
35164,web,dev_35164
35165,web,dev_35165
35166,ml,dev_35166
35167,ml,dev_35167
35168,web,dev_35168
35169,web,dev_35169
35170,web,dev_35170
35171,ml,dev_35171
35172,ml,dev_35172
35173,ml,dev_35173
35174,ml,dev_35174
35175,ml,dev_35175
35176,ml,dev_35176
35177,ml,dev_35177
35178,web,dev_35178
35179,ml,dev_35179
35180,ml,dev_35180
35181,ml,dev_35181
35182,web,dev_35182
35183,web,dev_35183
35184,ml,dev_35184
35185,ml,dev_35185
35186,web,dev_35186
35187,ml,dev_35187
35188,ml,dev_35188
35189,ml,dev_35189
35190,ml,dev_35190
35191,ml,dev_35191
35192,web,dev_35192
35193,web,dev_35193
35194,web,dev_35194
35195,ml,dev_35195
35196,ml,dev_35196
35197,ml,dev_35197
35198,ml,dev_35198
35199,ml,dev_35199
35200,ml,dev_35200
35201,ml,dev_35201
35202,ml,dev_35202
35203,web,dev_35203
35204,ml,dev_35204
35205,web,dev_35205
35206,ml,dev_35206
35207,ml,dev_35207
35208,web,dev_35208
35209,ml,dev_35209
35210,web,dev_35210
35211,ml,dev_35211
35212,web,dev_35212
35213,web,dev_35213
35214,web,dev_35214
35215,web,dev_35215
35216,ml,dev_35216
35217,ml,dev_35217
35218,ml,dev_35218
35219,web,dev_35219
35220,ml,dev_35220
35221,web,dev_35221
35222,web,dev_35222
35223,ml,dev_35223
35224,ml,dev_35224
35225,ml,dev_35225
35226,web,dev_35226
35227,ml,dev_35227
35228,ml,dev_35228
35229,ml,dev_35229
35230,web,dev_35230
35231,ml,dev_35231
35232,ml,dev_35232
35233,web,dev_35233
35234,web,dev_35234
35235,web,dev_35235
35236,web,dev_35236
35237,web,dev_35237
35238,ml,dev_35238
35239,web,dev_35239
35240,ml,dev_35240
35241,ml,dev_35241
35242,web,dev_35242
35243,web,dev_35243
35244,ml,dev_35244
35245,web,dev_35245
35246,ml,dev_35246
35247,web,dev_35247
35248,ml,dev_35248
35249,ml,dev_35249
35250,ml,dev_35250
35251,web,dev_35251
35252,ml,dev_35252
35253,web,dev_35253
35254,web,dev_35254
35255,web,dev_35255
35256,web,dev_35256
35257,web,dev_35257
35258,web,dev_35258
35259,ml,dev_35259
35260,web,dev_35260
35261,ml,dev_35261
35262,web,dev_35262
35263,web,dev_35263
35264,web,dev_35264
35265,web,dev_35265
35266,ml,dev_35266
35267,ml,dev_35267
35268,web,dev_35268
35269,ml,dev_35269
35270,web,dev_35270
35271,web,dev_35271
35272,web,dev_35272
35273,web,dev_35273
35274,ml,dev_35274
35275,web,dev_35275
35276,web,dev_35276
35277,ml,dev_35277
35278,web,dev_35278
35279,web,dev_35279
35280,web,dev_35280
35281,web,dev_35281
35282,web,dev_35282
35283,web,dev_35283
35284,ml,dev_35284
35285,web,dev_35285
35286,ml,dev_35286
35287,ml,dev_35287
35288,web,dev_35288
35289,web,dev_35289
35290,web,dev_35290
35291,ml,dev_35291
35292,web,dev_35292
35293,web,dev_35293
35294,web,dev_35294
35295,web,dev_35295
35296,ml,dev_35296
35297,web,dev_35297
35298,web,dev_35298
35299,web,dev_35299
35300,web,dev_35300
35301,web,dev_35301
35302,web,dev_35302
35303,ml,dev_35303
35304,web,dev_35304
35305,web,dev_35305
35306,web,dev_35306
35307,ml,dev_35307
35308,ml,dev_35308
35309,web,dev_35309
35310,web,dev_35310
35311,web,dev_35311
35312,web,dev_35312
35313,web,dev_35313
35314,ml,dev_35314
35315,ml,dev_35315
35316,web,dev_35316
35317,ml,dev_35317
35318,ml,dev_35318
35319,ml,dev_35319
35320,ml,dev_35320
35321,ml,dev_35321
35322,ml,dev_35322
35323,web,dev_35323
35324,ml,dev_35324
35325,ml,dev_35325
35326,web,dev_35326
35327,ml,dev_35327
35328,web,dev_35328
35329,ml,dev_35329
35330,web,dev_35330
35331,ml,dev_35331
35332,ml,dev_35332
35333,ml,dev_35333
35334,web,dev_35334
35335,web,dev_35335
35336,web,dev_35336
35337,web,dev_35337
35338,web,dev_35338
35339,ml,dev_35339
35340,ml,dev_35340
35341,ml,dev_35341
35342,ml,dev_35342
35343,ml,dev_35343
35344,web,dev_35344
35345,web,dev_35345
35346,web,dev_35346
35347,web,dev_35347
35348,ml,dev_35348
35349,ml,dev_35349
35350,web,dev_35350
35351,ml,dev_35351
35352,ml,dev_35352
35353,ml,dev_35353
35354,web,dev_35354
35355,web,dev_35355
35356,ml,dev_35356
35357,web,dev_35357
35358,web,dev_35358
35359,ml,dev_35359
35360,web,dev_35360
35361,web,dev_35361
35362,ml,dev_35362
35363,ml,dev_35363
35364,ml,dev_35364
35365,ml,dev_35365
35366,ml,dev_35366
35367,ml,dev_35367
35368,web,dev_35368
35369,ml,dev_35369
35370,ml,dev_35370
35371,web,dev_35371
35372,ml,dev_35372
35373,ml,dev_35373
35374,web,dev_35374
35375,web,dev_35375
35376,ml,dev_35376
35377,ml,dev_35377
35378,web,dev_35378
35379,web,dev_35379
35380,web,dev_35380
35381,web,dev_35381
35382,web,dev_35382
35383,ml,dev_35383
35384,ml,dev_35384
35385,web,dev_35385
35386,ml,dev_35386
35387,ml,dev_35387
35388,ml,dev_35388
35389,ml,dev_35389
35390,ml,dev_35390
35391,ml,dev_35391
35392,ml,dev_35392
35393,web,dev_35393
35394,web,dev_35394
35395,ml,dev_35395
35396,ml,dev_35396
35397,web,dev_35397
35398,web,dev_35398
35399,ml,dev_35399
35400,web,dev_35400
35401,ml,dev_35401
35402,web,dev_35402
35403,ml,dev_35403
35404,web,dev_35404
35405,ml,dev_35405
35406,web,dev_35406
35407,ml,dev_35407
35408,web,dev_35408
35409,web,dev_35409
35410,ml,dev_35410
35411,web,dev_35411
35412,web,dev_35412
35413,ml,dev_35413
35414,web,dev_35414
35415,web,dev_35415
35416,ml,dev_35416
35417,ml,dev_35417
35418,web,dev_35418
35419,web,dev_35419
35420,web,dev_35420
35421,ml,dev_35421
35422,web,dev_35422
35423,web,dev_35423
35424,web,dev_35424
35425,ml,dev_35425
35426,ml,dev_35426
35427,ml,dev_35427
35428,ml,dev_35428
35429,web,dev_35429
35430,ml,dev_35430
35431,web,dev_35431
35432,ml,dev_35432
35433,ml,dev_35433
35434,ml,dev_35434
35435,ml,dev_35435
35436,web,dev_35436
35437,ml,dev_35437
35438,web,dev_35438
35439,ml,dev_35439
35440,ml,dev_35440
35441,web,dev_35441
35442,web,dev_35442
35443,web,dev_35443
35444,web,dev_35444
35445,ml,dev_35445
35446,ml,dev_35446
35447,ml,dev_35447
35448,web,dev_35448
35449,ml,dev_35449
35450,ml,dev_35450
35451,ml,dev_35451
35452,ml,dev_35452
35453,web,dev_35453
35454,web,dev_35454
35455,web,dev_35455
35456,web,dev_35456
35457,web,dev_35457
35458,web,dev_35458
35459,web,dev_35459
35460,ml,dev_35460
35461,ml,dev_35461
35462,web,dev_35462
35463,ml,dev_35463
35464,ml,dev_35464
35465,web,dev_35465
35466,ml,dev_35466
35467,web,dev_35467
35468,web,dev_35468
35469,web,dev_35469
35470,web,dev_35470
35471,ml,dev_35471
35472,web,dev_35472
35473,web,dev_35473
35474,web,dev_35474
35475,ml,dev_35475
35476,web,dev_35476
35477,ml,dev_35477
35478,ml,dev_35478
35479,web,dev_35479
35480,ml,dev_35480
35481,web,dev_35481
35482,ml,dev_35482
35483,ml,dev_35483
35484,ml,dev_35484
35485,web,dev_35485
35486,web,dev_35486
35487,ml,dev_35487
35488,ml,dev_35488
35489,web,dev_35489
35490,ml,dev_35490
35491,ml,dev_35491
35492,web,dev_35492
35493,web,dev_35493
35494,ml,dev_35494
35495,ml,dev_35495
35496,ml,dev_35496
35497,ml,dev_35497
35498,ml,dev_35498
35499,ml,dev_35499
35500,ml,dev_35500
35501,web,dev_35501
35502,ml,dev_35502
35503,web,dev_35503
35504,ml,dev_35504
35505,web,dev_35505
35506,web,dev_35506
35507,ml,dev_35507
35508,web,dev_35508
35509,ml,dev_35509
35510,ml,dev_35510
35511,ml,dev_35511
35512,web,dev_35512
35513,ml,dev_35513
35514,web,dev_35514
35515,web,dev_35515
35516,web,dev_35516
35517,web,dev_35517
35518,ml,dev_35518
35519,web,dev_35519
35520,ml,dev_35520
35521,ml,dev_35521
35522,web,dev_35522
35523,ml,dev_35523
35524,web,dev_35524
35525,web,dev_35525
35526,web,dev_35526
35527,web,dev_35527
35528,ml,dev_35528
35529,web,dev_35529
35530,web,dev_35530
35531,ml,dev_35531
35532,ml,dev_35532
35533,web,dev_35533
35534,web,dev_35534
35535,ml,dev_35535
35536,ml,dev_35536
35537,web,dev_35537
35538,ml,dev_35538
35539,ml,dev_35539
35540,ml,dev_35540
35541,web,dev_35541
35542,web,dev_35542
35543,web,dev_35543
35544,ml,dev_35544
35545,web,dev_35545
35546,ml,dev_35546
35547,ml,dev_35547
35548,web,dev_35548
35549,web,dev_35549
35550,web,dev_35550
35551,web,dev_35551
35552,ml,dev_35552
35553,ml,dev_35553
35554,web,dev_35554
35555,web,dev_35555
35556,web,dev_35556
35557,ml,dev_35557
35558,web,dev_35558
35559,ml,dev_35559
35560,ml,dev_35560
35561,ml,dev_35561
35562,ml,dev_35562
35563,ml,dev_35563
35564,web,dev_35564
35565,ml,dev_35565
35566,ml,dev_35566
35567,ml,dev_35567
35568,ml,dev_35568
35569,web,dev_35569
35570,ml,dev_35570
35571,ml,dev_35571
35572,ml,dev_35572
35573,web,dev_35573
35574,web,dev_35574
35575,ml,dev_35575
35576,ml,dev_35576
35577,web,dev_35577
35578,web,dev_35578
35579,web,dev_35579
35580,web,dev_35580
35581,web,dev_35581
35582,web,dev_35582
35583,web,dev_35583
35584,ml,dev_35584
35585,web,dev_35585
35586,ml,dev_35586
35587,web,dev_35587
35588,ml,dev_35588
35589,ml,dev_35589
35590,web,dev_35590
35591,web,dev_35591
35592,ml,dev_35592
35593,web,dev_35593
35594,web,dev_35594
35595,web,dev_35595
35596,ml,dev_35596
35597,web,dev_35597
35598,web,dev_35598
35599,ml,dev_35599
35600,ml,dev_35600
35601,ml,dev_35601
35602,web,dev_35602
35603,web,dev_35603
35604,web,dev_35604
35605,ml,dev_35605
35606,web,dev_35606
35607,web,dev_35607
35608,ml,dev_35608
35609,web,dev_35609
35610,ml,dev_35610
35611,ml,dev_35611
35612,ml,dev_35612
35613,ml,dev_35613
35614,web,dev_35614
35615,web,dev_35615
35616,ml,dev_35616
35617,ml,dev_35617
35618,ml,dev_35618
35619,web,dev_35619
35620,ml,dev_35620
35621,ml,dev_35621
35622,web,dev_35622
35623,web,dev_35623
35624,ml,dev_35624
35625,web,dev_35625
35626,web,dev_35626
35627,web,dev_35627
35628,web,dev_35628
35629,ml,dev_35629
35630,ml,dev_35630
35631,web,dev_35631
35632,web,dev_35632
35633,web,dev_35633
35634,web,dev_35634
35635,ml,dev_35635
35636,web,dev_35636
35637,ml,dev_35637
35638,ml,dev_35638
35639,web,dev_35639
35640,ml,dev_35640
35641,ml,dev_35641
35642,web,dev_35642
35643,ml,dev_35643
35644,web,dev_35644
35645,ml,dev_35645
35646,web,dev_35646
35647,web,dev_35647
35648,ml,dev_35648
35649,web,dev_35649
35650,ml,dev_35650
35651,web,dev_35651
35652,web,dev_35652
35653,web,dev_35653
35654,web,dev_35654
35655,ml,dev_35655
35656,web,dev_35656
35657,web,dev_35657
35658,ml,dev_35658
35659,ml,dev_35659
35660,web,dev_35660
35661,web,dev_35661
35662,ml,dev_35662
35663,ml,dev_35663
35664,ml,dev_35664
35665,ml,dev_35665
35666,web,dev_35666
35667,ml,dev_35667
35668,web,dev_35668
35669,web,dev_35669
35670,ml,dev_35670
35671,web,dev_35671
35672,ml,dev_35672
35673,ml,dev_35673
35674,web,dev_35674
35675,web,dev_35675
35676,ml,dev_35676
35677,ml,dev_35677
35678,web,dev_35678
35679,ml,dev_35679
35680,web,dev_35680
35681,ml,dev_35681
35682,ml,dev_35682
35683,ml,dev_35683
35684,web,dev_35684
35685,web,dev_35685
35686,ml,dev_35686
35687,ml,dev_35687
35688,ml,dev_35688
35689,ml,dev_35689
35690,ml,dev_35690
35691,web,dev_35691
35692,ml,dev_35692
35693,ml,dev_35693
35694,ml,dev_35694
35695,ml,dev_35695
35696,ml,dev_35696
35697,ml,dev_35697
35698,ml,dev_35698
35699,web,dev_35699
35700,ml,dev_35700
35701,web,dev_35701
35702,ml,dev_35702
35703,web,dev_35703
35704,ml,dev_35704
35705,ml,dev_35705
35706,web,dev_35706
35707,web,dev_35707
35708,ml,dev_35708
35709,ml,dev_35709
35710,web,dev_35710
35711,ml,dev_35711
35712,web,dev_35712
35713,web,dev_35713
35714,ml,dev_35714
35715,ml,dev_35715
35716,web,dev_35716
35717,ml,dev_35717
35718,web,dev_35718
35719,web,dev_35719
35720,web,dev_35720
35721,web,dev_35721
35722,web,dev_35722
35723,web,dev_35723
35724,ml,dev_35724
35725,web,dev_35725
35726,ml,dev_35726
35727,web,dev_35727
35728,ml,dev_35728
35729,ml,dev_35729
35730,ml,dev_35730
35731,ml,dev_35731
35732,web,dev_35732
35733,web,dev_35733
35734,ml,dev_35734
35735,web,dev_35735
35736,web,dev_35736
35737,web,dev_35737
35738,ml,dev_35738
35739,ml,dev_35739
35740,ml,dev_35740
35741,web,dev_35741
35742,web,dev_35742
35743,web,dev_35743
35744,web,dev_35744
35745,web,dev_35745
35746,web,dev_35746
35747,web,dev_35747
35748,web,dev_35748
35749,ml,dev_35749
35750,ml,dev_35750
35751,web,dev_35751
35752,ml,dev_35752
35753,web,dev_35753
35754,web,dev_35754
35755,web,dev_35755
35756,ml,dev_35756
35757,web,dev_35757
35758,ml,dev_35758
35759,ml,dev_35759
35760,web,dev_35760
35761,ml,dev_35761
35762,ml,dev_35762
35763,web,dev_35763
35764,web,dev_35764
35765,web,dev_35765
35766,web,dev_35766
35767,web,dev_35767
35768,web,dev_35768
35769,ml,dev_35769
35770,web,dev_35770
35771,web,dev_35771
35772,web,dev_35772
35773,ml,dev_35773
35774,web,dev_35774
35775,ml,dev_35775
35776,ml,dev_35776
35777,web,dev_35777
35778,web,dev_35778
35779,ml,dev_35779
35780,ml,dev_35780
35781,web,dev_35781
35782,web,dev_35782
35783,web,dev_35783
35784,ml,dev_35784
35785,ml,dev_35785
35786,ml,dev_35786
35787,web,dev_35787
35788,ml,dev_35788
35789,web,dev_35789
35790,ml,dev_35790
35791,web,dev_35791
35792,ml,dev_35792
35793,web,dev_35793
35794,ml,dev_35794
35795,web,dev_35795
35796,web,dev_35796
35797,ml,dev_35797
35798,ml,dev_35798
35799,ml,dev_35799
35800,web,dev_35800
35801,ml,dev_35801
35802,ml,dev_35802
35803,web,dev_35803
35804,web,dev_35804
35805,web,dev_35805
35806,web,dev_35806
35807,ml,dev_35807
35808,web,dev_35808
35809,web,dev_35809
35810,web,dev_35810
35811,web,dev_35811
35812,ml,dev_35812
35813,web,dev_35813
35814,ml,dev_35814
35815,ml,dev_35815
35816,web,dev_35816
35817,web,dev_35817
35818,ml,dev_35818
35819,ml,dev_35819
35820,ml,dev_35820
35821,ml,dev_35821
35822,web,dev_35822
35823,ml,dev_35823
35824,web,dev_35824
35825,ml,dev_35825
35826,web,dev_35826
35827,ml,dev_35827
35828,ml,dev_35828
35829,ml,dev_35829
35830,ml,dev_35830
35831,ml,dev_35831
35832,web,dev_35832
35833,web,dev_35833
35834,web,dev_35834
35835,web,dev_35835
35836,ml,dev_35836
35837,ml,dev_35837
35838,ml,dev_35838
35839,web,dev_35839
35840,ml,dev_35840
35841,ml,dev_35841
35842,web,dev_35842
35843,web,dev_35843
35844,ml,dev_35844
35845,web,dev_35845
35846,ml,dev_35846
35847,ml,dev_35847
35848,web,dev_35848
35849,web,dev_35849
35850,ml,dev_35850
35851,web,dev_35851
35852,web,dev_35852
35853,web,dev_35853
35854,web,dev_35854
35855,web,dev_35855
35856,ml,dev_35856
35857,ml,dev_35857
35858,ml,dev_35858
35859,ml,dev_35859
35860,ml,dev_35860
35861,web,dev_35861
35862,ml,dev_35862
35863,ml,dev_35863
35864,web,dev_35864
35865,ml,dev_35865
35866,ml,dev_35866
35867,web,dev_35867
35868,web,dev_35868
35869,ml,dev_35869
35870,ml,dev_35870
35871,ml,dev_35871
35872,web,dev_35872
35873,ml,dev_35873
35874,web,dev_35874
35875,ml,dev_35875
35876,web,dev_35876
35877,web,dev_35877
35878,web,dev_35878
35879,web,dev_35879
35880,ml,dev_35880
35881,web,dev_35881
35882,web,dev_35882
35883,web,dev_35883
35884,web,dev_35884
35885,web,dev_35885
35886,web,dev_35886
35887,web,dev_35887
35888,ml,dev_35888
35889,ml,dev_35889
35890,web,dev_35890
35891,web,dev_35891
35892,web,dev_35892
35893,web,dev_35893
35894,web,dev_35894
35895,ml,dev_35895
35896,ml,dev_35896
35897,ml,dev_35897
35898,ml,dev_35898
35899,web,dev_35899
35900,web,dev_35900
35901,ml,dev_35901
35902,ml,dev_35902
35903,ml,dev_35903
35904,ml,dev_35904
35905,web,dev_35905
35906,web,dev_35906
35907,web,dev_35907
35908,web,dev_35908
35909,ml,dev_35909
35910,ml,dev_35910
35911,ml,dev_35911
35912,web,dev_35912
35913,web,dev_35913
35914,web,dev_35914
35915,web,dev_35915
35916,ml,dev_35916
35917,web,dev_35917
35918,web,dev_35918
35919,ml,dev_35919
35920,web,dev_35920
35921,web,dev_35921
35922,web,dev_35922
35923,web,dev_35923
35924,web,dev_35924
35925,web,dev_35925
35926,ml,dev_35926
35927,web,dev_35927
35928,web,dev_35928
35929,ml,dev_35929
35930,web,dev_35930
35931,ml,dev_35931
35932,ml,dev_35932
35933,ml,dev_35933
35934,web,dev_35934
35935,ml,dev_35935
35936,ml,dev_35936
35937,ml,dev_35937
35938,ml,dev_35938
35939,web,dev_35939
35940,ml,dev_35940
35941,ml,dev_35941
35942,web,dev_35942
35943,web,dev_35943
35944,ml,dev_35944
35945,web,dev_35945
35946,web,dev_35946
35947,ml,dev_35947
35948,ml,dev_35948
35949,web,dev_35949
35950,web,dev_35950
35951,web,dev_35951
35952,ml,dev_35952
35953,web,dev_35953
35954,ml,dev_35954
35955,ml,dev_35955
35956,web,dev_35956
35957,web,dev_35957
35958,ml,dev_35958
35959,ml,dev_35959
35960,web,dev_35960
35961,ml,dev_35961
35962,web,dev_35962
35963,web,dev_35963
35964,web,dev_35964
35965,web,dev_35965
35966,ml,dev_35966
35967,ml,dev_35967
35968,ml,dev_35968
35969,ml,dev_35969
35970,ml,dev_35970
35971,ml,dev_35971
35972,ml,dev_35972
35973,ml,dev_35973
35974,ml,dev_35974
35975,ml,dev_35975
35976,web,dev_35976
35977,web,dev_35977
35978,ml,dev_35978
35979,ml,dev_35979
35980,web,dev_35980
35981,ml,dev_35981
35982,ml,dev_35982
35983,web,dev_35983
35984,web,dev_35984
35985,web,dev_35985
35986,ml,dev_35986
35987,ml,dev_35987
35988,ml,dev_35988
35989,ml,dev_35989
35990,web,dev_35990
35991,web,dev_35991
35992,ml,dev_35992
35993,ml,dev_35993
35994,web,dev_35994
35995,web,dev_35995
35996,ml,dev_35996
35997,ml,dev_35997
35998,web,dev_35998
35999,ml,dev_35999
36000,ml,dev_36000
36001,web,dev_36001
36002,web,dev_36002
36003,web,dev_36003
36004,ml,dev_36004
36005,ml,dev_36005
36006,ml,dev_36006
36007,web,dev_36007
36008,web,dev_36008
36009,ml,dev_36009
36010,web,dev_36010
36011,ml,dev_36011
36012,web,dev_36012
36013,web,dev_36013
36014,web,dev_36014
36015,ml,dev_36015
36016,web,dev_36016
36017,ml,dev_36017
36018,ml,dev_36018
36019,web,dev_36019
36020,ml,dev_36020
36021,web,dev_36021
36022,ml,dev_36022
36023,ml,dev_36023
36024,ml,dev_36024
36025,ml,dev_36025
36026,web,dev_36026
36027,ml,dev_36027
36028,web,dev_36028
36029,web,dev_36029
36030,ml,dev_36030
36031,ml,dev_36031
36032,ml,dev_36032
36033,web,dev_36033
36034,ml,dev_36034
36035,web,dev_36035
36036,web,dev_36036
36037,web,dev_36037
36038,ml,dev_36038
36039,web,dev_36039
36040,web,dev_36040
36041,ml,dev_36041
36042,ml,dev_36042
36043,web,dev_36043
36044,ml,dev_36044
36045,ml,dev_36045
36046,ml,dev_36046
36047,ml,dev_36047
36048,web,dev_36048
36049,web,dev_36049
36050,web,dev_36050
36051,ml,dev_36051
36052,ml,dev_36052
36053,web,dev_36053
36054,ml,dev_36054
36055,ml,dev_36055
36056,web,dev_36056
36057,web,dev_36057
36058,web,dev_36058
36059,web,dev_36059
36060,ml,dev_36060
36061,ml,dev_36061
36062,web,dev_36062
36063,ml,dev_36063
36064,web,dev_36064
36065,web,dev_36065
36066,ml,dev_36066
36067,web,dev_36067
36068,ml,dev_36068
36069,ml,dev_36069
36070,ml,dev_36070
36071,web,dev_36071
36072,web,dev_36072
36073,ml,dev_36073
36074,web,dev_36074
36075,web,dev_36075
36076,ml,dev_36076
36077,ml,dev_36077
36078,ml,dev_36078
36079,ml,dev_36079
36080,web,dev_36080
36081,web,dev_36081
36082,web,dev_36082
36083,web,dev_36083
36084,web,dev_36084
36085,ml,dev_36085
36086,ml,dev_36086
36087,web,dev_36087
36088,ml,dev_36088
36089,web,dev_36089
36090,web,dev_36090
36091,web,dev_36091
36092,web,dev_36092
36093,ml,dev_36093
36094,web,dev_36094
36095,web,dev_36095
36096,ml,dev_36096
36097,ml,dev_36097
36098,web,dev_36098
36099,ml,dev_36099
36100,web,dev_36100
36101,ml,dev_36101
36102,web,dev_36102
36103,web,dev_36103
36104,web,dev_36104
36105,web,dev_36105
36106,ml,dev_36106
36107,ml,dev_36107
36108,web,dev_36108
36109,ml,dev_36109
36110,web,dev_36110
36111,ml,dev_36111
36112,web,dev_36112
36113,ml,dev_36113
36114,web,dev_36114
36115,ml,dev_36115
36116,web,dev_36116
36117,web,dev_36117
36118,ml,dev_36118
36119,web,dev_36119
36120,web,dev_36120
36121,ml,dev_36121
36122,web,dev_36122
36123,web,dev_36123
36124,web,dev_36124
36125,ml,dev_36125
36126,ml,dev_36126
36127,ml,dev_36127
36128,ml,dev_36128
36129,ml,dev_36129
36130,ml,dev_36130
36131,web,dev_36131
36132,ml,dev_36132
36133,web,dev_36133
36134,ml,dev_36134
36135,web,dev_36135
36136,web,dev_36136
36137,web,dev_36137
36138,web,dev_36138
36139,web,dev_36139
36140,ml,dev_36140
36141,ml,dev_36141
36142,web,dev_36142
36143,web,dev_36143
36144,ml,dev_36144
36145,web,dev_36145
36146,ml,dev_36146
36147,web,dev_36147
36148,web,dev_36148
36149,ml,dev_36149
36150,web,dev_36150
36151,web,dev_36151
36152,web,dev_36152
36153,ml,dev_36153
36154,web,dev_36154
36155,web,dev_36155
36156,ml,dev_36156
36157,ml,dev_36157
36158,ml,dev_36158
36159,ml,dev_36159
36160,ml,dev_36160
36161,web,dev_36161
36162,web,dev_36162
36163,ml,dev_36163
36164,ml,dev_36164
36165,web,dev_36165
36166,ml,dev_36166
36167,ml,dev_36167
36168,ml,dev_36168
36169,ml,dev_36169
36170,ml,dev_36170
36171,ml,dev_36171
36172,web,dev_36172
36173,web,dev_36173
36174,ml,dev_36174
36175,ml,dev_36175
36176,ml,dev_36176
36177,web,dev_36177
36178,ml,dev_36178
36179,web,dev_36179
36180,web,dev_36180
36181,ml,dev_36181
36182,web,dev_36182
36183,web,dev_36183
36184,ml,dev_36184
36185,web,dev_36185
36186,ml,dev_36186
36187,ml,dev_36187
36188,web,dev_36188
36189,web,dev_36189
36190,ml,dev_36190
36191,ml,dev_36191
36192,ml,dev_36192
36193,ml,dev_36193
36194,web,dev_36194
36195,ml,dev_36195
36196,web,dev_36196
36197,web,dev_36197
36198,web,dev_36198
36199,web,dev_36199
36200,web,dev_36200
36201,web,dev_36201
36202,web,dev_36202
36203,web,dev_36203
36204,ml,dev_36204
36205,web,dev_36205
36206,ml,dev_36206
36207,web,dev_36207
36208,web,dev_36208
36209,ml,dev_36209
36210,web,dev_36210
36211,web,dev_36211
36212,web,dev_36212
36213,ml,dev_36213
36214,ml,dev_36214
36215,web,dev_36215
36216,ml,dev_36216
36217,ml,dev_36217
36218,ml,dev_36218
36219,ml,dev_36219
36220,ml,dev_36220
36221,ml,dev_36221
36222,ml,dev_36222
36223,ml,dev_36223
36224,web,dev_36224
36225,ml,dev_36225
36226,web,dev_36226
36227,ml,dev_36227
36228,web,dev_36228
36229,ml,dev_36229
36230,ml,dev_36230
36231,ml,dev_36231
36232,ml,dev_36232
36233,ml,dev_36233
36234,web,dev_36234
36235,web,dev_36235
36236,ml,dev_36236
36237,ml,dev_36237
36238,web,dev_36238
36239,web,dev_36239
36240,ml,dev_36240
36241,ml,dev_36241
36242,ml,dev_36242
36243,web,dev_36243
36244,web,dev_36244
36245,ml,dev_36245
36246,ml,dev_36246
36247,ml,dev_36247
36248,ml,dev_36248
36249,ml,dev_36249
36250,ml,dev_36250
36251,ml,dev_36251
36252,web,dev_36252
36253,ml,dev_36253
36254,web,dev_36254
36255,ml,dev_36255
36256,web,dev_36256
36257,web,dev_36257
36258,ml,dev_36258
36259,web,dev_36259
36260,ml,dev_36260
36261,ml,dev_36261
36262,web,dev_36262
36263,ml,dev_36263
36264,ml,dev_36264
36265,ml,dev_36265
36266,ml,dev_36266
36267,web,dev_36267
36268,web,dev_36268
36269,ml,dev_36269
36270,web,dev_36270
36271,ml,dev_36271
36272,web,dev_36272
36273,ml,dev_36273
36274,web,dev_36274
36275,ml,dev_36275
36276,ml,dev_36276
36277,ml,dev_36277
36278,web,dev_36278
36279,web,dev_36279
36280,ml,dev_36280
36281,web,dev_36281
36282,web,dev_36282
36283,web,dev_36283
36284,ml,dev_36284
36285,ml,dev_36285
36286,web,dev_36286
36287,ml,dev_36287
36288,ml,dev_36288
36289,web,dev_36289
36290,ml,dev_36290
36291,ml,dev_36291
36292,web,dev_36292
36293,ml,dev_36293
36294,web,dev_36294
36295,ml,dev_36295
36296,web,dev_36296
36297,web,dev_36297
36298,ml,dev_36298
36299,web,dev_36299
36300,web,dev_36300
36301,web,dev_36301
36302,web,dev_36302
36303,ml,dev_36303
36304,ml,dev_36304
36305,web,dev_36305
36306,web,dev_36306
36307,web,dev_36307
36308,ml,dev_36308
36309,ml,dev_36309
36310,web,dev_36310
36311,ml,dev_36311
36312,web,dev_36312
36313,ml,dev_36313
36314,web,dev_36314
36315,ml,dev_36315
36316,web,dev_36316
36317,web,dev_36317
36318,ml,dev_36318
36319,ml,dev_36319
36320,web,dev_36320
36321,ml,dev_36321
36322,ml,dev_36322
36323,ml,dev_36323
36324,web,dev_36324
36325,web,dev_36325
36326,web,dev_36326
36327,ml,dev_36327
36328,web,dev_36328
36329,web,dev_36329
36330,web,dev_36330
36331,ml,dev_36331
36332,web,dev_36332
36333,ml,dev_36333
36334,ml,dev_36334
36335,web,dev_36335
36336,ml,dev_36336
36337,ml,dev_36337
36338,ml,dev_36338
36339,ml,dev_36339
36340,web,dev_36340
36341,web,dev_36341
36342,ml,dev_36342
36343,ml,dev_36343
36344,ml,dev_36344
36345,web,dev_36345
36346,ml,dev_36346
36347,ml,dev_36347
36348,ml,dev_36348
36349,web,dev_36349
36350,ml,dev_36350
36351,ml,dev_36351
36352,web,dev_36352
36353,ml,dev_36353
36354,web,dev_36354
36355,web,dev_36355
36356,ml,dev_36356
36357,web,dev_36357
36358,ml,dev_36358
36359,ml,dev_36359
36360,web,dev_36360
36361,web,dev_36361
36362,web,dev_36362
36363,ml,dev_36363
36364,ml,dev_36364
36365,ml,dev_36365
36366,web,dev_36366
36367,ml,dev_36367
36368,web,dev_36368
36369,web,dev_36369
36370,ml,dev_36370
36371,web,dev_36371
36372,web,dev_36372
36373,ml,dev_36373
36374,ml,dev_36374
36375,ml,dev_36375
36376,ml,dev_36376
36377,ml,dev_36377
36378,ml,dev_36378
36379,web,dev_36379
36380,web,dev_36380
36381,ml,dev_36381
36382,web,dev_36382
36383,web,dev_36383
36384,ml,dev_36384
36385,ml,dev_36385
36386,ml,dev_36386
36387,ml,dev_36387
36388,web,dev_36388
36389,web,dev_36389
36390,web,dev_36390
36391,ml,dev_36391
36392,ml,dev_36392
36393,web,dev_36393
36394,web,dev_36394
36395,ml,dev_36395
36396,web,dev_36396
36397,web,dev_36397
36398,ml,dev_36398
36399,ml,dev_36399
36400,web,dev_36400
36401,ml,dev_36401
36402,web,dev_36402
36403,web,dev_36403
36404,ml,dev_36404
36405,ml,dev_36405
36406,web,dev_36406
36407,ml,dev_36407
36408,web,dev_36408
36409,web,dev_36409
36410,web,dev_36410
36411,ml,dev_36411
36412,web,dev_36412
36413,ml,dev_36413
36414,web,dev_36414
36415,ml,dev_36415
36416,web,dev_36416
36417,web,dev_36417
36418,web,dev_36418
36419,ml,dev_36419
36420,web,dev_36420
36421,web,dev_36421
36422,ml,dev_36422
36423,web,dev_36423
36424,web,dev_36424
36425,web,dev_36425
36426,ml,dev_36426
36427,ml,dev_36427
36428,ml,dev_36428
36429,web,dev_36429
36430,ml,dev_36430
36431,web,dev_36431
36432,web,dev_36432
36433,web,dev_36433
36434,ml,dev_36434
36435,ml,dev_36435
36436,ml,dev_36436
36437,ml,dev_36437
36438,ml,dev_36438
36439,ml,dev_36439
36440,web,dev_36440
36441,web,dev_36441
36442,ml,dev_36442
36443,ml,dev_36443
36444,web,dev_36444
36445,web,dev_36445
36446,web,dev_36446
36447,ml,dev_36447
36448,ml,dev_36448
36449,web,dev_36449
36450,ml,dev_36450
36451,web,dev_36451
36452,ml,dev_36452
36453,ml,dev_36453
36454,ml,dev_36454
36455,web,dev_36455
36456,web,dev_36456
36457,web,dev_36457
36458,web,dev_36458
36459,ml,dev_36459
36460,web,dev_36460
36461,ml,dev_36461
36462,web,dev_36462
36463,web,dev_36463
36464,ml,dev_36464
36465,web,dev_36465
36466,ml,dev_36466
36467,web,dev_36467
36468,web,dev_36468
36469,ml,dev_36469
36470,web,dev_36470
36471,ml,dev_36471
36472,web,dev_36472
36473,web,dev_36473
36474,ml,dev_36474
36475,web,dev_36475
36476,ml,dev_36476
36477,ml,dev_36477
36478,web,dev_36478
36479,web,dev_36479
36480,web,dev_36480
36481,web,dev_36481
36482,web,dev_36482
36483,web,dev_36483
36484,web,dev_36484
36485,web,dev_36485
36486,web,dev_36486
36487,web,dev_36487
36488,web,dev_36488
36489,ml,dev_36489
36490,ml,dev_36490
36491,ml,dev_36491
36492,ml,dev_36492
36493,web,dev_36493
36494,web,dev_36494
36495,web,dev_36495
36496,ml,dev_36496
36497,ml,dev_36497
36498,web,dev_36498
36499,ml,dev_36499
36500,web,dev_36500
36501,ml,dev_36501
36502,ml,dev_36502
36503,web,dev_36503
36504,ml,dev_36504
36505,web,dev_36505
36506,ml,dev_36506
36507,web,dev_36507
36508,web,dev_36508
36509,web,dev_36509
36510,web,dev_36510
36511,web,dev_36511
36512,ml,dev_36512
36513,web,dev_36513
36514,web,dev_36514
36515,web,dev_36515
36516,web,dev_36516
36517,web,dev_36517
36518,ml,dev_36518
36519,ml,dev_36519
36520,ml,dev_36520
36521,web,dev_36521
36522,web,dev_36522
36523,ml,dev_36523
36524,web,dev_36524
36525,web,dev_36525
36526,web,dev_36526
36527,web,dev_36527
36528,ml,dev_36528
36529,ml,dev_36529
36530,ml,dev_36530
36531,web,dev_36531
36532,web,dev_36532
36533,ml,dev_36533
36534,web,dev_36534
36535,ml,dev_36535
36536,ml,dev_36536
36537,web,dev_36537
36538,ml,dev_36538
36539,web,dev_36539
36540,web,dev_36540
36541,ml,dev_36541
36542,ml,dev_36542
36543,web,dev_36543
36544,ml,dev_36544
36545,ml,dev_36545
36546,ml,dev_36546
36547,web,dev_36547
36548,web,dev_36548
36549,ml,dev_36549
36550,web,dev_36550
36551,ml,dev_36551
36552,ml,dev_36552
36553,web,dev_36553
36554,web,dev_36554
36555,web,dev_36555
36556,ml,dev_36556
36557,web,dev_36557
36558,ml,dev_36558
36559,ml,dev_36559
36560,ml,dev_36560
36561,web,dev_36561
36562,web,dev_36562
36563,ml,dev_36563
36564,web,dev_36564
36565,web,dev_36565
36566,ml,dev_36566
36567,web,dev_36567
36568,web,dev_36568
36569,web,dev_36569
36570,web,dev_36570
36571,web,dev_36571
36572,web,dev_36572
36573,web,dev_36573
36574,ml,dev_36574
36575,ml,dev_36575
36576,web,dev_36576
36577,ml,dev_36577
36578,web,dev_36578
36579,web,dev_36579
36580,ml,dev_36580
36581,web,dev_36581
36582,ml,dev_36582
36583,ml,dev_36583
36584,ml,dev_36584
36585,ml,dev_36585
36586,web,dev_36586
36587,web,dev_36587
36588,ml,dev_36588
36589,ml,dev_36589
36590,ml,dev_36590
36591,web,dev_36591
36592,ml,dev_36592
36593,web,dev_36593
36594,ml,dev_36594
36595,web,dev_36595
36596,ml,dev_36596
36597,ml,dev_36597
36598,web,dev_36598
36599,web,dev_36599
36600,web,dev_36600
36601,ml,dev_36601
36602,ml,dev_36602
36603,ml,dev_36603
36604,web,dev_36604
36605,ml,dev_36605
36606,web,dev_36606
36607,web,dev_36607
36608,web,dev_36608
36609,ml,dev_36609
36610,ml,dev_36610
36611,ml,dev_36611
36612,ml,dev_36612
36613,web,dev_36613
36614,ml,dev_36614
36615,ml,dev_36615
36616,ml,dev_36616
36617,ml,dev_36617
36618,web,dev_36618
36619,web,dev_36619
36620,ml,dev_36620
36621,ml,dev_36621
36622,ml,dev_36622
36623,ml,dev_36623
36624,ml,dev_36624
36625,ml,dev_36625
36626,ml,dev_36626
36627,web,dev_36627
36628,web,dev_36628
36629,web,dev_36629
36630,web,dev_36630
36631,web,dev_36631
36632,web,dev_36632
36633,ml,dev_36633
36634,ml,dev_36634
36635,ml,dev_36635
36636,web,dev_36636
36637,ml,dev_36637
36638,ml,dev_36638
36639,web,dev_36639
36640,ml,dev_36640
36641,ml,dev_36641
36642,web,dev_36642
36643,ml,dev_36643
36644,ml,dev_36644
36645,web,dev_36645
36646,web,dev_36646
36647,ml,dev_36647
36648,web,dev_36648
36649,web,dev_36649
36650,web,dev_36650
36651,web,dev_36651
36652,web,dev_36652
36653,ml,dev_36653
36654,web,dev_36654
36655,ml,dev_36655
36656,ml,dev_36656
36657,web,dev_36657
36658,web,dev_36658
36659,ml,dev_36659
36660,web,dev_36660
36661,web,dev_36661
36662,ml,dev_36662
36663,web,dev_36663
36664,web,dev_36664
36665,ml,dev_36665
36666,web,dev_36666
36667,web,dev_36667
36668,ml,dev_36668
36669,ml,dev_36669
36670,web,dev_36670
36671,web,dev_36671
36672,ml,dev_36672
36673,ml,dev_36673
36674,ml,dev_36674
36675,web,dev_36675
36676,web,dev_36676
36677,web,dev_36677
36678,web,dev_36678
36679,web,dev_36679
36680,ml,dev_36680
36681,web,dev_36681
36682,ml,dev_36682
36683,web,dev_36683
36684,web,dev_36684
36685,ml,dev_36685
36686,web,dev_36686
36687,ml,dev_36687
36688,web,dev_36688
36689,web,dev_36689
36690,ml,dev_36690
36691,web,dev_36691
36692,ml,dev_36692
36693,ml,dev_36693
36694,ml,dev_36694
36695,ml,dev_36695
36696,web,dev_36696
36697,ml,dev_36697
36698,ml,dev_36698
36699,ml,dev_36699
36700,web,dev_36700
36701,ml,dev_36701
36702,ml,dev_36702
36703,web,dev_36703
36704,web,dev_36704
36705,ml,dev_36705
36706,ml,dev_36706
36707,ml,dev_36707
36708,web,dev_36708
36709,web,dev_36709
36710,ml,dev_36710
36711,web,dev_36711
36712,web,dev_36712
36713,ml,dev_36713
36714,ml,dev_36714
36715,ml,dev_36715
36716,web,dev_36716
36717,web,dev_36717
36718,ml,dev_36718
36719,web,dev_36719
36720,ml,dev_36720
36721,ml,dev_36721
36722,ml,dev_36722
36723,web,dev_36723
36724,ml,dev_36724
36725,web,dev_36725
36726,web,dev_36726
36727,ml,dev_36727
36728,web,dev_36728
36729,ml,dev_36729
36730,ml,dev_36730
36731,ml,dev_36731
36732,ml,dev_36732
36733,web,dev_36733
36734,ml,dev_36734
36735,web,dev_36735
36736,ml,dev_36736
36737,ml,dev_36737
36738,web,dev_36738
36739,ml,dev_36739
36740,web,dev_36740
36741,web,dev_36741
36742,web,dev_36742
36743,web,dev_36743
36744,web,dev_36744
36745,web,dev_36745
36746,ml,dev_36746
36747,ml,dev_36747
36748,web,dev_36748
36749,web,dev_36749
36750,web,dev_36750
36751,ml,dev_36751
36752,web,dev_36752
36753,ml,dev_36753
36754,web,dev_36754
36755,web,dev_36755
36756,web,dev_36756
36757,web,dev_36757
36758,ml,dev_36758
36759,ml,dev_36759
36760,ml,dev_36760
36761,ml,dev_36761
36762,web,dev_36762
36763,ml,dev_36763
36764,ml,dev_36764
36765,ml,dev_36765
36766,ml,dev_36766
36767,web,dev_36767
36768,web,dev_36768
36769,web,dev_36769
36770,web,dev_36770
36771,ml,dev_36771
36772,web,dev_36772
36773,ml,dev_36773
36774,web,dev_36774
36775,web,dev_36775
36776,ml,dev_36776
36777,web,dev_36777
36778,ml,dev_36778
36779,ml,dev_36779
36780,ml,dev_36780
36781,ml,dev_36781
36782,web,dev_36782
36783,ml,dev_36783
36784,web,dev_36784
36785,ml,dev_36785
36786,ml,dev_36786
36787,web,dev_36787
36788,web,dev_36788
36789,ml,dev_36789
36790,web,dev_36790
36791,web,dev_36791
36792,web,dev_36792
36793,web,dev_36793
36794,web,dev_36794
36795,ml,dev_36795
36796,ml,dev_36796
36797,web,dev_36797
36798,ml,dev_36798
36799,web,dev_36799
36800,web,dev_36800
36801,ml,dev_36801
36802,web,dev_36802
36803,ml,dev_36803
36804,web,dev_36804
36805,ml,dev_36805
36806,web,dev_36806
36807,ml,dev_36807
36808,web,dev_36808
36809,web,dev_36809
36810,ml,dev_36810
36811,web,dev_36811
36812,ml,dev_36812
36813,ml,dev_36813
36814,ml,dev_36814
36815,web,dev_36815
36816,web,dev_36816
36817,web,dev_36817
36818,web,dev_36818
36819,ml,dev_36819
36820,web,dev_36820
36821,ml,dev_36821
36822,ml,dev_36822
36823,web,dev_36823
36824,web,dev_36824
36825,ml,dev_36825
36826,web,dev_36826
36827,web,dev_36827
36828,web,dev_36828
36829,web,dev_36829
36830,ml,dev_36830
36831,ml,dev_36831
36832,ml,dev_36832
36833,ml,dev_36833
36834,ml,dev_36834
36835,web,dev_36835
36836,web,dev_36836
36837,web,dev_36837
36838,ml,dev_36838
36839,ml,dev_36839
36840,web,dev_36840
36841,web,dev_36841
36842,web,dev_36842
36843,ml,dev_36843
36844,web,dev_36844
36845,ml,dev_36845
36846,ml,dev_36846
36847,web,dev_36847
36848,ml,dev_36848
36849,web,dev_36849
36850,ml,dev_36850
36851,web,dev_36851
36852,web,dev_36852
36853,web,dev_36853
36854,ml,dev_36854
36855,web,dev_36855
36856,ml,dev_36856
36857,ml,dev_36857
36858,ml,dev_36858
36859,web,dev_36859
36860,ml,dev_36860
36861,web,dev_36861
36862,web,dev_36862
36863,web,dev_36863
36864,web,dev_36864
36865,web,dev_36865
36866,ml,dev_36866
36867,web,dev_36867
36868,ml,dev_36868
36869,ml,dev_36869
36870,web,dev_36870
36871,ml,dev_36871
36872,web,dev_36872
36873,ml,dev_36873
36874,ml,dev_36874
36875,ml,dev_36875
36876,ml,dev_36876
36877,ml,dev_36877
36878,web,dev_36878
36879,web,dev_36879
36880,web,dev_36880
36881,web,dev_36881
36882,ml,dev_36882
36883,ml,dev_36883
36884,web,dev_36884
36885,ml,dev_36885
36886,web,dev_36886
36887,ml,dev_36887
36888,web,dev_36888
36889,ml,dev_36889
36890,web,dev_36890
36891,ml,dev_36891
36892,ml,dev_36892
36893,ml,dev_36893
36894,web,dev_36894
36895,ml,dev_36895
36896,ml,dev_36896
36897,web,dev_36897
36898,web,dev_36898
36899,ml,dev_36899
36900,ml,dev_36900
36901,ml,dev_36901
36902,ml,dev_36902
36903,web,dev_36903
36904,ml,dev_36904
36905,ml,dev_36905
36906,web,dev_36906
36907,web,dev_36907
36908,web,dev_36908
36909,ml,dev_36909
36910,web,dev_36910
36911,ml,dev_36911
36912,web,dev_36912
36913,ml,dev_36913
36914,ml,dev_36914
36915,ml,dev_36915
36916,web,dev_36916
36917,web,dev_36917
36918,web,dev_36918
36919,web,dev_36919
36920,ml,dev_36920
36921,ml,dev_36921
36922,web,dev_36922
36923,web,dev_36923
36924,ml,dev_36924
36925,ml,dev_36925
36926,web,dev_36926
36927,web,dev_36927
36928,web,dev_36928
36929,ml,dev_36929
36930,web,dev_36930
36931,ml,dev_36931
36932,web,dev_36932
36933,web,dev_36933
36934,ml,dev_36934
36935,ml,dev_36935
36936,ml,dev_36936
36937,ml,dev_36937
36938,ml,dev_36938
36939,ml,dev_36939
36940,web,dev_36940
36941,web,dev_36941
36942,ml,dev_36942
36943,web,dev_36943
36944,web,dev_36944
36945,ml,dev_36945
36946,web,dev_36946
36947,web,dev_36947
36948,web,dev_36948
36949,web,dev_36949
36950,ml,dev_36950
36951,ml,dev_36951
36952,ml,dev_36952
36953,ml,dev_36953
36954,web,dev_36954
36955,web,dev_36955
36956,ml,dev_36956
36957,ml,dev_36957
36958,web,dev_36958
36959,web,dev_36959
36960,web,dev_36960
36961,web,dev_36961
36962,web,dev_36962
36963,ml,dev_36963
36964,ml,dev_36964
36965,web,dev_36965
36966,web,dev_36966
36967,web,dev_36967
36968,web,dev_36968
36969,ml,dev_36969
36970,ml,dev_36970
36971,web,dev_36971
36972,web,dev_36972
36973,web,dev_36973
36974,ml,dev_36974
36975,web,dev_36975
36976,ml,dev_36976
36977,web,dev_36977
36978,web,dev_36978
36979,web,dev_36979
36980,ml,dev_36980
36981,ml,dev_36981
36982,web,dev_36982
36983,web,dev_36983
36984,ml,dev_36984
36985,ml,dev_36985
36986,web,dev_36986
36987,ml,dev_36987
36988,ml,dev_36988
36989,web,dev_36989
36990,ml,dev_36990
36991,web,dev_36991
36992,ml,dev_36992
36993,web,dev_36993
36994,web,dev_36994
36995,web,dev_36995
36996,ml,dev_36996
36997,web,dev_36997
36998,web,dev_36998
36999,ml,dev_36999
37000,web,dev_37000
37001,ml,dev_37001
37002,ml,dev_37002
37003,ml,dev_37003
37004,ml,dev_37004
37005,ml,dev_37005
37006,web,dev_37006
37007,web,dev_37007
37008,web,dev_37008
37009,ml,dev_37009
37010,web,dev_37010
37011,web,dev_37011
37012,web,dev_37012
37013,web,dev_37013
37014,web,dev_37014
37015,ml,dev_37015
37016,web,dev_37016
37017,web,dev_37017
37018,web,dev_37018
37019,ml,dev_37019
37020,ml,dev_37020
37021,web,dev_37021
37022,web,dev_37022
37023,web,dev_37023
37024,web,dev_37024
37025,ml,dev_37025
37026,web,dev_37026
37027,ml,dev_37027
37028,web,dev_37028
37029,web,dev_37029
37030,web,dev_37030
37031,ml,dev_37031
37032,web,dev_37032
37033,ml,dev_37033
37034,ml,dev_37034
37035,ml,dev_37035
37036,ml,dev_37036
37037,ml,dev_37037
37038,ml,dev_37038
37039,ml,dev_37039
37040,web,dev_37040
37041,web,dev_37041
37042,web,dev_37042
37043,ml,dev_37043
37044,web,dev_37044
37045,ml,dev_37045
37046,ml,dev_37046
37047,web,dev_37047
37048,web,dev_37048
37049,web,dev_37049
37050,ml,dev_37050
37051,web,dev_37051
37052,web,dev_37052
37053,ml,dev_37053
37054,web,dev_37054
37055,web,dev_37055
37056,web,dev_37056
37057,web,dev_37057
37058,ml,dev_37058
37059,web,dev_37059
37060,ml,dev_37060
37061,ml,dev_37061
37062,web,dev_37062
37063,web,dev_37063
37064,ml,dev_37064
37065,ml,dev_37065
37066,web,dev_37066
37067,web,dev_37067
37068,ml,dev_37068
37069,web,dev_37069
37070,ml,dev_37070
37071,web,dev_37071
37072,ml,dev_37072
37073,ml,dev_37073
37074,ml,dev_37074
37075,web,dev_37075
37076,ml,dev_37076
37077,ml,dev_37077
37078,web,dev_37078
37079,web,dev_37079
37080,web,dev_37080
37081,ml,dev_37081
37082,ml,dev_37082
37083,web,dev_37083
37084,web,dev_37084
37085,web,dev_37085
37086,ml,dev_37086
37087,web,dev_37087
37088,web,dev_37088
37089,web,dev_37089
37090,ml,dev_37090
37091,ml,dev_37091
37092,ml,dev_37092
37093,web,dev_37093
37094,web,dev_37094
37095,web,dev_37095
37096,ml,dev_37096
37097,web,dev_37097
37098,web,dev_37098
37099,ml,dev_37099
37100,web,dev_37100
37101,web,dev_37101
37102,ml,dev_37102
37103,ml,dev_37103
37104,ml,dev_37104
37105,web,dev_37105
37106,ml,dev_37106
37107,ml,dev_37107
37108,ml,dev_37108
37109,web,dev_37109
37110,web,dev_37110
37111,web,dev_37111
37112,ml,dev_37112
37113,web,dev_37113
37114,ml,dev_37114
37115,web,dev_37115
37116,web,dev_37116
37117,ml,dev_37117
37118,ml,dev_37118
37119,web,dev_37119
37120,ml,dev_37120
37121,web,dev_37121
37122,ml,dev_37122
37123,web,dev_37123
37124,web,dev_37124
37125,ml,dev_37125
37126,ml,dev_37126
37127,ml,dev_37127
37128,web,dev_37128
37129,web,dev_37129
37130,web,dev_37130
37131,ml,dev_37131
37132,ml,dev_37132
37133,ml,dev_37133
37134,ml,dev_37134
37135,web,dev_37135
37136,web,dev_37136
37137,ml,dev_37137
37138,ml,dev_37138
37139,ml,dev_37139
37140,web,dev_37140
37141,web,dev_37141
37142,ml,dev_37142
37143,ml,dev_37143
37144,ml,dev_37144
37145,web,dev_37145
37146,ml,dev_37146
37147,ml,dev_37147
37148,web,dev_37148
37149,ml,dev_37149
37150,web,dev_37150
37151,web,dev_37151
37152,ml,dev_37152
37153,ml,dev_37153
37154,web,dev_37154
37155,ml,dev_37155
37156,web,dev_37156
37157,ml,dev_37157
37158,ml,dev_37158
37159,ml,dev_37159
37160,web,dev_37160
37161,web,dev_37161
37162,ml,dev_37162
37163,ml,dev_37163
37164,web,dev_37164
37165,ml,dev_37165
37166,web,dev_37166
37167,ml,dev_37167
37168,ml,dev_37168
37169,web,dev_37169
37170,ml,dev_37170
37171,ml,dev_37171
37172,ml,dev_37172
37173,ml,dev_37173
37174,ml,dev_37174
37175,web,dev_37175
37176,web,dev_37176
37177,web,dev_37177
37178,ml,dev_37178
37179,ml,dev_37179
37180,ml,dev_37180
37181,ml,dev_37181
37182,ml,dev_37182
37183,ml,dev_37183
37184,web,dev_37184
37185,web,dev_37185
37186,web,dev_37186
37187,web,dev_37187
37188,web,dev_37188
37189,web,dev_37189
37190,ml,dev_37190
37191,web,dev_37191
37192,web,dev_37192
37193,ml,dev_37193
37194,web,dev_37194
37195,web,dev_37195
37196,web,dev_37196
37197,web,dev_37197
37198,ml,dev_37198
37199,web,dev_37199
37200,web,dev_37200
37201,ml,dev_37201
37202,ml,dev_37202
37203,ml,dev_37203
37204,ml,dev_37204
37205,ml,dev_37205
37206,web,dev_37206
37207,ml,dev_37207
37208,web,dev_37208
37209,ml,dev_37209
37210,ml,dev_37210
37211,ml,dev_37211
37212,ml,dev_37212
37213,web,dev_37213
37214,ml,dev_37214
37215,web,dev_37215
37216,ml,dev_37216
37217,ml,dev_37217
37218,ml,dev_37218
37219,ml,dev_37219
37220,ml,dev_37220
37221,web,dev_37221
37222,ml,dev_37222
37223,web,dev_37223
37224,web,dev_37224
37225,ml,dev_37225
37226,ml,dev_37226
37227,ml,dev_37227
37228,ml,dev_37228
37229,ml,dev_37229
37230,web,dev_37230
37231,web,dev_37231
37232,web,dev_37232
37233,ml,dev_37233
37234,ml,dev_37234
37235,ml,dev_37235
37236,ml,dev_37236
37237,ml,dev_37237
37238,web,dev_37238
37239,ml,dev_37239
37240,ml,dev_37240
37241,ml,dev_37241
37242,ml,dev_37242
37243,web,dev_37243
37244,ml,dev_37244
37245,ml,dev_37245
37246,ml,dev_37246
37247,ml,dev_37247
37248,ml,dev_37248
37249,ml,dev_37249
37250,web,dev_37250
37251,web,dev_37251
37252,web,dev_37252
37253,ml,dev_37253
37254,ml,dev_37254
37255,ml,dev_37255
37256,ml,dev_37256
37257,web,dev_37257
37258,ml,dev_37258
37259,ml,dev_37259
37260,ml,dev_37260
37261,web,dev_37261
37262,web,dev_37262
37263,ml,dev_37263
37264,ml,dev_37264
37265,ml,dev_37265
37266,web,dev_37266
37267,web,dev_37267
37268,web,dev_37268
37269,ml,dev_37269
37270,web,dev_37270
37271,ml,dev_37271
37272,web,dev_37272
37273,web,dev_37273
37274,web,dev_37274
37275,ml,dev_37275
37276,web,dev_37276
37277,web,dev_37277
37278,ml,dev_37278
37279,ml,dev_37279
37280,web,dev_37280
37281,ml,dev_37281
37282,web,dev_37282
37283,ml,dev_37283
37284,web,dev_37284
37285,ml,dev_37285
37286,ml,dev_37286
37287,ml,dev_37287
37288,web,dev_37288
37289,web,dev_37289
37290,web,dev_37290
37291,web,dev_37291
37292,web,dev_37292
37293,web,dev_37293
37294,web,dev_37294
37295,ml,dev_37295
37296,ml,dev_37296
37297,ml,dev_37297
37298,ml,dev_37298
37299,web,dev_37299
37300,web,dev_37300
37301,ml,dev_37301
37302,ml,dev_37302
37303,ml,dev_37303
37304,ml,dev_37304
37305,ml,dev_37305
37306,web,dev_37306
37307,web,dev_37307
37308,ml,dev_37308
37309,web,dev_37309
37310,web,dev_37310
37311,ml,dev_37311
37312,web,dev_37312
37313,web,dev_37313
37314,web,dev_37314
37315,web,dev_37315
37316,ml,dev_37316
37317,ml,dev_37317
37318,web,dev_37318
37319,web,dev_37319
37320,web,dev_37320
37321,ml,dev_37321
37322,web,dev_37322
37323,ml,dev_37323
37324,web,dev_37324
37325,ml,dev_37325
37326,web,dev_37326
37327,web,dev_37327
37328,web,dev_37328
37329,ml,dev_37329
37330,web,dev_37330
37331,ml,dev_37331
37332,ml,dev_37332
37333,ml,dev_37333
37334,web,dev_37334
37335,web,dev_37335
37336,ml,dev_37336
37337,ml,dev_37337
37338,ml,dev_37338
37339,ml,dev_37339
37340,web,dev_37340
37341,web,dev_37341
37342,ml,dev_37342
37343,ml,dev_37343
37344,ml,dev_37344
37345,web,dev_37345
37346,web,dev_37346
37347,web,dev_37347
37348,web,dev_37348
37349,web,dev_37349
37350,web,dev_37350
37351,web,dev_37351
37352,web,dev_37352
37353,web,dev_37353
37354,ml,dev_37354
37355,web,dev_37355
37356,ml,dev_37356
37357,web,dev_37357
37358,ml,dev_37358
37359,web,dev_37359
37360,web,dev_37360
37361,ml,dev_37361
37362,ml,dev_37362
37363,ml,dev_37363
37364,web,dev_37364
37365,ml,dev_37365
37366,ml,dev_37366
37367,ml,dev_37367
37368,ml,dev_37368
37369,web,dev_37369
37370,ml,dev_37370
37371,web,dev_37371
37372,ml,dev_37372
37373,ml,dev_37373
37374,ml,dev_37374
37375,web,dev_37375
37376,ml,dev_37376
37377,ml,dev_37377
37378,web,dev_37378
37379,ml,dev_37379
37380,ml,dev_37380
37381,web,dev_37381
37382,ml,dev_37382
37383,ml,dev_37383
37384,web,dev_37384
37385,web,dev_37385
37386,web,dev_37386
37387,ml,dev_37387
37388,ml,dev_37388
37389,ml,dev_37389
37390,web,dev_37390
37391,ml,dev_37391
37392,web,dev_37392
37393,web,dev_37393
37394,web,dev_37394
37395,ml,dev_37395
37396,ml,dev_37396
37397,ml,dev_37397
37398,web,dev_37398
37399,ml,dev_37399
37400,ml,dev_37400
37401,web,dev_37401
37402,ml,dev_37402
37403,web,dev_37403
37404,ml,dev_37404
37405,ml,dev_37405
37406,web,dev_37406
37407,ml,dev_37407
37408,ml,dev_37408
37409,web,dev_37409
37410,ml,dev_37410
37411,web,dev_37411
37412,ml,dev_37412
37413,web,dev_37413
37414,web,dev_37414
37415,web,dev_37415
37416,web,dev_37416
37417,web,dev_37417
37418,web,dev_37418
37419,ml,dev_37419
37420,web,dev_37420
37421,web,dev_37421
37422,ml,dev_37422
37423,ml,dev_37423
37424,web,dev_37424
37425,web,dev_37425
37426,ml,dev_37426
37427,ml,dev_37427
37428,web,dev_37428
37429,web,dev_37429
37430,ml,dev_37430
37431,ml,dev_37431
37432,ml,dev_37432
37433,web,dev_37433
37434,web,dev_37434
37435,web,dev_37435
37436,web,dev_37436
37437,ml,dev_37437
37438,ml,dev_37438
37439,ml,dev_37439
37440,ml,dev_37440
37441,web,dev_37441
37442,web,dev_37442
37443,ml,dev_37443
37444,web,dev_37444
37445,ml,dev_37445
37446,ml,dev_37446
37447,web,dev_37447
37448,web,dev_37448
37449,web,dev_37449
37450,web,dev_37450
37451,ml,dev_37451
37452,ml,dev_37452
37453,web,dev_37453
37454,ml,dev_37454
37455,web,dev_37455
37456,ml,dev_37456
37457,ml,dev_37457
37458,web,dev_37458
37459,ml,dev_37459
37460,web,dev_37460
37461,ml,dev_37461
37462,web,dev_37462
37463,ml,dev_37463
37464,web,dev_37464
37465,web,dev_37465
37466,ml,dev_37466
37467,web,dev_37467
37468,web,dev_37468
37469,web,dev_37469
37470,ml,dev_37470
37471,ml,dev_37471
37472,web,dev_37472
37473,web,dev_37473
37474,web,dev_37474
37475,ml,dev_37475
37476,ml,dev_37476
37477,ml,dev_37477
37478,ml,dev_37478
37479,ml,dev_37479
37480,web,dev_37480
37481,web,dev_37481
37482,ml,dev_37482
37483,web,dev_37483
37484,ml,dev_37484
37485,ml,dev_37485
37486,ml,dev_37486
37487,web,dev_37487
37488,ml,dev_37488
37489,web,dev_37489
37490,web,dev_37490
37491,ml,dev_37491
37492,ml,dev_37492
37493,ml,dev_37493
37494,web,dev_37494
37495,ml,dev_37495
37496,ml,dev_37496
37497,ml,dev_37497
37498,ml,dev_37498
37499,ml,dev_37499
37500,ml,dev_37500
37501,ml,dev_37501
37502,web,dev_37502
37503,web,dev_37503
37504,ml,dev_37504
37505,ml,dev_37505
37506,ml,dev_37506
37507,ml,dev_37507
37508,ml,dev_37508
37509,web,dev_37509
37510,web,dev_37510
37511,web,dev_37511
37512,web,dev_37512
37513,ml,dev_37513
37514,ml,dev_37514
37515,web,dev_37515
37516,web,dev_37516
37517,ml,dev_37517
37518,web,dev_37518
37519,ml,dev_37519
37520,ml,dev_37520
37521,ml,dev_37521
37522,ml,dev_37522
37523,web,dev_37523
37524,ml,dev_37524
37525,ml,dev_37525
37526,web,dev_37526
37527,web,dev_37527
37528,web,dev_37528
37529,ml,dev_37529
37530,web,dev_37530
37531,ml,dev_37531
37532,ml,dev_37532
37533,web,dev_37533
37534,ml,dev_37534
37535,web,dev_37535
37536,ml,dev_37536
37537,web,dev_37537
37538,web,dev_37538
37539,ml,dev_37539
37540,web,dev_37540
37541,ml,dev_37541
37542,ml,dev_37542
37543,web,dev_37543
37544,ml,dev_37544
37545,web,dev_37545
37546,ml,dev_37546
37547,ml,dev_37547
37548,ml,dev_37548
37549,ml,dev_37549
37550,web,dev_37550
37551,web,dev_37551
37552,web,dev_37552
37553,web,dev_37553
37554,web,dev_37554
37555,ml,dev_37555
37556,web,dev_37556
37557,ml,dev_37557
37558,web,dev_37558
37559,web,dev_37559
37560,web,dev_37560
37561,ml,dev_37561
37562,ml,dev_37562
37563,ml,dev_37563
37564,web,dev_37564
37565,ml,dev_37565
37566,web,dev_37566
37567,web,dev_37567
37568,ml,dev_37568
37569,web,dev_37569
37570,web,dev_37570
37571,ml,dev_37571
37572,web,dev_37572
37573,ml,dev_37573
37574,ml,dev_37574
37575,web,dev_37575
37576,web,dev_37576
37577,web,dev_37577
37578,ml,dev_37578
37579,web,dev_37579
37580,ml,dev_37580
37581,ml,dev_37581
37582,web,dev_37582
37583,web,dev_37583
37584,web,dev_37584
37585,ml,dev_37585
37586,ml,dev_37586
37587,web,dev_37587
37588,ml,dev_37588
37589,web,dev_37589
37590,ml,dev_37590
37591,web,dev_37591
37592,web,dev_37592
37593,ml,dev_37593
37594,ml,dev_37594
37595,web,dev_37595
37596,web,dev_37596
37597,web,dev_37597
37598,web,dev_37598
37599,web,dev_37599
37600,web,dev_37600
37601,web,dev_37601
37602,ml,dev_37602
37603,ml,dev_37603
37604,ml,dev_37604
37605,ml,dev_37605
37606,ml,dev_37606
37607,ml,dev_37607
37608,ml,dev_37608
37609,web,dev_37609
37610,ml,dev_37610
37611,ml,dev_37611
37612,ml,dev_37612
37613,ml,dev_37613
37614,web,dev_37614
37615,web,dev_37615
37616,web,dev_37616
37617,web,dev_37617
37618,web,dev_37618
37619,ml,dev_37619
37620,ml,dev_37620
37621,web,dev_37621
37622,ml,dev_37622
37623,web,dev_37623
37624,ml,dev_37624
37625,web,dev_37625
37626,ml,dev_37626
37627,ml,dev_37627
37628,web,dev_37628
37629,web,dev_37629
37630,ml,dev_37630
37631,ml,dev_37631
37632,web,dev_37632
37633,web,dev_37633
37634,web,dev_37634
37635,web,dev_37635
37636,web,dev_37636
37637,ml,dev_37637
37638,ml,dev_37638
37639,web,dev_37639
37640,web,dev_37640
37641,ml,dev_37641
37642,ml,dev_37642
37643,web,dev_37643
37644,ml,dev_37644
37645,ml,dev_37645
37646,web,dev_37646
37647,ml,dev_37647
37648,web,dev_37648
37649,ml,dev_37649
37650,ml,dev_37650
37651,web,dev_37651
37652,ml,dev_37652
37653,web,dev_37653
37654,web,dev_37654
37655,ml,dev_37655
37656,ml,dev_37656
37657,ml,dev_37657
37658,web,dev_37658
37659,ml,dev_37659
37660,web,dev_37660
37661,web,dev_37661
37662,web,dev_37662
37663,web,dev_37663
37664,ml,dev_37664
37665,web,dev_37665
37666,web,dev_37666
37667,ml,dev_37667
37668,ml,dev_37668
37669,ml,dev_37669
37670,ml,dev_37670
37671,ml,dev_37671
37672,ml,dev_37672
37673,ml,dev_37673
37674,web,dev_37674
37675,web,dev_37675
37676,web,dev_37676
37677,web,dev_37677
37678,ml,dev_37678
37679,ml,dev_37679
37680,web,dev_37680
37681,ml,dev_37681
37682,ml,dev_37682
37683,ml,dev_37683
37684,web,dev_37684
37685,web,dev_37685
37686,web,dev_37686
37687,web,dev_37687
37688,web,dev_37688
37689,web,dev_37689
37690,ml,dev_37690
37691,ml,dev_37691
37692,web,dev_37692
37693,ml,dev_37693
37694,web,dev_37694
37695,web,dev_37695
37696,web,dev_37696
37697,web,dev_37697
37698,web,dev_37698
37699,web,dev_37699
